model,row_index,actual,predicted
Модель 1: исходные признаки,8496,262300.0,307141.96045364253
Модель 1: исходные признаки,16161,446900.0,249306.5015921292
Модель 1: исходные признаки,14434,350000.0,178184.49710832056
Модель 1: исходные признаки,7651,262500.0,154865.85331956917
Модель 1: исходные признаки,4609,158000.0,235969.24540042126
Модель 1: исходные признаки,15222,104500.0,143817.32029744048
Модель 1: исходные признаки,15634,72900.0,115639.0569091093
Модель 1: исходные признаки,972,120600.0,180704.43516723075
Модель 1: исходные признаки,11661,63000.0,-22293.393386637836
Модель 1: исходные признаки,7721,362500.0,222854.75070189557
Модель 1: исходные признаки,9166,126600.0,146398.8972517111
Модель 1: исходные признаки,405,95900.0,144553.86928576854
Модель 1: исходные признаки,11562,59000.0,100548.18182607797
Модель 1: исходные признаки,11700,117600.0,135177.10569067407
Модель 1: исходные признаки,1794,299600.0,260303.90741774166
Модель 1: исходные признаки,1596,137200.0,190311.4966153275
Модель 1: исходные признаки,15885,250300.0,261418.75633436642
Модель 1: исходные признаки,9989,81100.0,128812.02814199179
Модель 1: исходные признаки,3901,239200.0,269329.7418611117
Модель 1: исходные признаки,4937,400000.0,276979.36649214796
Модель 1: исходные признаки,9431,54700.0,101883.73323475906
Модель 1: исходные признаки,4837,227300.0,303038.35742808983
Модель 1: исходные признаки,12840,210000.0,155750.69387934278
Модель 1: исходные признаки,3378,187500.0,192641.86024124763
Модель 1: исходные признаки,10635,118300.0,115388.71000430505
Модель 1: исходные признаки,7344,500001.0,405079.8699151634
Модель 1: исходные признаки,3457,183500.0,162778.34529612242
Модель 1: исходные признаки,14761,319300.0,380084.3542873307
Модель 1: исходные признаки,2342,112900.0,117506.5354866521
Модель 1: исходные признаки,13853,327700.0,284099.23389603046
Модель 1: исходные признаки,1994,134500.0,213698.3905694948
Модель 1: исходные признаки,10225,268800.0,345398.73079034826
Модель 1: исходные признаки,4403,437400.0,312701.77947546425
Модель 1: исходные признаки,9613,104700.0,152340.4033681322
Модель 1: исходные признаки,4698,270500.0,223026.76950920088
Модель 1: исходные признаки,13162,184900.0,160533.24143855236
Модель 1: исходные признаки,4682,401700.0,450118.18572038127
Модель 1: исходные признаки,10364,138100.0,129823.40737178591
Модель 1: исходные признаки,15378,298100.0,296100.3360702346
Модель 1: исходные признаки,8968,280200.0,260509.00636692668
Модель 1: исходные признаки,6907,215600.0,303661.9524926745
Модель 1: исходные признаки,10114,144700.0,232805.9901940467
Модель 1: исходные признаки,6218,90000.0,107968.77299207289
Модель 1: исходные признаки,7882,500001.0,685537.7869962058
Модель 1: исходные признаки,15502,186900.0,192551.28423967544
Модель 1: исходные признаки,3439,201300.0,155026.63508487577
Модель 1: исходные признаки,9956,283200.0,287991.48306428036
Модель 1: исходные признаки,11783,99100.0,156539.4058049893
Модель 1: исходные признаки,9085,59500.0,117839.03397019462
Модель 1: исходные признаки,16687,248600.0,255160.41311775215
Модель 1: исходные признаки,10249,90400.0,36853.86023777136
Модель 1: исходные признаки,7648,179800.0,268033.53018695937
Модель 1: исходные признаки,15641,500001.0,517737.27820950106
Модель 1: исходные признаки,13976,254200.0,305349.538662379
Модель 1: исходные признаки,11847,134100.0,184545.31963315245
Модель 1: исходные признаки,7504,242000.0,197806.12858454752
Модель 1: исходные признаки,5546,112500.0,124924.58043814097
Модель 1: исходные признаки,14461,500001.0,354592.9268820008
Модель 1: исходные признаки,9900,335000.0,240591.79345198747
Модель 1: исходные признаки,11577,112900.0,135634.3451584873
Модель 1: исходные признаки,16802,214900.0,262292.3288884736
Модель 1: исходные признаки,8428,285000.0,190020.5625117757
Модель 1: исходные признаки,11907,185700.0,205783.75323754305
Модель 1: исходные признаки,1057,191100.0,256889.5055647655
Модель 1: исходные признаки,3668,186500.0,196632.95240169708
Модель 1: исходные признаки,8256,69700.0,119465.19062975803
Модель 1: исходные признаки,8235,357600.0,222533.73976343786
Модель 1: исходные признаки,4337,429200.0,274966.85293196933
Модель 1: исходные признаки,1870,122100.0,106483.17852265696
Модель 1: исходные признаки,8166,302900.0,261360.38375934598
Модель 1: исходные признаки,5447,156300.0,193222.6482013554
Модель 1: исходные признаки,1279,77300.0,124142.70976737862
Модель 1: исходные признаки,12602,172900.0,214195.66951366846
Модель 1: исходные признаки,5714,169300.0,150547.02646077433
Модель 1: исходные признаки,9250,52500.0,45271.369838581275
Модель 1: исходные признаки,14556,475000.0,359671.7384552117
Модель 1: исходные признаки,8073,287500.0,233841.66023400865
Модель 1: исходные признаки,14821,142600.0,194879.1745724143
Модель 1: исходные признаки,11914,87100.0,136884.00178937017
Модель 1: исходные признаки,7812,500001.0,375297.21982757107
Модель 1: исходные признаки,11653,22500.0,79276.40498843088
Модель 1: исходные признаки,7307,137700.0,171228.77919607772
Модель 1: исходные признаки,15530,175000.0,296690.8473489327
Модель 1: исходные признаки,3029,231400.0,200027.2089194611
Модель 1: исходные признаки,10907,71300.0,93253.92989818308
Модель 1: исходные признаки,15355,216700.0,254002.63139491456
Модель 1: исходные признаки,2272,125600.0,168846.04211351246
Модель 1: исходные признаки,10899,200000.0,247174.996981281
Модель 1: исходные признаки,1511,143100.0,176440.7953121251
Модель 1: исходные признаки,2942,266400.0,292841.2891424612
Модель 1: исходные признаки,8311,343100.0,276330.7134926769
Модель 1: исходные признаки,4532,146400.0,178345.57307501737
Модель 1: исходные признаки,3428,190300.0,261843.25543005674
Модель 1: исходные признаки,9898,341800.0,284227.1393171463
Модель 1: исходные признаки,4148,262000.0,230533.5390242796
Модель 1: исходные признаки,9015,254900.0,312499.06719411816
Модель 1: исходные признаки,9040,48000.0,87482.80905010572
Модель 1: исходные признаки,7194,500001.0,690056.6873603541
Модель 1: исходные признаки,9523,160500.0,172121.71832524496
Модель 1: исходные признаки,3134,245700.0,220788.15942988847
Модель 1: исходные признаки,15683,500001.0,370213.48939840344
Модель 1: исходные признаки,3881,240700.0,210566.35008554716
Модель 1: исходные признаки,5385,255900.0,211228.96232349335
Модель 1: исходные признаки,1828,70200.0,92356.227753263
Модель 1: исходные признаки,5616,148800.0,151645.03542523185
Модель 1: исходные признаки,87,63500.0,49767.855242513935
Модель 1: исходные признаки,4619,263000.0,254052.68297033
Модель 1: исходные признаки,14438,330000.0,286049.54904745304
Модель 1: исходные признаки,5377,285500.0,186694.41723274795
Модель 1: исходные признаки,3874,210900.0,212085.12348590593
Модель 1: исходные признаки,16570,191800.0,215753.69621148743
Модель 1: исходные признаки,1858,500001.0,332269.63710589026
Модель 1: исходные признаки,1056,222400.0,215081.91148388473
Модель 1: исходные признаки,13500,236000.0,250642.308947456
Модель 1: исходные признаки,7373,236100.0,205878.9436421424
Модель 1: исходные признаки,14211,242200.0,215924.35789477814
Модель 1: исходные признаки,11644,90600.0,172475.81234703283
Модель 1: исходные признаки,12658,183400.0,272715.7766906184
Модель 1: исходные признаки,2619,207900.0,269603.08574741776
Модель 1: исходные признаки,10378,146900.0,76444.95992746632
Модель 1: исходные признаки,3919,151800.0,139903.04167359305
Модель 1: исходные признаки,10148,60000.0,118475.02032251799
Модель 1: исходные признаки,16142,262000.0,251362.687426566
Модель 1: исходные признаки,11349,143800.0,111666.14279477508
Модель 1: исходные признаки,15823,284100.0,284243.78188051184
Модель 1: исходные признаки,961,95000.0,130127.82723253193
Модель 1: исходные признаки,7795,309200.0,313862.87503012037
Модель 1: исходные признаки,9282,94300.0,200139.4278807785
Модель 1: исходные признаки,13732,368300.0,341600.65546260343
Модель 1: исходные признаки,16983,74600.0,51861.16812823343
Модель 1: исходные признаки,12774,125200.0,137884.22550502932
Модель 1: исходные признаки,8605,500001.0,354211.7784794152
Модель 1: исходные признаки,15474,396900.0,326638.5105827387
Модель 1: исходные признаки,14890,128800.0,125241.24111581918
Модель 1: исходные признаки,338,185300.0,234574.87342446743
Модель 1: исходные признаки,1350,94100.0,74431.40124998157
Модель 1: исходные признаки,7555,230700.0,224585.8024846223
Модель 1: исходные признаки,53,58600.0,40737.65535555344
Модель 1: исходные признаки,9838,418400.0,328170.6330326291
Модель 1: исходные признаки,2280,95300.0,107066.60659491045
Модель 1: исходные признаки,7197,226300.0,175257.73582031557
Модель 1: исходные признаки,4284,212200.0,180847.20865787493
Модель 1: исходные признаки,1613,173200.0,157066.36113984333
Модель 1: исходные признаки,10448,111500.0,131462.18880146008
Модель 1: исходные признаки,16587,168100.0,179128.2494636144
Модель 1: исходные признаки,10156,229200.0,331382.8347071411
Модель 1: исходные признаки,7221,192700.0,300870.7580860529
Модель 1: исходные признаки,11704,87500.0,129211.66026486522
Модель 1: исходные признаки,12120,61000.0,91913.02436314482
Модель 1: исходные признаки,15465,292600.0,262511.850798924
Модель 1: исходные признаки,946,174100.0,261553.74251377943
Модель 1: исходные признаки,3535,266100.0,291615.4435783508
Модель 1: исходные признаки,7301,314900.0,290006.80294215085
Модель 1: исходные признаки,5429,136100.0,132606.65525116213
Модель 1: исходные признаки,2030,85500.0,128079.33170326924
Модель 1: исходные признаки,9359,218000.0,276158.58090485085
Модель 1: исходные признаки,3986,224800.0,298208.8236797359
Модель 1: исходные признаки,9035,137500.0,93141.02550049119
Модель 1: исходные признаки,826,185500.0,180947.66146202743
Модель 1: исходные признаки,2360,139200.0,160694.29687425317
Модель 1: исходные признаки,103,83200.0,125660.6015826964
Модель 1: исходные признаки,841,153300.0,224263.29479709163
Модель 1: исходные признаки,9889,500001.0,387044.5991798982
Модель 1: исходные признаки,4163,208100.0,209762.94690726922
Модель 1: исходные признаки,2317,101600.0,126901.06347017542
Модель 1: исходные признаки,9865,258300.0,231298.34433703034
Модель 1: исходные признаки,10666,94900.0,102224.85654533267
Модель 1: исходные признаки,1210,199100.0,205436.35739421876
Модель 1: исходные признаки,6461,225000.0,236811.28536858768
Модель 1: исходные признаки,1487,83300.0,162008.13362414963
Модель 1: исходные признаки,9206,162500.0,151650.71285341878
Модель 1: исходные признаки,10346,95300.0,152725.8129228413
Модель 1: исходные признаки,3244,216000.0,257234.12788385167
Модель 1: исходные признаки,568,14999.0,-13626.774741831028
Модель 1: исходные признаки,5,74000.0,51598.12360658224
Модель 1: исходные признаки,2396,198800.0,161964.01294296113
Модель 1: исходные признаки,14729,143900.0,235243.8160664145
Модель 1: исходные признаки,10596,207200.0,309013.38265688653
Модель 1: исходные признаки,5819,162000.0,183341.60060567895
Модель 1: исходные признаки,4328,177700.0,143688.82988126497
Модель 1: исходные признаки,13135,179500.0,239105.9785009204
Модель 1: исходные признаки,14792,444500.0,310781.7497156761
Модель 1: исходные признаки,7833,422700.0,382781.0514625998
Модель 1: исходные признаки,7961,500001.0,274565.30696226953
Модель 1: исходные признаки,13695,234600.0,269658.60034581507
Модель 1: исходные признаки,4639,225000.0,198009.3526198435
Модель 1: исходные признаки,6855,100800.0,123355.75079571408
Модель 1: исходные признаки,2138,105100.0,139248.81690335218
Модель 1: исходные признаки,6518,88800.0,134905.1710953042
Модель 1: исходные признаки,13147,231300.0,141319.05269526376
Модель 1: исходные признаки,13875,245000.0,222030.05522914295
Модель 1: исходные признаки,13199,323000.0,307128.77852888254
Модель 1: исходные признаки,2497,240600.0,252196.2102918667
Модель 1: исходные признаки,13374,398500.0,323340.9377118187
Модель 1: исходные признаки,11457,65000.0,81727.74955008281
Модель 1: исходные признаки,3148,296400.0,272773.9890607191
Модель 1: исходные признаки,13072,270300.0,203407.8913851105
Модель 1: исходные признаки,10090,143300.0,239144.89754704744
Модель 1: исходные признаки,11808,105500.0,120919.75823559004
Модель 1: исходные признаки,949,171200.0,234452.95726977556
Модель 1: исходные признаки,5358,192800.0,156682.63631022003
Модель 1: исходные признаки,12424,103800.0,22699.4100736282
Модель 1: исходные признаки,2117,235200.0,343178.2135718036
Модель 1: исходные признаки,1385,187500.0,121039.04871679466
Модель 1: исходные признаки,11982,60000.0,109091.42216789535
Модель 1: исходные признаки,16175,361000.0,287332.7324960728
Модель 1: исходные признаки,388,78500.0,112690.59266114658
Модель 1: исходные признаки,8661,407500.0,263101.17269705323
Модель 1: исходные признаки,5100,156300.0,212828.51417983905
Модель 1: исходные признаки,2073,281300.0,244024.00668724196
Модель 1: исходные признаки,6181,154200.0,88750.5418859142
Модель 1: исходные признаки,7553,295800.0,282040.99991386075
Модель 1: исходные признаки,3246,158500.0,235344.3820537519
Модель 1: исходные признаки,14657,393000.0,354256.28757865
Модель 1: исходные признаки,13030,112500.0,170635.46115418812
Модель 1: исходные признаки,5116,240700.0,248124.2894070415
Модель 1: исходные признаки,8063,450000.0,184626.52271892867
Модель 1: исходные признаки,14703,55000.0,39994.69303516319
Модель 1: исходные признаки,3678,161700.0,232662.07333604342
Модель 1: исходные признаки,9139,72500.0,140466.91964143194
Модель 1: исходные признаки,2131,91300.0,97558.09321082114
Модель 1: исходные признаки,7166,293300.0,223639.71513470038
Модель 1: исходные признаки,8108,159300.0,181748.70701359486
Модель 1: исходные признаки,14396,416500.0,357350.8086583995
Модель 1: исходные признаки,4578,248100.0,215748.94330553996
Модель 1: исходные признаки,8981,113900.0,126811.1231338193
Модель 1: исходные признаки,3030,290300.0,301228.14315150527
Модель 1: исходные признаки,6015,173800.0,194768.09822906894
Модель 1: исходные признаки,4219,311800.0,301893.43122058816
Модель 1: исходные признаки,1776,496400.0,337958.5799666
Модель 1: исходные признаки,5114,256300.0,198724.37502126614
Модель 1: исходные признаки,2743,305600.0,282677.763231828
Модель 1: исходные признаки,13981,241900.0,251469.5555736907
Модель 1: исходные признаки,16940,143400.0,141283.49900015505
Модель 1: исходные признаки,3440,182800.0,194479.82652495676
Модель 1: исходные признаки,14616,157300.0,230162.54254055145
Модель 1: исходные признаки,13004,125000.0,164496.02956893455
Модель 1: исходные признаки,10409,162500.0,57577.54933470008
Модель 1: исходные признаки,942,282200.0,317278.62709037855
Модель 1: исходные признаки,13955,129600.0,211833.76551779886
Модель 1: исходные признаки,8312,325000.0,220724.01412074693
Модель 1: исходные признаки,10661,116100.0,64718.461393847116
Модель 1: исходные признаки,2953,184100.0,201973.22156658486
Модель 1: исходные признаки,14715,263400.0,255079.51327808044
Модель 1: исходные признаки,8972,70600.0,184435.219250903
Модель 1: исходные признаки,7743,442100.0,276373.95462373784
Модель 1: исходные признаки,471,139300.0,127751.90770458891
Модель 1: исходные признаки,11590,112500.0,67198.93138514781
Модель 1: исходные признаки,1194,127100.0,185233.31588873907
Модель 1: исходные признаки,2217,127900.0,197648.71902496272
Модель 1: исходные признаки,41,84700.0,45681.59213832819
Модель 1: исходные признаки,2986,315600.0,277539.0443617879
Модель 1: исходные признаки,12619,253800.0,239264.005202864
Модель 1: исходные признаки,12303,117000.0,105917.71875100915
Модель 1: исходные признаки,4379,213000.0,268849.9051247116
Модель 1: исходные признаки,1611,125900.0,172435.6827325782
Модель 1: исходные признаки,9696,72300.0,123868.42257404726
Модель 1: исходные признаки,13589,126700.0,135717.2323705477
Модель 1: исходные признаки,13582,445900.0,265800.59494922496
Модель 1: исходные признаки,15710,273100.0,206910.8623368368
Модель 1: исходные признаки,9824,387700.0,355526.59606581257
Модель 1: исходные признаки,1506,140700.0,198652.10275062738
Модель 1: исходные признаки,10639,62700.0,19983.259885202195
Модель 1: исходные признаки,3154,296200.0,347650.87725559704
Модель 1: исходные признаки,5521,145800.0,108231.06726492262
Модель 1: исходные признаки,936,171600.0,175475.30338359217
Модель 1: исходные признаки,4486,163300.0,204802.82597651612
Модель 1: исходные признаки,16033,265000.0,245401.81168122764
Модель 1: исходные признаки,288,42500.0,-22938.772545813725
Модель 1: исходные признаки,3434,243400.0,272417.443311293
Модель 1: исходные признаки,16538,75000.0,151983.47233277786
Модель 1: исходные признаки,8688,235100.0,265495.21274834883
Модель 1: исходные признаки,15124,175000.0,65667.89747244735
Модель 1: исходные признаки,8995,194100.0,312164.41160943545
Модель 1: исходные признаки,12285,87900.0,148795.6292359279
Модель 1: исходные признаки,14042,266500.0,268654.7715302154
Модель 1: исходные признаки,8286,478400.0,275523.32611761196
Модель 1: исходные признаки,2285,116500.0,158766.86550933958
Модель 1: исходные признаки,6655,227200.0,175150.07078779823
Модель 1: исходные признаки,2672,95700.0,168537.02344263814
Модель 1: исходные признаки,13350,225600.0,240697.18979259575
Модель 1: исходные признаки,83,86200.0,185308.140189459
Модель 1: исходные признаки,14968,335000.0,273596.3419710825
Модель 1: исходные признаки,16575,292100.0,219797.11442113062
Модель 1: исходные признаки,13619,238700.0,299118.496867741
Модель 1: исходные признаки,1696,284900.0,253247.60519249496
Модель 1: исходные признаки,8536,200300.0,254272.91588567352
Модель 1: исходные признаки,271,172900.0,146419.30263160847
Модель 1: исходные признаки,3694,500001.0,220280.88745800653
Модель 1: исходные признаки,5301,210800.0,272586.50106584013
Модель 1: исходные признаки,5123,108800.0,186612.79948217422
Модель 1: исходные признаки,6893,290500.0,317859.59166315774
Модель 1: исходные признаки,1968,104000.0,113400.89089434675
Модель 1: исходные признаки,5938,153100.0,143984.63277945103
Модель 1: исходные признаки,1154,84100.0,144684.86409429944
Модель 1: исходные признаки,2347,108200.0,172989.60715764013
Модель 1: исходные признаки,297,100000.0,147391.73302407638
Модель 1: исходные признаки,4201,134800.0,235681.8005359711
Модель 1: исходные признаки,4157,382500.0,299390.4475502564
Модель 1: исходные признаки,159,69400.0,101190.39253032322
Модель 1: исходные признаки,3376,225000.0,228183.9529385735
Модель 1: исходные признаки,3431,288700.0,291713.6240337197
Модель 1: исходные признаки,9634,112500.0,85510.78921243343
Модель 1: исходные признаки,3099,235900.0,270345.2277528266
Модель 1: исходные признаки,14941,241700.0,143823.51341102604
Модель 1: исходные признаки,13428,315200.0,263826.7554800088
Модель 1: исходные признаки,13730,178100.0,222643.97024470769
Модель 1: исходные признаки,5090,207400.0,207745.1672015704
Модель 1: исходные признаки,15840,500001.0,462098.18403952854
Модель 1: исходные признаки,11529,191400.0,141865.4581484797
Модель 1: исходные признаки,796,108800.0,90346.81439519531
Модель 1: исходные признаки,10873,116700.0,71505.41689057669
Модель 1: исходные признаки,4117,174200.0,213977.00030337594
Модель 1: исходные признаки,14669,208100.0,249229.82155760826
Модель 1: исходные признаки,14511,500001.0,616375.4042030515
Модель 1: исходные признаки,16678,248300.0,195111.1514576283
Модель 1: исходные признаки,13909,221200.0,243972.12694896065
Модель 1: исходные признаки,6729,107300.0,146616.93999180227
Модель 1: исходные признаки,16904,98100.0,152271.07255286863
Модель 1: исходные признаки,15643,500001.0,469741.52789658454
Модель 1: исходные признаки,15592,104300.0,87242.66607837686
Модель 1: исходные признаки,12694,121000.0,167802.48462207156
Модель 1: исходные признаки,6479,325000.0,136004.36074756566
Модель 1: исходные признаки,14907,452600.0,413211.8802103581
Модель 1: исходные признаки,199,258100.0,306960.1156845956
Модель 1: исходные признаки,256,124100.0,184329.24043624912
Модель 1: исходные признаки,5888,155500.0,154105.4186723225
Модель 1: исходные признаки,6676,254200.0,212439.71127058382
Модель 1: исходные признаки,11338,390800.0,107988.4308615104
Модель 1: исходные признаки,12562,168900.0,244147.378649053
Модель 1: исходные признаки,6421,197500.0,245011.0672468097
Модель 1: исходные признаки,10397,198400.0,87623.82847857026
Модель 1: исходные признаки,1722,124600.0,164127.02343312715
Модель 1: исходные признаки,4583,260100.0,204427.34631734953
Модель 1: исходные признаки,12226,85900.0,123816.2191948599
Модель 1: исходные признаки,16872,79800.0,93695.87874357669
Модель 1: исходные признаки,2701,322800.0,265973.934215344
Модель 1: исходные признаки,12188,67000.0,41048.55674986316
Модель 1: исходные признаки,11474,244300.0,158420.89088169477
Модель 1: исходные признаки,16233,371500.0,320548.16295739386
Модель 1: исходные признаки,14854,94800.0,186298.49086767947
Модель 1: исходные признаки,14470,500001.0,555696.7130186362
Модель 1: исходные признаки,2111,146800.0,132960.05316945244
Модель 1: исходные признаки,13208,182500.0,191424.93332205302
Модель 1: исходные признаки,2315,108800.0,84907.2167039324
Модель 1: исходные признаки,8571,500001.0,578939.1302144831
Модель 1: исходные признаки,16693,172900.0,193395.23596274777
Модель 1: исходные признаки,2331,124600.0,174191.73200087677
Модель 1: исходные признаки,7110,101000.0,165523.01209417754
Модель 1: исходные признаки,4030,137500.0,160618.81850510326
Модель 1: исходные признаки,4921,277600.0,272048.09535038477
Модель 1: исходные признаки,15903,92200.0,44213.73042900964
Модель 1: исходные признаки,7243,262900.0,213332.44409243978
Модель 1: исходные признаки,7432,269700.0,252234.2449326406
Модель 1: исходные признаки,7980,500001.0,279261.1934567143
Модель 1: исходные признаки,977,136300.0,219390.18566084
Модель 1: исходные признаки,4343,222800.0,225105.3511451085
Модель 1: исходные признаки,213,84000.0,108659.57787795071
Модель 1: исходные признаки,9480,423300.0,351997.18383466447
Модель 1: исходные признаки,1187,175300.0,249185.62196416344
Модель 1: исходные признаки,5743,144800.0,139048.14203050287
Модель 1: исходные признаки,702,178600.0,208536.67899253636
Модель 1: исходные признаки,11237,164000.0,140459.26651027618
Модель 1: исходные признаки,6370,187500.0,211151.63568204292
Модель 1: исходные признаки,16056,418400.0,216980.03911962413
Модель 1: исходные признаки,15453,286500.0,293797.01850636146
Модель 1: исходные признаки,7613,400000.0,285789.26183540357
Модель 1: исходные признаки,4889,175200.0,191200.6730517355
Модель 1: исходные признаки,13899,220500.0,195276.7715377158
Модель 1: исходные признаки,11884,152400.0,186123.3833641454
Модель 1: исходные признаки,5519,381400.0,271170.5757284218
Модель 1: исходные признаки,6921,500001.0,398024.57681235607
Модель 1: исходные признаки,16422,463500.0,450563.9133862867
Модель 1: исходные признаки,12447,131300.0,701093.4900903142
Модель 1: исходные признаки,5216,500001.0,258930.94627866376
Модель 1: исходные признаки,11035,95500.0,121088.89191945845
Модель 1: исходные признаки,6960,98400.0,142658.72867763301
Модель 1: исходные признаки,5255,208700.0,184757.79858560057
Модель 1: исходные признаки,9531,92600.0,96511.8733695233
Модель 1: исходные признаки,7230,278100.0,334114.9037520628
Модель 1: исходные признаки,6692,290600.0,201833.9766716601
Модель 1: исходные признаки,1628,180100.0,207830.4575695049
Модель 1: исходные признаки,12076,170800.0,147528.26596523644
Модель 1: исходные признаки,15604,91500.0,148200.58321389387
Модель 1: исходные признаки,2216,120700.0,199618.72512190163
Модель 1: исходные признаки,8748,407000.0,348955.2780949274
Модель 1: исходные признаки,4224,167000.0,155479.35408882218
Модель 1: исходные признаки,16443,103100.0,159376.89374541445
Модель 1: исходные признаки,11735,155400.0,88866.08836058699
Модель 1: исходные признаки,13569,287100.0,267732.94635180297
Модель 1: исходные признаки,1003,159500.0,245014.21010059307
Модель 1: исходные признаки,11687,91300.0,104566.07632934529
Модель 1: исходные признаки,10246,47700.0,100182.51632804368
Модель 1: исходные признаки,2835,261800.0,270987.68084979255
Модель 1: исходные признаки,9189,73000.0,145282.45471044947
Модель 1: исходные признаки,3888,181800.0,226763.04565410482
Модель 1: исходные признаки,8665,222500.0,258916.48363962802
Модель 1: исходные признаки,5549,156000.0,168684.730549686
Модель 1: исходные признаки,12674,133400.0,165549.7165693609
Модель 1: исходные признаки,8561,477200.0,357866.5522364483
Модель 1: исходные признаки,7695,181700.0,167652.30087661717
Модель 1: исходные признаки,809,444100.0,360712.99977269827
Модель 1: исходные признаки,1833,138200.0,160619.5415609927
Модель 1: исходные признаки,6500,99200.0,124061.07608029652
Модель 1: исходные признаки,8360,473000.0,341071.6361400608
Модель 1: исходные признаки,7052,279300.0,194960.98092025836
Модель 1: исходные признаки,12592,305600.0,280305.5503607027
Модель 1: исходные признаки,4814,163200.0,196457.37610020096
Модель 1: исходные признаки,16778,134100.0,198135.8609686855
Модель 1: исходные признаки,14046,271000.0,224615.98264989207
Модель 1: исходные признаки,8893,57300.0,102722.81394928393
Модель 1: исходные признаки,15652,71600.0,143272.47702337385
Модель 1: исходные признаки,15837,450000.0,334780.43467197847
Модель 1: исходные признаки,1600,73500.0,90606.3887897283
Модель 1: исходные признаки,7098,114200.0,157265.60142400343
Модель 1: исходные признаки,13316,346700.0,342606.8939828448
Модель 1: исходные признаки,7256,246900.0,326215.31355768716
Модель 1: исходные признаки,7861,226400.0,176614.93983834577
Модель 1: исходные признаки,7598,262500.0,233317.53711469474
Модель 1: исходные признаки,2345,149900.0,165952.19669200387
Модель 1: исходные признаки,1331,177800.0,187790.00356368488
Модель 1: исходные признаки,2355,191700.0,201255.16849651505
Модель 1: исходные признаки,10781,233700.0,225157.28337492957
Модель 1: исходные признаки,5792,190600.0,210788.9232365212
Модель 1: исходные признаки,4941,483300.0,448416.1780300168
Модель 1: исходные признаки,2194,101600.0,153750.50289592167
Модель 1: исходные признаки,9915,94200.0,85733.38014759893
Модель 1: исходные признаки,3880,195200.0,258392.66910482442
Модель 1: исходные признаки,1377,240000.0,174536.00952932492
Модель 1: исходные признаки,16495,267100.0,260761.84811825928
Модель 1: исходные признаки,3316,249400.0,277604.0522747299
Модель 1: исходные признаки,13767,194000.0,227655.35088587934
Модель 1: исходные признаки,7862,211900.0,220155.33516010124
Модель 1: исходные признаки,8850,343900.0,317204.7475283872
Модель 1: исходные признаки,1936,500001.0,341835.88974344084
Модель 1: исходные признаки,2441,117000.0,123082.49305091532
Модель 1: исходные признаки,3547,500001.0,455203.36228598614
Модель 1: исходные признаки,7241,314900.0,276020.7315828475
Модель 1: исходные признаки,5846,122800.0,161171.8334934826
Модель 1: исходные признаки,14283,184200.0,226125.04000536128
Модель 1: исходные признаки,14524,122000.0,220334.621091269
Модель 1: исходные признаки,7189,200000.0,218650.18394515192
Модель 1: исходные признаки,6460,230800.0,275591.1815072836
Модель 1: исходные признаки,16510,228800.0,264434.059112278
Модель 1: исходные признаки,15242,322200.0,354362.5786594242
Модель 1: исходные признаки,12945,195800.0,267594.82474440866
Модель 1: исходные признаки,8701,221900.0,259707.90086353003
Модель 1: исходные признаки,2045,262100.0,288302.94289664103
Модель 1: исходные признаки,7723,417900.0,232901.34793020913
Модель 1: исходные признаки,205,97800.0,97352.78749924534
Модель 1: исходные признаки,15455,261900.0,212926.93500487562
Модель 1: исходные признаки,6586,200000.0,125501.82050165824
Модель 1: исходные признаки,10998,151500.0,75927.12801095583
Модель 1: исходные признаки,10319,94200.0,154796.64423383653
Модель 1: исходные признаки,4622,355600.0,339414.4963479456
Модель 1: исходные признаки,6687,210000.0,123168.1764966644
Модель 1: исходные признаки,13059,273700.0,308158.26514648256
Модель 1: исходные признаки,4278,212300.0,220805.96603376587
Модель 1: исходные признаки,14701,500001.0,501913.5977208603
Модель 1: исходные признаки,3031,242000.0,225648.86482584977
Модель 1: исходные признаки,7758,427200.0,276843.6727840831
Модель 1: исходные признаки,1925,157300.0,131599.92158533848
Модель 1: исходные признаки,3432,467600.0,555512.7689342549
Модель 1: исходные признаки,14704,53500.0,67870.64027454716
Модель 1: исходные признаки,9177,250800.0,264567.34004445176
Модель 1: исходные признаки,16907,119700.0,136448.5498756685
Модель 1: исходные признаки,13335,369100.0,364737.8345436526
Модель 1: исходные признаки,11650,92300.0,116176.4418699668
Модель 1: исходные признаки,5113,251400.0,286159.9824060955
Модель 1: исходные признаки,16615,121600.0,172853.98742364114
Модель 1: исходные признаки,5470,238300.0,232157.56172231323
Модель 1: исходные признаки,8218,359100.0,299552.07945412595
Модель 1: исходные признаки,6972,120000.0,156374.38906615632
Модель 1: исходные признаки,6481,275000.0,85226.95329436898
Модель 1: исходные признаки,8976,173400.0,159865.43905627276
Модель 1: исходные признаки,15155,404000.0,334751.3331849763
Модель 1: исходные признаки,269,116500.0,164928.4007097312
Модель 1: исходные признаки,11312,139000.0,128359.41402029335
Модель 1: исходные признаки,7512,125900.0,131887.23050054564
Модель 1: исходные признаки,13552,324600.0,303732.19006246375
Модель 1: исходные признаки,459,228900.0,308162.17126572324
Модель 1: исходные признаки,5361,234400.0,211982.56066397266
Модель 1: исходные признаки,4024,215700.0,219834.36553260538
Модель 1: исходные признаки,5134,310900.0,336864.90569192555
Модель 1: исходные признаки,3485,287200.0,347300.883875081
Модель 1: исходные признаки,13796,346300.0,350738.37224477093
Модель 1: исходные признаки,4261,192800.0,192124.84834829892
Модель 1: исходные признаки,15700,321600.0,297741.4020902299
Модель 1: исходные признаки,12584,162800.0,169612.73477578434
Модель 1: исходные признаки,10771,87500.0,67702.80724658495
Модель 1: исходные признаки,9709,50000.0,115476.68408255205
Модель 1: исходные признаки,6852,117400.0,243814.69332389388
Модель 1: исходные признаки,16331,68800.0,90469.42338008518
Модель 1: исходные признаки,14376,432900.0,332896.0291635742
Модель 1: исходные признаки,16731,276200.0,270519.18992884795
Модель 1: исходные признаки,3088,500001.0,515184.38629136706
Модель 1: исходные признаки,5661,167700.0,267423.4956712222
Модель 1: исходные признаки,16395,292500.0,275892.47342010494
Модель 1: исходные признаки,6027,154200.0,119080.79379524586
Модель 1: исходные признаки,12826,236200.0,237930.13269503423
Модель 1: исходные признаки,2201,184400.0,113726.61220426699
Модель 1: исходные признаки,8301,493400.0,340364.8161724487
Модель 1: исходные признаки,16559,306000.0,219965.42965080388
Модель 1: исходные признаки,14400,144900.0,210688.23135152025
Модель 1: исходные признаки,872,114300.0,127582.5041232923
Модель 1: исходные признаки,6580,275000.0,134000.49722927474
Модель 1: исходные признаки,16765,117100.0,227637.85633066657
Модель 1: исходные признаки,11752,45000.0,112054.2282745944
Модель 1: исходные признаки,13170,283300.0,335696.7825403932
Модель 1: исходные признаки,10773,256700.0,237594.25166986467
Модель 1: исходные признаки,11790,94600.0,66780.32507625957
Модель 1: исходные признаки,13898,202300.0,255799.80309096447
Модель 1: исходные признаки,12632,200200.0,211202.61482204983
Модель 1: исходные признаки,3226,14999.0,236045.0971802483
Модель 1: исходные признаки,16115,367700.0,327051.27501202846
Модель 1: исходные признаки,15339,209800.0,268175.43581431586
Модель 1: исходные признаки,548,160200.0,179204.98177816637
Модель 1: исходные признаки,12219,65800.0,71642.7305203869
Модель 1: исходные признаки,9992,61900.0,39212.87890645986
Модель 1: исходные признаки,6571,190000.0,157194.9091212611
Модель 1: исходные признаки,5633,132200.0,118411.51640558887
Модель 1: исходные признаки,7072,380400.0,217180.52662280618
Модель 1: исходные признаки,7928,469800.0,326488.8314126879
Модель 1: исходные признаки,11602,69900.0,133908.60769274944
Модель 1: исходные признаки,6849,93300.0,165927.0881483466
Модель 1: исходные признаки,9278,66200.0,84776.38247667497
Модель 1: исходные признаки,12191,60900.0,114621.93320839928
Модель 1: исходные признаки,1731,142600.0,196855.71731742393
Модель 1: исходные признаки,8458,500001.0,599238.3242668263
Модель 1: исходные признаки,1990,88300.0,206519.3468805188
Модель 1: исходные признаки,7593,184400.0,173464.71101939466
Модель 1: исходные признаки,2473,219000.0,272667.9552778362
Модель 1: исходные признаки,4003,160100.0,180556.26024511323
Модель 1: исходные признаки,6237,213100.0,227146.9337287108
Модель 1: исходные признаки,8039,225600.0,210503.1592583534
Модель 1: исходные признаки,14519,196900.0,320627.1222244057
Модель 1: исходные признаки,7747,337600.0,358576.85234899673
Модель 1: исходные признаки,4556,313100.0,289546.7186019358
Модель 1: исходные признаки,15047,299200.0,254328.83518221477
Модель 1: исходные признаки,7717,375000.0,283317.10580236657
Модель 1: исходные признаки,1337,199100.0,281075.32331790007
Модель 1: исходные признаки,12454,102900.0,63037.719990510726
Модель 1: исходные признаки,14678,93800.0,252082.44712527725
Модель 1: исходные признаки,6556,397500.0,307051.22471948626
Модель 1: исходные признаки,16306,441100.0,337834.8159457459
Модель 1: исходные признаки,14598,425000.0,348340.353190463
Модель 1: исходные признаки,16387,500001.0,267367.1470661756
Модель 1: исходные признаки,4488,182100.0,180412.6428332935
Модель 1: исходные признаки,766,129200.0,191595.36201667908
Модель 1: исходные признаки,6046,171300.0,224623.33694679043
Модель 1: исходные признаки,3383,151800.0,82166.32547279386
Модель 1: исходные признаки,8445,273100.0,320653.17660489
Модель 1: исходные признаки,12200,68500.0,77513.35409567432
Модель 1: исходные признаки,11892,175200.0,217923.44353334108
Модель 1: исходные признаки,6264,210000.0,237320.43812921993
Модель 1: исходные признаки,4145,383900.0,323059.86131841247
Модель 1: исходные признаки,10833,250600.0,235783.2729237937
Модель 1: исходные признаки,16106,500001.0,286926.03842718544
Модель 1: исходные признаки,7996,337500.0,272140.3216470816
Модель 1: исходные признаки,9136,57400.0,122935.92457183976
Модель 1: исходные признаки,6380,500001.0,251311.0379037562
Модель 1: исходные признаки,4881,178800.0,143816.81220121036
Модель 1: исходные признаки,14305,222600.0,267166.15455403493
Модель 1: исходные признаки,10587,122600.0,93989.20414881685
Модель 1: исходные признаки,14040,179300.0,233934.422104358
Модель 1: исходные признаки,6760,329400.0,256263.5490669288
Модель 1: исходные признаки,4725,162800.0,174849.6019216605
Модель 1: исходные признаки,16477,189100.0,184149.29771902558
Модель 1: исходные признаки,16141,284700.0,287697.7788040515
Модель 1: исходные признаки,532,131000.0,222182.78396884352
Модель 1: исходные признаки,15728,350000.0,183185.48557646768
Модель 1: исходные признаки,11902,32500.0,72981.38072083612
Модель 1: исходные признаки,6122,112500.0,148701.63196271815
Модель 1: исходные признаки,8184,193800.0,236508.3927498808
Модель 1: исходные признаки,3025,354900.0,339369.7451194909
Модель 1: исходные признаки,14615,140600.0,244871.4506384186
Модель 1: исходные признаки,14471,350000.0,282826.5577544773
Модель 1: исходные признаки,4661,157700.0,215839.0766662795
Модель 1: исходные признаки,9089,73000.0,109856.06048934757
Модель 1: исходные признаки,2637,288100.0,259986.10934729734
Модель 1: исходные признаки,5333,154900.0,187812.92654367705
Модель 1: исходные признаки,5927,241700.0,231146.84735493868
Модель 1: исходные признаки,912,118200.0,185440.98302564482
Модель 1: исходные признаки,16230,311800.0,271318.9094034546
Модель 1: исходные признаки,848,172800.0,270576.8057765409
Модель 1: исходные признаки,7071,175000.0,156089.47076366135
Модель 1: исходные признаки,13064,335600.0,307767.1739753497
Модель 1: исходные признаки,3613,500001.0,441411.1601113306
Модель 1: исходные признаки,13495,500001.0,514479.60983445897
Модель 1: исходные признаки,11268,182700.0,175827.14127074165
Модель 1: исходные признаки,15329,76400.0,21189.63371193414
Модель 1: исходные признаки,11040,139100.0,118270.46674663603
Модель 1: исходные признаки,13577,277300.0,271918.35933288455
Модель 1: исходные признаки,13694,256300.0,276820.54433689406
Модель 1: исходные признаки,1823,97600.0,197703.44892514774
Модель 1: исходные признаки,2188,127600.0,136106.92367031283
Модель 1: исходные признаки,12736,338400.0,350311.96284850664
Модель 1: исходные признаки,14820,137000.0,157905.92756823765
Модель 1: исходные признаки,14571,145800.0,206968.73119942742
Модель 1: исходные признаки,14204,259300.0,280884.31195603433
Модель 1: исходные признаки,14334,187200.0,233585.29269884218
Модель 1: исходные признаки,2377,103000.0,151766.38463173472
Модель 1: исходные признаки,4604,177600.0,247678.9445888737
Модель 1: исходные признаки,9588,50200.0,60219.35872502415
Модель 1: исходные признаки,5319,500001.0,311573.07769157324
Модель 1: исходные признаки,5236,226500.0,210773.3877857349
Модель 1: исходные признаки,14498,186900.0,269155.7694034696
Модель 1: исходные признаки,13749,275000.0,263690.10408020066
Модель 1: исходные признаки,10628,60400.0,28045.869484077208
Модель 1: исходные признаки,13466,262500.0,266088.42654097726
Модель 1: исходные признаки,9010,54700.0,107565.77682923852
Модель 1: исходные признаки,4894,160100.0,222907.7466338054
Модель 1: исходные признаки,2435,139300.0,159522.66862812848
Модель 1: исходные признаки,16522,193300.0,217746.6004344661
Модель 1: исходные признаки,12039,79000.0,132700.3175198341
Модель 1: исходные признаки,16722,261500.0,296761.4523843354
Модель 1: исходные признаки,7545,205000.0,216260.6761330828
Модель 1: исходные признаки,5414,266300.0,213153.19159252563
Модель 1: исходные признаки,7222,181800.0,207598.11184349528
Модель 1: исходные признаки,55,67500.0,32169.026332668058
Модель 1: исходные признаки,3573,267100.0,243726.9235919274
Модель 1: исходные признаки,222,134600.0,155184.5900140409
Модель 1: исходные признаки,14756,197000.0,288842.93875808676
Модель 1: исходные признаки,4236,214400.0,220997.08181062737
Модель 1: исходные признаки,389,153500.0,258413.26445650062
Модель 1: исходные признаки,14534,192600.0,210947.21117888583
Модель 1: исходные признаки,12436,264700.0,265627.1827018823
Модель 1: исходные признаки,4863,324400.0,236845.5661345541
Модель 1: исходные признаки,5320,56800.0,106409.87234638438
Модель 1: исходные признаки,2946,375700.0,311281.64341273374
Модель 1: исходные признаки,3866,184900.0,225808.53443165167
Модель 1: исходные признаки,14959,166900.0,232436.96575336397
Модель 1: исходные признаки,10973,133100.0,125361.72285646632
Модель 1: исходные признаки,2243,105500.0,149371.79042691606
Модель 1: исходные признаки,15784,193800.0,215173.71216160248
Модель 1: исходные признаки,16953,86400.0,157571.02540499644
Модель 1: исходные признаки,3555,149500.0,207933.09520500596
Модель 1: исходные признаки,5463,176600.0,135508.99844008646
Модель 1: исходные признаки,5780,156700.0,227336.25537143747
Модель 1: исходные признаки,10895,103800.0,109444.70993650364
Модель 1: исходные признаки,1303,179800.0,209701.96640337468
Модель 1: исходные признаки,544,121900.0,291332.25175763265
Модель 1: исходные признаки,3990,333300.0,334086.24326083955
Модель 1: исходные признаки,10374,110900.0,70174.55807630069
Модель 1: исходные признаки,12332,52800.0,116366.34489726016
Модель 1: исходные признаки,12442,73800.0,55237.22410607924
Модель 1: исходные признаки,5059,215600.0,144142.48807378163
Модель 1: исходные признаки,11688,90700.0,85514.64539905054
Модель 1: исходные признаки,16427,250500.0,249109.98508597448
Модель 1: исходные признаки,1980,68500.0,93057.04202195416
Модель 1: исходные признаки,3406,141300.0,190467.8753531935
Модель 1: исходные признаки,6287,105000.0,119083.25046543806
Модель 1: исходные признаки,6361,238200.0,247420.34480389935
Модель 1: исходные признаки,9626,90500.0,143517.2677798514
Модель 1: исходные признаки,4854,103500.0,165577.22399065847
Модель 1: исходные признаки,2758,355600.0,284025.03398748644
Модель 1: исходные признаки,4002,143900.0,140619.0681572673
Модель 1: исходные признаки,5008,218100.0,290966.1169217441
Модель 1: исходные признаки,376,95600.0,127735.34260209101
Модель 1: исходные признаки,9857,88300.0,113042.66290566015
Модель 1: исходные признаки,8681,196800.0,208263.87738330648
Модель 1: исходные признаки,14162,222000.0,243854.2945686304
Модель 1: исходные признаки,390,137600.0,146218.03108420334
Модель 1: исходные признаки,16507,151600.0,237596.07271057196
Модель 1: исходные признаки,5471,179800.0,210969.34345593254
Модель 1: исходные признаки,9859,384400.0,333282.99777171755
Модель 1: исходные признаки,6233,103000.0,158452.44339385492
Модель 1: исходные признаки,15733,214600.0,182104.9839741082
Модель 1: исходные признаки,6092,200000.0,177143.2547216786
Модель 1: исходные признаки,564,120800.0,184362.2613566824
Модель 1: исходные признаки,13683,344100.0,342226.21696756216
Модель 1: исходные признаки,6925,67500.0,124296.46160232121
Модель 1: исходные признаки,7097,189700.0,219382.77463481273
Модель 1: исходные признаки,2591,42100.0,68408.06457071564
Модель 1: исходные признаки,9587,68300.0,77645.22308192757
Модель 1: исходные признаки,6745,155500.0,274539.99238762463
Модель 1: исходные признаки,3857,267900.0,234846.192158899
Модель 1: исходные признаки,315,187200.0,232003.8762009822
Модель 1: исходные признаки,16929,73600.0,154140.37464288657
Модель 1: исходные признаки,14822,137500.0,211832.13346080025
Модель 1: исходные признаки,14266,253500.0,278263.1946340344
Модель 1: исходные признаки,14383,500001.0,614392.591388115
Модель 1: исходные признаки,7025,277900.0,260631.17429198773
Модель 1: исходные признаки,7518,313700.0,299710.3189950942
Модель 1: исходные признаки,13126,204700.0,228961.8036975132
Модель 1: исходные признаки,12821,253100.0,274495.45833318395
Модель 1: исходные признаки,6232,92600.0,114854.21111285103
Модель 1: исходные признаки,16742,163500.0,191540.1992430335
Модель 1: исходные признаки,8250,500001.0,371458.4582681469
Модель 1: исходные признаки,12141,151300.0,207021.0744515208
Модель 1: исходные признаки,14603,202300.0,348949.3728562514
Модель 1: исходные признаки,13888,157700.0,237682.73984120996
Модель 1: исходные признаки,744,94400.0,115380.32237544422
Модель 1: исходные признаки,2747,121800.0,166209.78625666027
Модель 1: исходные признаки,8099,153500.0,181112.22157913508
Модель 1: исходные признаки,5069,205600.0,159636.03945234473
Модель 1: исходные признаки,16796,84700.0,53107.69550942602
Модель 1: исходные признаки,2010,91700.0,11280.09409510107
Модель 1: исходные признаки,15394,154000.0,197818.09648294767
Модель 1: исходные признаки,15792,275900.0,273458.2695321693
Модель 1: исходные признаки,5034,102600.0,92490.28799534022
Модель 1: исходные признаки,15529,112500.0,261229.69300175755
Модель 1: исходные признаки,9986,85500.0,152020.58358328269
Модель 1: исходные признаки,4121,199600.0,201957.36461647364
Модель 1: исходные признаки,2592,85700.0,136648.4412549015
Модель 1: исходные признаки,14123,173400.0,205106.85065666144
Модель 1: исходные признаки,16955,100600.0,155496.93709800614
Модель 1: исходные признаки,11874,123300.0,146715.2550863072
Модель 1: исходные признаки,14891,86400.0,61194.117914222275
Модель 1: исходные признаки,13527,339300.0,257388.80399948644
Модель 1: исходные признаки,7783,240200.0,196520.77077187336
Модель 1: исходные признаки,4400,352200.0,249337.02224082375
Модель 1: исходные признаки,5988,126800.0,149728.0584551516
Модель 1: исходные признаки,4294,290800.0,301900.7152263541
Модель 1: исходные признаки,3313,231400.0,218404.0708454409
Модель 1: исходные признаки,8043,386100.0,220260.68264534746
Модель 1: исходные признаки,16458,71300.0,190728.002568268
Модель 1: исходные признаки,1040,134700.0,180686.56808831723
Модель 1: исходные признаки,12848,165200.0,211275.05289397304
Модель 1: исходные признаки,6832,187500.0,139670.985711005
Модель 1: исходные признаки,15766,225000.0,190291.5792539104
Модель 1: исходные признаки,5983,110700.0,202468.32777466177
Модель 1: исходные признаки,2621,237900.0,252509.58830998372
Модель 1: исходные признаки,1140,150000.0,154795.560125124
Модель 1: исходные признаки,2554,239000.0,284150.3151418939
Модель 1: исходные признаки,587,163000.0,210893.36198709207
Модель 1: исходные признаки,6490,116100.0,115174.99380037683
Модель 1: исходные признаки,4150,153000.0,134347.32762161476
Модель 1: исходные признаки,1321,187300.0,214904.1639839096
Модель 1: исходные признаки,2332,105600.0,152196.75885474723
Модель 1: исходные признаки,7182,17500.0,170612.68215886035
Модель 1: исходные признаки,8067,335400.0,211520.24459176286
Модель 1: исходные признаки,2142,82200.0,126884.83624265996
Модель 1: исходные признаки,12725,139900.0,184245.511181667
Модель 1: исходные признаки,914,123800.0,183220.152711546
Модель 1: исходные признаки,15481,185200.0,253958.97848156103
Модель 1: исходные признаки,9438,62200.0,60259.89957407904
Модель 1: исходные признаки,15971,354300.0,313246.11755562574
Модель 1: исходные признаки,3233,180600.0,178625.62986586316
Модель 1: исходные признаки,5136,176700.0,174891.04627341297
Модель 1: исходные признаки,8180,67900.0,91189.96954776629
Модель 1: исходные признаки,15365,75000.0,336485.6607332211
Модель 1: исходные признаки,2779,239500.0,268214.1074050475
Модель 1: исходные признаки,252,125200.0,158304.65034346367
Модель 1: исходные признаки,9104,50900.0,100962.44421783673
Модель 1: исходные признаки,1172,80000.0,151555.41540647513
Модель 1: исходные признаки,10772,112500.0,116724.2003782864
Модель 1: исходные признаки,16930,90200.0,111886.82917117553
Модель 1: исходные признаки,11646,65400.0,134746.79437019315
Модель 1: исходные признаки,16532,190300.0,208891.2643406566
Модель 1: исходные признаки,16090,267000.0,261507.95277899492
Модель 1: исходные признаки,11635,132500.0,159703.53353060695
Модель 1: исходные признаки,10279,88100.0,82917.42372464747
Модель 1: исходные признаки,3769,185400.0,167507.86087973288
Модель 1: исходные признаки,15523,287500.0,225741.54828447968
Модель 1: исходные признаки,13975,349100.0,356412.7329057712
Модель 1: исходные признаки,6443,354700.0,294628.56098905706
Модель 1: исходные признаки,4623,500001.0,474237.6775847308
Модель 1: исходные признаки,2081,103800.0,132089.3013970733
Модель 1: исходные признаки,7627,500001.0,317685.61003567453
Модель 1: исходные признаки,16077,264200.0,313779.3061571853
Модель 1: исходные признаки,2763,80600.0,166647.71061287925
Модель 1: исходные признаки,1468,411600.0,341647.1787697366
Модель 1: исходные признаки,5045,490400.0,307499.89354821434
Модель 1: исходные признаки,12431,61200.0,51309.389608000994
Модель 1: исходные признаки,5801,187500.0,151778.4791303475
Модель 1: исходные признаки,3536,275900.0,318721.1411668032
Модель 1: исходные признаки,13093,87000.0,169121.14271107074
Модель 1: исходные признаки,11389,213800.0,167097.28339993826
Модель 1: исходные признаки,4081,152500.0,150498.24864483526
Модель 1: исходные признаки,14357,369900.0,340761.7621151931
Модель 1: исходные признаки,3655,170100.0,200090.70354478553
Модель 1: исходные признаки,15153,351800.0,299040.2357127389
Модель 1: исходные признаки,60,62200.0,44895.85993137602
Модель 1: исходные признаки,2230,148900.0,236028.85747028445
Модель 1: исходные признаки,2552,354000.0,351811.81134822645
Модель 1: исходные признаки,12927,142100.0,235219.8586333992
Модель 1: исходные признаки,4716,163900.0,170040.64821543015
Модель 1: исходные признаки,12277,93800.0,113564.76566429665
Модель 1: исходные признаки,10252,62300.0,103192.52216355751
Модель 1: исходные признаки,3020,174600.0,190852.92650504285
Модель 1: исходные признаки,13465,260000.0,243983.24640820106
Модель 1: исходные признаки,246,89600.0,112789.72095346758
Модель 1: исходные признаки,15912,500001.0,313958.309308474
Модель 1: исходные признаки,9221,158300.0,165696.9135193222
Модель 1: исходные признаки,180,91800.0,99280.16421531572
Модель 1: исходные признаки,184,100000.0,152175.61805432293
Модель 1: исходные признаки,10835,128600.0,80878.86044714345
Модель 1: исходные признаки,11760,111300.0,92242.53712278596
Модель 1: исходные признаки,16734,105700.0,151493.9833156768
Модель 1: исходные признаки,6292,100300.0,118281.92544105352
Модель 1: исходные признаки,12056,89600.0,115790.96082688264
Модель 1: исходные признаки,2009,500001.0,545853.4211852544
Модель 1: исходные признаки,6911,446200.0,329782.1762167011
Модель 1: исходные признаки,15297,103900.0,163593.16286887787
Модель 1: исходные признаки,8420,418200.0,187954.371939466
Модель 1: исходные признаки,15171,129800.0,54994.9671376073
Модель 1: исходные признаки,851,145500.0,234450.55822414957
Модель 1: исходные признаки,6990,140400.0,260103.33413067
Модель 1: исходные признаки,8241,420000.0,336562.05220823066
Модель 1: исходные признаки,8333,170700.0,160888.43184895563
Модель 1: исходные признаки,11247,239600.0,226081.15290243737
Модель 1: исходные признаки,8030,187500.0,101659.18735940283
Модель 1: исходные признаки,6505,90100.0,107889.09383143403
Модель 1: исходные признаки,16081,221200.0,276224.3298401579
Модель 1: исходные признаки,12073,152500.0,160126.63540406327
Модель 1: исходные признаки,16845,96000.0,195013.6108188246
Модель 1: исходные признаки,1313,86300.0,112389.27808257888
Модель 1: исходные признаки,14782,84600.0,149303.9870184677
Модель 1: исходные признаки,11786,96400.0,124167.7087369585
Модель 1: исходные признаки,4280,214800.0,238283.12584304396
Модель 1: исходные признаки,16174,381700.0,353662.26809801353
Модель 1: исходные признаки,12389,146900.0,161414.5139662792
Модель 1: исходные признаки,10931,69500.0,91340.68961401697
Модель 1: исходные признаки,254,159000.0,167470.62666777245
Модель 1: исходные признаки,14747,464600.0,291604.72212350863
Модель 1: исходные признаки,4071,344000.0,303839.4382808292
Модель 1: исходные признаки,3037,201400.0,237247.64324682954
Модель 1: исходные признаки,878,264100.0,277662.5192643647
Модель 1: исходные признаки,3735,196900.0,195362.62443796432
Модель 1: исходные признаки,8794,338200.0,303016.9272399753
Модель 1: исходные признаки,3699,134400.0,185954.93115765584
Модель 1: исходные признаки,13447,196900.0,265562.31524782063
Модель 1: исходные признаки,5499,163300.0,187495.29983032198
Модель 1: исходные признаки,11270,74200.0,146923.98460375387
Модель 1: исходные признаки,4953,292900.0,284579.7842431705
Модель 1: исходные признаки,13269,274600.0,282882.5869917003
Модель 1: исходные признаки,1678,294400.0,270319.1212175455
Модель 1: исходные признаки,14213,166600.0,159823.08059006726
Модель 1: исходные признаки,16050,500001.0,280983.58506967453
Модель 1: исходные признаки,13422,238000.0,291627.7891223573
Модель 1: исходные признаки,4699,257200.0,223677.14464392953
Модель 1: исходные признаки,2688,186500.0,184175.8848264834
Модель 1: исходные признаки,3098,280300.0,277474.8812433003
Модель 1: исходные признаки,3078,450000.0,116424.63967788353
Модель 1: исходные признаки,11959,77000.0,97350.17118107909
Модель 1: исходные признаки,15981,500001.0,264970.6802925051
Модель 1: исходные признаки,10125,43800.0,108627.42083854967
Модель 1: исходные признаки,7843,400700.0,288945.65650268784
Модель 1: исходные признаки,7046,272500.0,197637.96903386142
Модель 1: исходные признаки,5073,173800.0,165829.99268651835
Модель 1: исходные признаки,14629,92300.0,177172.63609834955
Модель 1: исходные признаки,13585,252400.0,226745.70521256482
Модель 1: исходные признаки,909,117000.0,186777.22502772085
Модель 1: исходные признаки,953,291500.0,204643.0329447336
Модель 1: исходные признаки,8094,235600.0,263503.4450097653
Модель 1: исходные признаки,5482,170300.0,136747.7173422017
Модель 1: исходные признаки,14558,69600.0,76356.17941690297
Модель 1: исходные признаки,13481,218800.0,146863.02305947375
Модель 1: исходные признаки,3553,138500.0,129577.90384193558
Модель 1: исходные признаки,7187,250000.0,155320.54637693852
Модель 1: исходные признаки,15944,325900.0,275228.20276440965
Модель 1: исходные признаки,6440,498400.0,326363.4337021939
Модель 1: исходные признаки,13555,254000.0,284010.2571626617
Модель 1: исходные признаки,15040,446200.0,376391.081164296
Модель 1: исходные признаки,2119,111300.0,137225.2285378471
Модель 1: исходные признаки,5898,194000.0,285295.70759297704
Модель 1: исходные признаки,15404,209100.0,246059.85236460896
Модель 1: исходные признаки,7324,227300.0,295030.125538232
Модель 1: исходные признаки,164,76900.0,79452.31622701147
Модель 1: исходные признаки,6126,111400.0,132072.42970966868
Модель 1: исходные признаки,8578,185000.0,256439.6862388411
Модель 1: исходные признаки,2523,118000.0,174892.36835926527
Модель 1: исходные признаки,1588,125000.0,174609.68962603752
Модель 1: исходные признаки,3238,310700.0,242692.9150680547
Модель 1: исходные признаки,12013,327800.0,282011.6968912345
Модель 1: исходные признаки,11299,271200.0,291622.85133174434
Модель 1: исходные признаки,5170,253500.0,243930.22363047308
Модель 1: исходные признаки,932,90500.0,80775.3799940012
Модель 1: исходные признаки,16521,234500.0,255675.1857952899
Модель 1: исходные признаки,13259,265000.0,227082.41355627708
Модель 1: исходные признаки,14575,111100.0,184168.25082441382
Модель 1: исходные признаки,14088,114300.0,281237.7166099126
Модель 1: исходные признаки,11046,130300.0,127393.08207873127
Модель 1: исходные признаки,6840,116400.0,176524.51928337538
Модель 1: исходные признаки,4412,152000.0,175740.81864134915
Модель 1: исходные признаки,8871,190400.0,240673.48171649035
Модель 1: исходные признаки,6200,88200.0,113866.33545809245
Модель 1: исходные признаки,6023,149700.0,155153.3659159025
Модель 1: исходные признаки,6142,95100.0,101543.49710905117
Модель 1: исходные признаки,10828,130600.0,137073.96398374517
Модель 1: исходные признаки,4754,170400.0,201961.08690076263
Модель 1: исходные признаки,11053,127800.0,83461.16321419089
Модель 1: исходные признаки,15101,134700.0,221414.18146389298
Модель 1: исходные признаки,13744,500001.0,450185.5189422659
Модель 1: исходные признаки,15409,162500.0,180406.97305641428
Модель 1: исходные признаки,1688,275000.0,226760.703897874
Модель 1: исходные признаки,8697,341200.0,328072.25729193626
Модель 1: исходные признаки,830,154200.0,178659.92549296032
Модель 1: исходные признаки,7204,193000.0,238607.83821803617
Модель 1: исходные признаки,6611,97500.0,133959.4504765226
Модель 1: исходные признаки,4047,211400.0,214580.19277238913
Модель 1: исходные признаки,1462,235100.0,229378.86221161927
Модель 1: исходные признаки,11206,150000.0,163137.4793998979
Модель 1: исходные признаки,9801,89500.0,174659.88830706305
Модель 1: исходные признаки,3787,163000.0,195516.80043011287
Модель 1: исходные признаки,4442,344400.0,187753.9417446388
Модель 1: исходные признаки,9611,52900.0,70240.71784058647
Модель 1: исходные признаки,13140,134400.0,220500.21624802236
Модель 1: исходные признаки,15480,93800.0,69967.48612593632
Модель 1: исходные признаки,4238,285200.0,268254.8189434678
Модель 1: исходные признаки,6146,88200.0,139979.94929735846
Модель 1: исходные признаки,9395,55000.0,181657.33628960064
Модель 1: исходные признаки,4454,261000.0,277305.3711055806
Модель 1: исходные признаки,7099,128000.0,210469.64466842255
Модель 1: исходные признаки,7019,273000.0,233123.8964110658
Модель 1: исходные признаки,12896,209900.0,230725.80769503536
Модель 1: исходные признаки,16902,119400.0,131873.28503847035
Модель 1: исходные признаки,7734,268600.0,248131.14020325922
Модель 1: исходные признаки,15094,152800.0,117384.83255550562
Модель 1: исходные признаки,9851,72800.0,108255.20001344194
Модель 1: исходные признаки,5937,168800.0,136849.24505218677
Модель 1: исходные признаки,399,109800.0,229883.65461769913
Модель 1: исходные признаки,4996,239700.0,226476.99789187286
Модель 1: исходные признаки,11723,82500.0,131197.4431940708
Модель 1: исходные признаки,10739,107600.0,180334.33977275694
Модель 1: исходные признаки,726,165100.0,174364.2051375325
Модель 1: исходные признаки,7745,359400.0,290707.68489548017
Модель 1: исходные признаки,2790,164400.0,154315.72614550858
Модель 1: исходные признаки,12409,115200.0,33984.45292225351
Модель 1: исходные признаки,16459,259800.0,278230.44915367983
Модель 1: исходные признаки,8096,146000.0,215384.95227091375
Модель 1: исходные признаки,8856,214700.0,273491.87738165865
Модель 1: исходные признаки,12765,259500.0,267054.1421899697
Модель 1: исходные признаки,3125,451500.0,337539.6134751435
Модель 1: исходные признаки,3335,500001.0,461441.43469792174
Модель 1: исходные признаки,12278,129300.0,216919.73044162052
Модель 1: исходные признаки,15587,500001.0,384205.7563509883
Модель 1: исходные признаки,8983,62800.0,131195.8932907384
Модель 1: исходные признаки,15663,81100.0,22874.686057263505
Модель 1: исходные признаки,1602,81300.0,91523.61504171694
Модель 1: исходные признаки,6997,126700.0,230523.96159275438
Модель 1: исходные признаки,7822,340600.0,166649.00803358175
Модель 1: исходные признаки,11228,80800.0,23765.843671322968
Модель 1: исходные признаки,3024,277500.0,231097.15949346428
Модель 1: исходные признаки,10610,162700.0,210718.89509403257
Модель 1: исходные признаки,3713,181000.0,190150.3526292792
Модель 1: исходные признаки,15076,206200.0,251628.0365339978
Модель 1: исходные признаки,13104,273900.0,312340.78125272784
Модель 1: исходные признаки,5697,111100.0,196508.1794984026
Модель 1: исходные признаки,8146,500001.0,276283.06415565783
Модель 1: исходные признаки,15150,234000.0,235517.27637263414
Модель 1: исходные признаки,13232,335500.0,345195.3276844367
Модель 1: исходные признаки,11482,220700.0,281161.791859021
Модель 1: исходные признаки,1458,204000.0,282470.5885513178
Модель 1: исходные признаки,8085,500001.0,342817.60993251315
Модель 1: исходные признаки,2288,129300.0,155903.1008394859
Модель 1: исходные признаки,10848,96400.0,99244.92405463911
Модель 1: исходные признаки,13324,281200.0,289148.37670626753
Модель 1: исходные признаки,9925,74300.0,168427.32300036078
Модель 1: исходные признаки,6860,124300.0,128464.48232506622
Модель 1: исходные признаки,9651,106900.0,172084.79270075072
Модель 1: исходные признаки,16719,183300.0,229284.8446554194
Модель 1: исходные признаки,4633,330000.0,237637.75780588048
Модель 1: исходные признаки,2028,78600.0,99840.78160944002
Модель 1: исходные признаки,5431,155400.0,212451.62702932514
Модель 1: исходные признаки,11620,132500.0,165753.81795017884
Модель 1: исходные признаки,15541,111500.0,185341.05925754452
Модель 1: исходные признаки,9387,85600.0,197404.03371583603
Модель 1: исходные признаки,6530,200300.0,245708.9225189379
Модель 1: исходные признаки,4240,188700.0,215476.30865787852
Модель 1: исходные признаки,14568,156300.0,282493.91459232353
Модель 1: исходные признаки,3279,500001.0,443263.48727287684
Модель 1: исходные признаки,5909,129200.0,194270.78849211123
Модель 1: исходные признаки,5709,170600.0,229291.8748183599
Модель 1: исходные признаки,10901,207800.0,259175.19562658394
Модель 1: исходные признаки,4089,191100.0,139191.77063331436
Модель 1: исходные признаки,3218,233100.0,210486.61169474488
Модель 1: исходные признаки,2906,101300.0,107639.4050734869
Модель 1: исходные признаки,152,68200.0,86702.11656981084
Модель 1: исходные признаки,9156,77600.0,98776.43118553488
Модель 1: исходные признаки,2927,300700.0,284925.41908173665
Модель 1: исходные признаки,8656,323300.0,306753.5426701774
Модель 1: исходные признаки,13887,134800.0,167689.40811122762
Модель 1: исходные признаки,13410,330500.0,252727.49934677998
Модель 1: исходные признаки,13066,183700.0,182806.29733854823
Модель 1: исходные признаки,12685,241000.0,248041.57750798817
Модель 1: исходные признаки,10366,176600.0,172626.10302701386
Модель 1: исходные признаки,1213,117900.0,144651.44358572538
Модель 1: исходные признаки,4364,168900.0,238416.16539809373
Модель 1: исходные признаки,9137,51900.0,142101.15327969703
Модель 1: исходные признаки,10808,113200.0,97445.62662408622
Модель 1: исходные признаки,10695,88600.0,118818.1986826983
Модель 1: исходные признаки,5892,159200.0,197152.38737361893
Модель 1: исходные признаки,9929,59600.0,150675.30307972687
Модель 1: исходные признаки,14604,79100.0,98838.06424841042
Модель 1: исходные признаки,13885,108500.0,176576.9648497992
Модель 1: исходные признаки,14973,398600.0,336161.2717285087
Модель 1: исходные признаки,16931,96100.0,119778.99317039276
Модель 1: исходные признаки,300,90800.0,216195.7728947384
Модель 1: исходные признаки,14359,170400.0,163422.82732728214
Модель 1: исходные признаки,790,123600.0,179565.25333027795
Модель 1: исходные признаки,16474,324700.0,280007.54303403234
Модель 1: исходные признаки,13143,139300.0,251670.1666516151
Модель 1: исходные признаки,15526,269900.0,233838.63810430528
Модель 1: исходные признаки,9797,236000.0,214872.18569013863
Модель 1: исходные признаки,3543,310900.0,276141.6190555555
Модель 1: исходные признаки,2990,137500.0,50162.83709135291
Модель 1: исходные признаки,15014,128300.0,87087.10173468114
Модель 1: исходные признаки,4376,209900.0,207140.75062301365
Модель 1: исходные признаки,258,183900.0,172154.95118779174
Модель 1: исходные признаки,14668,285800.0,325806.6869018991
Модель 1: исходные признаки,12830,257200.0,316770.9473427308
Модель 1: исходные признаки,5305,203900.0,231738.01806807332
Модель 1: исходные признаки,7802,500001.0,330636.29546560504
Модель 1: исходные признаки,11539,128700.0,141078.14274468462
Модель 1: исходные признаки,1898,500000.0,275900.511876721
Модель 1: исходные признаки,10036,51700.0,53198.942805440245
Модель 1: исходные признаки,15205,250000.0,214444.35096743694
Модель 1: исходные признаки,6079,147800.0,202024.9675539674
Модель 1: исходные признаки,8548,500001.0,269295.790512616
Модель 1: исходные признаки,7271,346700.0,254221.76801241832
Модель 1: исходные признаки,2037,144500.0,184796.61888184646
Модель 1: исходные признаки,5962,171300.0,128674.30646310809
Модель 1: исходные признаки,598,245200.0,307611.812354856
Модель 1: исходные признаки,8755,338500.0,323748.6904731057
Модель 1: исходные признаки,12125,147100.0,182902.04591721366
Модель 1: исходные признаки,2582,337900.0,334305.6618143196
Модель 1: исходные признаки,14096,158200.0,236590.4653508262
Модель 1: исходные признаки,916,150000.0,164074.88571157868
Модель 1: исходные признаки,553,149300.0,197920.80854393452
Модель 1: исходные признаки,7554,260800.0,178336.85746581684
Модель 1: исходные признаки,11333,193800.0,141508.68165567258
Модель 1: исходные признаки,11605,63300.0,90325.22003962935
Модель 1: исходные признаки,11459,157900.0,176833.15785915402
Модель 1: исходные признаки,15288,152700.0,205547.00911990262
Модель 1: исходные признаки,46,43300.0,63503.84921004833
Модель 1: исходные признаки,13584,272900.0,275470.86207828973
Модель 1: исходные признаки,3241,285200.0,303134.5973870939
Модель 1: исходные признаки,2962,120000.0,116691.92188435134
Модель 1: исходные признаки,5828,126000.0,141543.984614417
Модель 1: исходные признаки,15445,161500.0,200782.35586031826
Модель 1: исходные признаки,8761,78400.0,128276.48694990801
Модель 1: исходные признаки,9663,136900.0,166384.28866696192
Модель 1: исходные признаки,4158,360400.0,284708.5928878294
Модель 1: исходные признаки,15560,92200.0,49810.87682342542
Модель 1: исходные признаки,9446,231900.0,252613.56317115691
Модель 1: исходные признаки,7680,352700.0,327567.7710292265
Модель 1: исходные признаки,15814,233300.0,229115.6529676523
Модель 1: исходные признаки,4265,208800.0,160697.8671573758
Модель 1: исходные признаки,12568,86300.0,62934.82865147859
Модель 1: исходные признаки,10976,102500.0,31209.128755869395
Модель 1: исходные признаки,4395,271400.0,256624.3488859279
Модель 1: исходные признаки,2150,500001.0,159588.6941050228
Модель 1: исходные признаки,15813,214200.0,160384.91910052983
Модель 1: исходные признаки,4855,106900.0,145993.04534506422
Модель 1: исходные признаки,1408,260900.0,201727.45063532586
Модель 1: исходные признаки,9106,53100.0,58373.30469042265
Модель 1: исходные признаки,981,145900.0,205751.39168132909
Модель 1: исходные признаки,11469,143400.0,140978.1499368756
Модель 1: исходные признаки,15588,56600.0,30165.058356098016
Модель 1: исходные признаки,12072,133500.0,247895.57988149644
Модель 1: исходные признаки,1006,85800.0,165341.24100903136
Модель 1: исходные признаки,1872,122200.0,177403.7582639309
Модель 1: исходные признаки,4825,168600.0,271962.95876613725
Модель 1: исходные признаки,11738,110000.0,108529.49527641552
Модель 1: исходные признаки,6689,253100.0,201912.46812929274
Модель 1: исходные признаки,8452,210400.0,229655.21115465518
Модель 1: исходные признаки,12979,100000.0,141034.7642724824
Модель 1: исходные признаки,8858,330000.0,395691.3785498959
Модель 1: исходные признаки,8403,500001.0,473795.505127327
Модель 1: исходные признаки,11733,113300.0,109648.75249559937
Модель 1: исходные признаки,9642,160100.0,119132.02715322611
Модель 1: исходные признаки,12426,56700.0,26604.54616223951
Модель 1: исходные признаки,8634,500001.0,437736.7423712306
Модель 1: исходные признаки,1275,89400.0,153780.0101852621
Модель 1: исходные признаки,3554,145500.0,187736.2402315847
Модель 1: исходные признаки,16392,424400.0,344761.1918083607
Модель 1: исходные признаки,9113,57800.0,116099.67686890748
Модель 1: исходные признаки,14904,90000.0,173679.9453849275
Модель 1: исходные признаки,2646,123400.0,166426.49944251368
Модель 1: исходные признаки,10401,93000.0,-3460.2754275861053
Модель 1: исходные признаки,5191,200200.0,223922.10884409887
Модель 1: исходные признаки,7202,183900.0,145472.6236690347
Модель 1: исходные признаки,13094,150000.0,178415.06619579575
Модель 1: исходные признаки,1780,132400.0,198352.8974510257
Модель 1: исходные признаки,4923,225800.0,257255.22899439014
Модель 1: исходные признаки,8919,173800.0,260123.83245482712
Модель 1: исходные признаки,2794,242800.0,268829.69880968385
Модель 1: исходные признаки,16503,89600.0,142639.69765083652
Модель 1: исходные признаки,9131,60800.0,74007.3725541583
Модель 1: исходные признаки,1752,500001.0,481725.5304018363
Модель 1: исходные признаки,318,130800.0,102684.67931744053
Модель 1: исходные признаки,16609,124000.0,157600.43144192037
Модель 1: исходные признаки,4849,422200.0,279473.88060633384
Модель 1: исходные признаки,3312,350000.0,264318.5063200469
Модель 1: исходные признаки,16220,323800.0,276639.63430571323
Модель 1: исходные признаки,6977,104800.0,177449.36697325727
Модель 1: исходные признаки,2632,286600.0,349850.4591156458
Модель 1: исходные признаки,9470,52100.0,101829.07137062357
Модель 1: исходные признаки,12163,233800.0,223305.74195200828
Модель 1: исходные признаки,7792,425000.0,201162.26533378655
Модель 1: исходные признаки,2316,93500.0,130691.60463405102
Модель 1: исходные признаки,5698,146400.0,106860.98866530406
Модель 1: исходные признаки,12326,216600.0,233345.9836768852
Модель 1: исходные признаки,5932,153000.0,165786.41263652145
Модель 1: исходные признаки,9491,166700.0,231924.4129944568
Модель 1: исходные признаки,8326,217100.0,261989.36397158323
Модель 1: исходные признаки,5912,140100.0,141743.10076330733
Модель 1: исходные признаки,657,144700.0,251341.55620117844
Модель 1: исходные признаки,1952,67000.0,129973.28834721593
Модель 1: исходные признаки,14212,160000.0,113187.28329613226
Модель 1: исходные признаки,2751,95300.0,120333.11162385264
Модель 1: исходные признаки,12128,139400.0,149223.60431145644
Модель 1: исходные признаки,7409,207600.0,246416.6936534734
Модель 1: исходные признаки,11256,161500.0,102977.78501286409
Модель 1: исходные признаки,14922,146900.0,191773.8148094726
Модель 1: исходные признаки,6037,115000.0,141139.97855796947
Модель 1: исходные признаки,14192,235600.0,252190.32606002287
Модель 1: исходные признаки,6286,90400.0,116659.86866472571
Модель 1: исходные признаки,10910,77100.0,128303.46589523289
Модель 1: исходные признаки,15269,270900.0,269096.83632092597
Модель 1: исходные признаки,3091,500001.0,528750.3252264922
Модель 1: исходные признаки,7253,247000.0,213457.84682702975
Модель 1: исходные признаки,13573,267500.0,343131.1229968813
Модель 1: исходные признаки,7270,500001.0,508835.670860426
Модель 1: исходные признаки,15238,220800.0,232659.8568470244
Модель 1: исходные признаки,4460,430200.0,297554.00839175796
Модель 1: исходные признаки,12374,73100.0,133258.88408735383
Модель 1: исходные признаки,15501,129100.0,211105.19263238535
Модель 1: исходные признаки,12489,94200.0,146473.0797063336
Модель 1: исходные признаки,11853,130800.0,188987.25798144084
Модель 1: исходные признаки,7001,145800.0,204067.02974809177
Модель 1: исходные признаки,13268,272000.0,269295.84676214436
Модель 1: исходные признаки,4733,168100.0,260954.523682151
Модель 1: исходные признаки,5886,158200.0,230748.69103366992
Модель 1: исходные признаки,4784,316800.0,251304.96049801796
Модель 1: исходные признаки,10549,226800.0,304634.9036739336
Модель 1: исходные признаки,13038,351800.0,293975.9263857348
Модель 1: исходные признаки,12715,184300.0,181657.6179384687
Модель 1: исходные признаки,5565,350000.0,376810.2792965171
Модель 1: исходные признаки,7947,210500.0,276663.351807314
Модель 1: исходные признаки,894,155400.0,187240.21266252061
Модель 1: исходные признаки,14817,139400.0,186232.14704054865
Модель 1: исходные признаки,8696,500001.0,420508.71090254886
Модель 1: исходные признаки,546,193500.0,261524.36122321978
Модель 1: исходные признаки,1193,142900.0,180319.96098335876
Модель 1: исходные признаки,8258,182500.0,201042.10746410742
Модель 1: исходные признаки,10798,337000.0,283272.42280654423
Модель 1: исходные признаки,7869,269200.0,213819.23556737648
Модель 1: исходные признаки,5464,190600.0,125501.37490373621
Модель 1: исходные признаки,9758,53400.0,108134.33826206338
Модель 1: исходные признаки,8599,216000.0,237924.3381594719
Модель 1: исходные признаки,5861,171700.0,187357.00987471707
Модель 1: исходные признаки,3642,267700.0,252625.99434627112
Модель 1: исходные признаки,3618,500001.0,312822.29402222217
Модель 1: исходные признаки,11829,91600.0,185874.6603906442
Модель 1: исходные признаки,16235,112500.0,260485.76144036913
Модель 1: исходные признаки,9393,409300.0,341022.778648103
Модель 1: исходные признаки,1886,163600.0,132009.3409475327
Модель 1: исходные признаки,10650,71900.0,5228.912612032879
Модель 1: исходные признаки,6298,108700.0,104658.5954002229
Модель 1: исходные признаки,8837,204300.0,257346.4056746662
Модель 1: исходные признаки,13499,336500.0,295120.1626831576
Модель 1: исходные признаки,8946,309900.0,378542.5144775053
Модель 1: исходные признаки,12398,116800.0,124236.92178157745
Модель 1: исходные признаки,14155,179300.0,257623.83233829762
Модель 1: исходные признаки,1654,214500.0,242972.94533918062
Модель 1: исходные признаки,8641,211600.0,224290.12170913618
Модель 1: исходные признаки,4299,174800.0,223443.86892643975
Модель 1: исходные признаки,4668,160800.0,152842.67773681544
Модель 1: исходные признаки,6554,331200.0,309295.0725049007
Модель 1: исходные признаки,16926,72300.0,127780.31458104987
Модель 1: исходные признаки,8926,251700.0,289518.390076922
Модель 1: исходные признаки,3156,187500.0,201398.76661751364
Модель 1: исходные признаки,15815,218800.0,231069.37929628964
Модель 1: исходные признаки,4731,165700.0,245560.6130746801
Модель 1: исходные признаки,16167,306700.0,281130.3292135516
Модель 1: исходные признаки,9026,92900.0,186208.87449848364
Модель 1: исходные признаки,11584,350000.0,412885.2427151216
Модель 1: исходные признаки,14544,500001.0,547203.7813419728
Модель 1: исходные признаки,8739,229000.0,273740.6392691108
Модель 1: исходные признаки,2282,98300.0,155661.708383011
Модель 1: исходные признаки,600,281700.0,294355.03065093764
Модель 1: исходные признаки,10634,85300.0,103961.6368932992
Модель 1: исходные признаки,15874,262500.0,235528.69661276985
Модель 1: исходные признаки,15901,341300.0,280208.202072616
Модель 1: исходные признаки,5936,191700.0,135021.56322039358
Модель 1: исходные признаки,14794,500001.0,319808.73736966925
Модель 1: исходные признаки,10535,168100.0,265588.1872921018
Модель 1: исходные признаки,14673,96200.0,189930.0438760555
Модель 1: исходные признаки,6432,185400.0,147937.28591963553
Модель 1: исходные признаки,7700,190800.0,206549.61592382743
Модель 1: исходные признаки,3456,197800.0,187123.8741700426
Модель 1: исходные признаки,15718,90100.0,13235.411339546907
Модель 1: исходные признаки,2712,345400.0,310407.981818287
Модель 1: исходные признаки,7755,378100.0,295667.92316216644
Модель 1: исходные признаки,4194,177700.0,158242.67618849792
Модель 1: исходные признаки,8563,209200.0,236254.4136807666
Модель 1: исходные признаки,10,86500.0,15709.384043531913
Модель 1: исходные признаки,5642,156100.0,139470.9424901358
Модель 1: исходные признаки,3802,185600.0,247378.51316931605
Модель 1: исходные признаки,6943,360000.0,168414.16768030525
Модель 1: исходные признаки,6646,165500.0,231670.00807078436
Модель 1: исходные признаки,15267,287500.0,264783.59109337087
Модель 1: исходные признаки,674,151900.0,238790.7779311874
Модель 1: исходные признаки,2829,244800.0,249067.1408785368
Модель 1: исходные признаки,16993,106700.0,189469.72921448885
Модель 1: исходные признаки,1049,111200.0,93869.98410518194
Модель 1: исходные признаки,6800,230400.0,170668.81098851693
Модель 1: исходные признаки,5809,500001.0,376383.4901828676
Модель 1: исходные признаки,16884,74000.0,135464.4783225948
Модель 1: исходные признаки,5446,315100.0,292929.23711105325
Модель 1: исходные признаки,8075,263800.0,264932.57918698963
Модель 1: исходные признаки,3282,91800.0,119664.73708019128
Модель 1: исходные признаки,9325,175000.0,137047.99227463538
Модель 1: исходные признаки,6637,105400.0,181728.30438806704
Модель 1: исходные признаки,4458,350700.0,294141.5754546513
Модель 1: исходные признаки,2777,320800.0,226469.2931952856
Модель 1: исходные признаки,5654,136400.0,168638.26684762366
Модель 1: исходные признаки,16437,269200.0,220782.61979154596
Модель 1: исходные признаки,15927,425000.0,283292.2583217779
Модель 1: исходные признаки,1555,129200.0,144671.21911713123
Модель 1: исходные признаки,1959,182600.0,227288.17739282438
Модель 1: исходные признаки,8731,500001.0,342704.1115029201
Модель 1: исходные признаки,6572,177500.0,297300.7299913549
Модель 1: исходные признаки,8189,137100.0,149546.52923277722
Модель 1: исходные признаки,16363,332300.0,285357.0647999878
Модель 1: исходные признаки,12468,59800.0,37338.4804584562
Модель 1: исходные признаки,8851,205300.0,237252.51499747956
Модель 1: исходные признаки,16673,144000.0,176724.3310888891
Модель 1: исходные признаки,14707,53000.0,71166.24691778417
Модель 1: исходные признаки,1150,78500.0,135296.61556328583
Модель 1: исходные признаки,1790,158500.0,207495.1905078993
Модель 1: исходные признаки,10761,192600.0,262562.0898874599
Модель 1: исходные признаки,9980,193500.0,292246.4821910951
Модель 1: исходные признаки,3237,264400.0,198568.87081318008
Модель 1: исходные признаки,1587,291000.0,282253.05861817754
Модель 1: исходные признаки,5176,201500.0,228988.6493994566
Модель 1: исходные признаки,3973,222800.0,225542.4736545855
Модель 1: исходные признаки,378,112800.0,153252.90850573574
Модель 1: исходные признаки,3575,351900.0,366942.9435205307
Модель 1: исходные признаки,12943,229900.0,282592.5342748206
Модель 1: исходные признаки,2571,100000.0,104635.28861007141
Модель 1: исходные признаки,16159,443300.0,263800.22332101315
Модель 1: исходные признаки,15385,81500.0,4602.382009930053
Модель 1: исходные признаки,8973,75700.0,125591.30060341996
Модель 1: исходные признаки,1502,241600.0,249331.6408424955
Модель 1: исходные признаки,15195,271400.0,249877.83321276904
Модель 1: исходные признаки,4211,273600.0,262941.4053296656
Модель 1: исходные признаки,15886,229400.0,248554.3456622404
Модель 1: исходные признаки,15254,319400.0,304725.672825931
Модель 1: исходные признаки,8572,500001.0,620142.0790950081
Модель 1: исходные признаки,13472,413500.0,330172.9313728653
Модель 1: исходные признаки,10597,135200.0,249349.6170042054
Модель 1: исходные признаки,12678,204400.0,240283.58115762964
Модель 1: исходные признаки,9566,54100.0,78209.65122569946
Модель 1: исходные признаки,606,187500.0,106530.33444939776
Модель 1: исходные признаки,8243,355800.0,281453.2913453416
Модель 1: исходные признаки,2328,112500.0,81349.06093664982
Модель 1: исходные признаки,2141,80700.0,109459.29044786765
Модель 1: исходные признаки,6306,98800.0,167528.94636664388
Модель 1: исходные признаки,9970,49400.0,75492.52991291195
Модель 1: исходные признаки,12903,173600.0,198123.9329540258
Модель 1: исходные признаки,7335,279400.0,281518.7033962503
Модель 1: исходные признаки,4729,165100.0,187225.25099777363
Модель 1: исходные признаки,5350,350000.0,243740.2072851402
Модель 1: исходные признаки,11632,127400.0,165978.55639370027
Модель 1: исходные признаки,16380,331100.0,333910.67717438436
Модель 1: исходные признаки,16327,273700.0,262128.0291747518
Модель 1: исходные признаки,15412,144800.0,213055.72409121745
Модель 1: исходные признаки,15928,335700.0,273908.8159965266
Модель 1: исходные признаки,4452,218900.0,280217.4775496518
Модель 1: исходные признаки,1201,157600.0,177580.9379379799
Модель 1: исходные признаки,9928,58700.0,84077.53724545822
Модель 1: исходные признаки,6900,276400.0,251525.34801574246
Модель 1: исходные признаки,9684,58900.0,93375.19583517646
Модель 1: исходные признаки,1126,218900.0,234869.52446624957
Модель 1: исходные признаки,3588,184000.0,160424.37152454388
Модель 1: исходные признаки,16309,500001.0,712826.5994563908
Модель 1: исходные признаки,6059,89200.0,152508.25307658946
Модель 1: исходные признаки,12789,227600.0,245838.05353360204
Модель 1: исходные признаки,1608,89300.0,113198.7170430702
Модель 1: исходные признаки,9173,100200.0,130441.30511709282
Модель 1: исходные признаки,7957,424000.0,331260.7872164996
Модель 1: исходные признаки,3090,410400.0,359362.3626708632
Модель 1: исходные признаки,5896,212100.0,269326.1302017596
Модель 1: исходные признаки,13913,220200.0,269378.7308964696
Модель 1: исходные признаки,4818,183400.0,217626.0925384927
Модель 1: исходные признаки,7368,250000.0,224766.37410575562
Модель 1: исходные признаки,6806,225000.0,142987.37746652463
Модель 1: исходные признаки,15051,218500.0,300878.3642699238
Модель 1: исходные признаки,6974,116400.0,150745.68467238024
Модель 1: исходные признаки,2814,113200.0,130563.78758716752
Модель 1: исходные признаки,15045,261100.0,264390.76300632785
Модель 1: исходные признаки,831,120700.0,176155.70677013436
Модель 1: исходные признаки,6215,90200.0,132004.7804233711
Модель 1: исходные признаки,11101,312500.0,377340.72876941855
Модель 1: исходные признаки,6271,133300.0,131867.0290951361
Модель 1: исходные признаки,1322,147500.0,156997.55917334376
Модель 1: исходные признаки,6702,132500.0,146993.0422431787
Модель 1: исходные признаки,10216,78300.0,115662.96152749307
Модель 1: исходные признаки,15959,254000.0,239448.01536712737
Модель 1: исходные признаки,12311,123100.0,81722.29107485435
Модель 1: исходные признаки,16366,500001.0,424249.5613732797
Модель 1: исходные признаки,10872,121900.0,135479.03293749748
Модель 1: исходные признаки,14579,143400.0,260950.06401990302
Модель 1: исходные признаки,3948,187500.0,203701.09609167516
Модель 1: исходные признаки,14955,280800.0,300717.2325184693
Модель 1: исходные признаки,4411,169600.0,139881.92812885286
Модель 1: исходные признаки,15263,324400.0,323898.87308539246
Модель 1: исходные признаки,9868,267000.0,247570.25951407113
Модель 1: исходные признаки,3292,267200.0,269254.26462080557
Модель 1: исходные признаки,8642,199200.0,231124.36056815807
Модель 1: исходные признаки,4645,211900.0,182558.37387680553
Модель 1: исходные признаки,12505,450000.0,252962.2407783633
Модель 1: исходные признаки,10820,116100.0,157348.19938608396
Модель 1: исходные признаки,3285,194300.0,178127.53921479677
Модель 1: исходные признаки,5757,151800.0,176727.11973669395
Модель 1: исходные признаки,3273,157500.0,191784.95244996628
Модель 1: исходные признаки,8499,225000.0,138942.7848638635
Модель 1: исходные признаки,13286,193800.0,65696.24820083089
Модель 1: исходные признаки,6679,262500.0,138377.87696807488
Модель 1: исходные признаки,11893,164500.0,185490.96083631902
Модель 1: исходные признаки,8244,362200.0,196219.52438429507
Модель 1: исходные признаки,14139,263300.0,293802.89349183015
Модель 1: исходные признаки,6234,93600.0,151138.48596376588
Модель 1: исходные признаки,3027,233000.0,252782.33237387592
Модель 1: исходные признаки,14480,389900.0,352648.71839122096
Модель 1: исходные признаки,235,148900.0,255891.98413177067
Модель 1: исходные признаки,107,55200.0,69523.53234075954
Модель 1: исходные признаки,10916,61500.0,86251.19848852945
Модель 1: исходные признаки,8726,222800.0,218910.262290498
Модель 1: исходные признаки,6009,409800.0,231313.66934161502
Модель 1: исходные признаки,13200,276200.0,293249.4622596979
Модель 1: исходные признаки,9171,68500.0,167704.13839615678
Модель 1: исходные признаки,16370,393200.0,359791.49654275447
Модель 1: исходные признаки,14642,166300.0,260397.32230079916
Модель 1: исходные признаки,9100,53300.0,110424.49719666343
Модель 1: исходные признаки,2520,202900.0,237315.9233315184
Модель 1: исходные признаки,13285,99500.0,38798.446537063435
Модель 1: исходные признаки,9697,94200.0,146393.82028755554
Модель 1: исходные признаки,16766,94200.0,55234.80438539182
Модель 1: исходные признаки,15984,500001.0,325050.41738495464
Модель 1: исходные признаки,13043,159700.0,120033.1737874366
Модель 1: исходные признаки,14553,476300.0,312447.7081213128
Модель 1: исходные признаки,11221,151900.0,162827.38832172984
Модель 1: исходные признаки,11067,114200.0,205678.294801594
Модель 1: исходные признаки,7852,154900.0,116625.16556944829
Модель 1: исходные признаки,2219,181800.0,171100.77776773565
Модель 1: исходные признаки,7548,329200.0,280208.9099462474
Модель 1: исходные признаки,5727,133600.0,121750.13574567257
Модель 1: исходные признаки,40,64000.0,35331.81889785254
Модель 1: исходные признаки,15479,114200.0,47314.38015035549
Модель 1: исходные признаки,7341,318900.0,295151.68982640933
Модель 1: исходные признаки,5423,154100.0,194574.20655260113
Модель 1: исходные признаки,1480,126700.0,147216.09175868658
Модель 1: исходные признаки,8917,241400.0,262726.18091488903
Модель 1: исходные признаки,9982,124400.0,128419.59032247316
Модель 1: исходные признаки,5461,150500.0,202876.86342254147
Модель 1: исходные признаки,6420,207000.0,262749.6492744906
Модель 1: исходные признаки,16479,201800.0,293362.442802089
Модель 1: исходные признаки,2983,233900.0,253077.27186433424
Модель 1: исходные признаки,4086,159800.0,195014.01372461338
Модель 1: исходные признаки,13042,347700.0,325065.4046466734
Модель 1: исходные признаки,2810,181800.0,186260.78364547808
Модель 1: исходные признаки,13651,184000.0,228140.94339290707
Модель 1: исходные признаки,4425,232400.0,255948.38649733883
Модель 1: исходные признаки,3840,184800.0,226267.49327840534
Модель 1: исходные признаки,10230,97900.0,26179.30427429368
Модель 1: исходные признаки,2536,416700.0,86602.65452842253
Модель 1: исходные признаки,1288,111500.0,168090.23181356213
Модель 1: исходные признаки,6953,208300.0,158780.06958186353
Модель 1: исходные признаки,13862,350000.0,322701.927919404
Модель 1: исходные признаки,967,96800.0,148870.89041712292
Модель 1: исходные признаки,599,273600.0,312199.8501935138
Модель 1: исходные признаки,6140,96700.0,131102.180228104
Модель 1: исходные признаки,2043,91700.0,159385.47748511733
Модель 1: исходные признаки,16402,293200.0,325965.89938317274
Модель 1: исходные признаки,5063,181600.0,158282.21248822982
Модель 1: исходные признаки,1285,162300.0,185554.81324131184
Модель 1: исходные признаки,12490,97200.0,98556.79726236864
Модель 1: исходные признаки,346,93800.0,87322.27908234882
Модель 1: исходные признаки,1882,86900.0,109579.90088391764
Модель 1: исходные признаки,10656,47900.0,-43194.0314531869
Модель 1: исходные признаки,7345,500001.0,674579.5498325411
Модель 1: исходные признаки,4380,214100.0,222702.17448329367
Модель 1: исходные признаки,11346,128300.0,64476.08588399964
Модель 1: исходные признаки,12243,265900.0,253558.70147877507
Модель 1: исходные признаки,1098,86500.0,181900.68048432647
Модель 1: исходные признаки,1479,160000.0,137089.98297479912
Модель 1: исходные признаки,14886,500001.0,445415.72044811375
Модель 1: исходные признаки,3514,182300.0,195328.5688445241
Модель 1: исходные признаки,9168,76800.0,147186.6295223441
Модель 1: исходные признаки,7494,411100.0,284434.3726036303
Модель 1: исходные признаки,6075,160200.0,255107.0841105538
Модель 1: исходные признаки,4302,205100.0,256179.9512916279
Модель 1: исходные признаки,3969,221800.0,270435.7623171658
Модель 1: исходные признаки,7827,345900.0,302576.0250233076
Модель 1: исходные признаки,5177,177200.0,191738.37136227774
Модель 1: исходные признаки,12841,93800.0,147538.36502185685
Модель 1: исходные признаки,1671,159400.0,155970.0210292293
Модель 1: исходные признаки,9742,51700.0,113185.73762584702
Модель 1: исходные признаки,9921,350000.0,284539.46472564875
Модель 1: исходные признаки,9999,52600.0,92285.65025741412
Модель 1: исходные признаки,6427,163100.0,145430.1528443948
Модель 1: исходные признаки,3810,228600.0,261172.67032065196
Модель 1: исходные признаки,16975,82800.0,136130.268482883
Модель 1: исходные признаки,8228,305000.0,317431.6888846687
Модель 1: исходные признаки,16263,356300.0,246338.84114208134
Модель 1: исходные признаки,12167,58300.0,77511.19784607705
Модель 1: исходные признаки,11881,132300.0,99744.38907931795
Модель 1: исходные признаки,8494,258000.0,255571.00641525575
Модель 1: исходные признаки,7744,453700.0,280008.7642799066
Модель 1: исходные признаки,16210,457800.0,310595.45882704953
Модель 1: исходные признаки,2501,226800.0,268881.37138423783
Модель 1: исходные признаки,12898,171700.0,185105.0148404288
Модель 1: исходные признаки,3566,136200.0,124860.09433124373
Модель 1: исходные признаки,9307,194400.0,257735.39468584876
Модель 1: исходные признаки,9303,297900.0,299156.69554267655
Модель 1: исходные признаки,5230,247200.0,200979.85538708902
Модель 1: исходные признаки,717,115300.0,200322.58104060413
Модель 1: исходные признаки,13847,214500.0,298505.7808413373
Модель 1: исходные признаки,11589,92500.0,146345.7077761998
Модель 1: исходные признаки,10495,68900.0,93559.12952142263
Модель 1: исходные признаки,9074,70100.0,172274.5717440116
Модель 1: исходные признаки,12727,133900.0,208267.273959862
Модель 1: исходные признаки,16099,271700.0,219714.67648030538
Модель 1: исходные признаки,6160,292100.0,269753.0227461834
Модель 1: исходные признаки,7933,500001.0,579512.3662053779
Модель 1: исходные признаки,2866,94300.0,122385.24711716437
Модель 1: исходные признаки,15883,263900.0,225374.6872769743
Модель 1: исходные признаки,8489,236200.0,242152.6737365191
Модель 1: исходные признаки,5103,218200.0,258593.77552250368
Модель 1: исходные признаки,6001,141800.0,162089.41383287337
Модель 1: исходные признаки,9450,301800.0,282180.32895105483
Модель 1: исходные признаки,7870,364700.0,178622.6814731669
Модель 1: исходные признаки,15843,420000.0,259998.2995562264
Модель 1: исходные признаки,10078,51300.0,56187.76550319264
Модель 1: исходные признаки,6413,104600.0,153150.02418287596
Модель 1: исходные признаки,8225,500001.0,163355.36211081903
Модель 1: исходные признаки,13662,268600.0,264279.0024545604
Модель 1: исходные признаки,7302,140400.0,206227.9028682208
Модель 1: исходные признаки,111,87500.0,102398.23704652148
Модель 1: исходные признаки,358,131000.0,187311.8815837003
Модель 1: исходные признаки,11923,80200.0,104223.23247711641
Модель 1: исходные признаки,2585,248800.0,240056.37356004605
Модель 1: исходные признаки,9539,179200.0,209989.6222866285
Модель 1: исходные признаки,3217,212100.0,215425.9310385451
Модель 1: исходные признаки,10023,46600.0,67526.42965091298
Модель 1: исходные признаки,1710,114500.0,135509.29585069264
Модель 1: исходные признаки,1090,97300.0,165919.339690788
Модель 1: исходные признаки,6034,137500.0,102652.90347716722
Модель 1: исходные признаки,4644,212000.0,201718.25287180662
Модель 1: исходные признаки,5287,180800.0,197726.67463884052
Модель 1: исходные признаки,5494,153700.0,157066.56837092555
Модель 1: исходные признаки,16123,426800.0,430876.31676604
Модель 1: исходные признаки,5849,126600.0,212942.60112858212
Модель 1: исходные признаки,13561,232600.0,244445.79339549452
Модель 1: исходные признаки,8035,230800.0,182030.459888961
Модель 1: исходные признаки,4199,248100.0,247834.78039255276
Модель 1: исходные признаки,16365,67500.0,206664.93103141253
Модель 1: исходные признаки,10752,130500.0,38757.82704737249
Модель 1: исходные признаки,16415,324800.0,337489.3584190029
Модель 1: исходные признаки,6186,137500.0,241303.57194978034
Модель 1: исходные признаки,12179,240200.0,234177.46339604614
Модель 1: исходные признаки,4159,500001.0,458441.1023814143
Модель 1: исходные признаки,9795,500001.0,451282.02614482853
Модель 1: исходные признаки,13018,267000.0,342019.96876423404
Модель 1: исходные признаки,13639,215800.0,227075.9333479664
Модель 1: исходные признаки,9025,85600.0,175924.13055290715
Модель 1: исходные признаки,2803,318300.0,334909.5258894965
Модель 1: исходные признаки,2191,112300.0,138727.6486654205
Модель 1: исходные признаки,5768,139800.0,129490.21836786151
Модель 1: исходные признаки,2919,115800.0,133738.48418226684
Модель 1: исходные признаки,16384,371900.0,330136.08765341184
Модель 1: исходные признаки,4480,160600.0,156991.45985990297
Модель 1: исходные признаки,7005,146400.0,265974.7193586735
Модель 1: исходные признаки,9512,109100.0,114842.09939453873
Модель 1: исходные признаки,579,148300.0,233336.892473798
Модель 1: исходные признаки,14643,165000.0,227510.23382639207
Модель 1: исходные признаки,4246,188000.0,241015.04860013715
Модель 1: исходные признаки,1928,87500.0,207202.63140599892
Модель 1: исходные признаки,8410,268800.0,289423.96877403586
Модель 1: исходные признаки,16400,345000.0,312363.17420223507
Модель 1: исходные признаки,2490,195100.0,200839.41098182325
Модель 1: исходные признаки,3254,215000.0,187370.65959194716
Модель 1: исходные признаки,10309,87500.0,59179.0816192613
Модель 1: исходные признаки,5484,156300.0,209184.73348056382
Модель 1: исходные признаки,10021,51300.0,97964.96693562777
Модель 1: исходные признаки,12392,262500.0,218777.36527655958
Модель 1: исходные признаки,2364,119600.0,139002.04146374474
Модель 1: исходные признаки,5295,219500.0,250623.3177749666
Модель 1: исходные признаки,6594,122900.0,143084.46115013078
Модель 1: исходные признаки,3141,225600.0,158181.92142712369
Модель 1: исходные признаки,10984,164900.0,90795.8190779305
Модель 1: исходные признаки,1076,167000.0,250260.0450822547
Модель 1: исходные признаки,3662,187200.0,221236.64240181312
Модель 1: исходные признаки,2623,223300.0,248891.1564148197
Модель 1: исходные признаки,6758,218800.0,200110.9922426754
Модель 1: исходные признаки,13642,258300.0,220512.79583017522
Модель 1: исходные признаки,13107,210700.0,218807.04824920412
Модель 1: исходные признаки,7847,487500.0,231585.69241351786
Модель 1: исходные признаки,11535,145300.0,151457.5336175563
Модель 1: исходные признаки,14512,265000.0,263445.69773632125
Модель 1: исходные признаки,9933,58500.0,72820.49014116345
Модель 1: исходные признаки,9208,275000.0,208816.5711886657
Модель 1: исходные признаки,2830,251300.0,248217.60906011466
Модель 1: исходные признаки,14340,354500.0,302546.54923846724
Модель 1: исходные признаки,5986,119400.0,201235.5075493997
Модель 1: исходные признаки,8526,101400.0,99635.8384379809
Модель 1: исходные признаки,1130,166300.0,221292.7306665918
Модель 1: исходные признаки,4965,160300.0,146354.44707577815
Модель 1: исходные признаки,15103,103700.0,201883.50311926595
Модель 1: исходные признаки,14205,209900.0,226776.89030554364
Модель 1: исходные признаки,2038,173900.0,197608.65015097166
Модель 1: исходные признаки,4695,228500.0,219137.49233641848
Модель 1: исходные признаки,10471,92800.0,-25725.539096831286
Модель 1: исходные признаки,11305,174200.0,145748.2386349467
Модель 1: исходные признаки,11888,116600.0,117377.92768168476
Модель 1: исходные признаки,15612,500001.0,690376.5139246277
Модель 1: исходные признаки,887,248400.0,299425.116760906
Модель 1: исходные признаки,9811,93100.0,137580.9045610734
Модель 1: исходные признаки,3322,311300.0,235420.5332092552
Модель 1: исходные признаки,15537,140800.0,238759.59380417646
Модель 1: исходные признаки,10217,90000.0,137071.37389700254
Модель 1: исходные признаки,2078,70300.0,36753.31519245246
Модель 1: исходные признаки,10006,500001.0,477816.8218140585
Модель 1: исходные признаки,11962,100500.0,78806.97289284975
Модель 1: исходные признаки,5338,148600.0,98737.47543095161
Модель 1: исходные признаки,12320,72900.0,107386.12974477997
Модель 1: исходные признаки,861,79800.0,116018.52692818447
Модель 1: исходные признаки,14915,500001.0,442003.63561066706
Модель 1: исходные признаки,13452,235600.0,215579.4305119106
Модель 1: исходные признаки,7080,436800.0,245809.13488874128
Модель 1: исходные признаки,12626,450000.0,290133.50969679805
Модель 1: исходные признаки,5949,152500.0,139661.54171989695
Модель 1: исходные признаки,3549,500001.0,232203.51285774205
Модель 1: исходные признаки,2192,123800.0,175816.54343470503
Модель 1: исходные признаки,15698,208300.0,266161.54024006997
Модель 1: исходные признаки,664,109800.0,173024.97943660102
Модель 1: исходные признаки,8586,271200.0,289967.1120528307
Модель 1: исходные признаки,1845,215700.0,170297.46850205938
Модель 1: исходные признаки,12797,190000.0,288967.4332892046
Модель 1: исходные признаки,8629,500001.0,417339.89793286973
Модель 1: исходные признаки,2958,500001.0,353201.9573438776
Модель 1: исходные признаки,11031,139100.0,65990.00137872342
Модель 1: исходные признаки,12189,67600.0,38996.77878312374
Модель 1: исходные признаки,13667,226700.0,243576.65285845933
Модель 1: исходные признаки,8986,190500.0,180281.1364843793
Модель 1: исходные признаки,12852,330800.0,300746.76411452226
Модель 1: исходные признаки,10038,93000.0,135186.65259834618
Модель 1: исходные признаки,13543,210500.0,292610.6305409629
Модель 1: исходные признаки,4957,243200.0,205673.9956436779
Модель 1: исходные признаки,6894,273400.0,280921.8843501207
Модель 1: исходные признаки,13209,185300.0,244720.53141998677
Модель 1: исходные признаки,14780,94800.0,164661.44436811487
Модель 1: исходные признаки,11880,131300.0,165809.53205981976
Модель 1: исходные признаки,2846,118100.0,155259.85144252182
Модель 1: исходные признаки,3351,158500.0,241033.6739523986
Модель 1: исходные признаки,3918,160800.0,159078.82613592717
Модель 1: исходные признаки,12038,156300.0,86985.19542759734
Модель 1: исходные признаки,6936,220000.0,179009.4403422312
Модель 1: исходные признаки,11570,93600.0,91348.36502611908
Модель 1: исходные признаки,3936,311100.0,279426.9929615829
Модель 1: исходные признаки,9802,100200.0,132257.74175884284
Модель 1: исходные признаки,14903,92800.0,190516.3095362307
Модель 1: исходные признаки,15914,500001.0,453734.6239489483
Модель 1: исходные признаки,9561,104200.0,96266.75367230758
Модель 1: исходные признаки,15557,67900.0,35949.68465995299
Модель 1: исходные признаки,2495,247100.0,183028.0693204116
Модель 1: исходные признаки,6633,90600.0,166109.9973527827
Модель 1: исходные признаки,149,60600.0,45435.28132400074
Модель 1: исходные признаки,7366,237500.0,259443.40385411086
Модель 1: исходные признаки,9674,63900.0,86274.13847855406
Модель 1: исходные признаки,10085,276400.0,322632.5604601079
Модель 1: исходные признаки,3023,230600.0,240026.49460115746
Модель 1: исходные признаки,7180,234600.0,208396.19311162664
Модель 1: исходные признаки,6901,361500.0,331437.28648916894
Модель 1: исходные признаки,11364,151900.0,114916.65999999347
Модель 1: исходные признаки,12527,100000.0,149036.60758082633
Модель 1: исходные признаки,1301,92200.0,214442.0496380144
Модель 1: исходные признаки,15293,115200.0,182645.7790545418
Модель 1: исходные признаки,11588,112500.0,114624.39941273107
Модель 1: исходные признаки,16150,261000.0,216276.26063375938
Модель 1: исходные признаки,9788,71300.0,118362.78463837015
Модель 1: исходные признаки,4693,396700.0,294198.3297633684
Модель 1: исходные признаки,2130,206300.0,215188.46679133765
Модель 1: исходные признаки,5832,111800.0,136946.4311994979
Модель 1: исходные признаки,12616,151400.0,120178.2519566701
Модель 1: исходные признаки,6135,90100.0,129698.19753066415
Модель 1: исходные признаки,4027,194000.0,242385.52403200584
Модель 1: исходные признаки,3276,500001.0,284933.73552837083
Модель 1: исходные признаки,13468,181300.0,144134.05490560393
Модель 1: исходные признаки,10688,295500.0,277986.8496532302
Модель 1: исходные признаки,2921,184200.0,263902.6048938794
Модель 1: исходные признаки,5562,171000.0,194491.752277558
Модель 1: исходные признаки,13591,101700.0,135196.83696821937
Модель 1: исходные признаки,4401,242600.0,218383.2749400352
Модель 1: исходные признаки,12878,378800.0,325441.70979576657
Модель 1: исходные признаки,5933,133900.0,149566.4625026459
Модель 1: исходные признаки,12214,77500.0,91941.41873721028
Модель 1: исходные признаки,2549,275900.0,267865.32881471346
Модель 1: исходные признаки,9875,72200.0,121994.866551629
Модель 1: исходные признаки,11862,113700.0,157564.07743635227
Модель 1: исходные признаки,489,69000.0,107451.79722196264
Модель 1: исходные признаки,13035,262400.0,264280.4426526858
Модель 1: исходные признаки,5343,55000.0,164493.34707337653
Модель 1: исходные признаки,8713,280800.0,275465.7337761673
Модель 1: исходные признаки,1234,199800.0,194196.19509266494
Модель 1: исходные признаки,4869,210900.0,163745.88677289474
Модель 1: исходные признаки,11428,116800.0,130450.93410880776
Модель 1: исходные признаки,4258,153800.0,208916.61183676755
Модель 1: исходные признаки,6531,191100.0,281023.90387167677
Модель 1: исходные признаки,16723,86500.0,100401.76370161086
Модель 1: исходные признаки,9708,101600.0,142819.9926072422
Модель 1: исходные признаки,10528,181800.0,282809.08098975115
Модель 1: исходные признаки,2403,178700.0,195878.75159654603
Модель 1: исходные признаки,2971,268200.0,268465.42135865096
Модель 1: исходные признаки,11765,146400.0,128700.14429755854
Модель 1: исходные признаки,13865,341900.0,336978.42806585995
Модель 1: исходные признаки,16199,256600.0,226325.07668503126
Модель 1: исходные признаки,5496,222500.0,210994.0265511118
Модель 1: исходные признаки,460,270700.0,289404.1997458262
Модель 1: исходные признаки,2414,137600.0,157759.56484429495
Модель 1: исходные признаки,6816,322200.0,147672.3654505036
Модель 1: исходные признаки,12074,196700.0,245132.99477981345
Модель 1: исходные признаки,3303,190700.0,201953.25966822213
Модель 1: исходные признаки,14793,500001.0,390648.3986510605
Модель 1: исходные признаки,7917,481500.0,352891.9985479996
Модель 1: исходные признаки,9913,92600.0,139591.01923796214
Модель 1: исходные признаки,8192,139600.0,180073.47414135252
Модель 1: исходные признаки,7015,325200.0,332616.99568151636
Модель 1: исходные признаки,7113,104300.0,204734.55796137924
Модель 1: исходные признаки,12699,107200.0,142266.38466339064
Модель 1: исходные признаки,7084,291500.0,215655.49192567918
Модель 1: исходные признаки,12856,196300.0,240237.6846116915
Модель 1: исходные признаки,11674,143000.0,171619.7954319502
Модель 1: исходные признаки,8624,240300.0,248912.71295563507
Модель 1: исходные признаки,3871,180000.0,182602.4315926212
Модель 1: исходные признаки,13614,281900.0,395223.4847235531
Модель 1: исходные признаки,14197,283900.0,328597.1272957759
Модель 1: исходные признаки,13930,311400.0,294850.4222071417
Модель 1: исходные признаки,14722,140500.0,205512.24027778427
Модель 1: исходные признаки,7687,500001.0,470062.83825778007
Модель 1: исходные признаки,11245,138400.0,95450.23665115242
Модель 1: исходные признаки,12105,108300.0,135077.59039852116
Модель 1: исходные признаки,11238,212500.0,166309.90486620335
Модель 1: исходные признаки,8928,211800.0,237050.85636860694
Модель 1: исходные признаки,13993,273600.0,258821.70417320068
Модель 1: исходные признаки,1184,166500.0,192225.7069432679
Модель 1: исходные признаки,16979,70200.0,134798.08443900495
Модель 1: исходные признаки,2334,126100.0,155113.05748925268
Модель 1: исходные признаки,5147,188200.0,199580.73093074412
Модель 1: исходные признаки,15291,147900.0,153865.24706355462
Модель 1: исходные признаки,11852,146400.0,122414.43148351021
Модель 1: исходные признаки,16905,99200.0,129438.10306244927
Модель 1: исходные признаки,12772,118800.0,-175402.88467822562
Модель 1: исходные признаки,1768,208300.0,225738.42137614472
Модель 1: исходные признаки,12531,288100.0,277202.4339907678
Модель 1: исходные признаки,6418,120700.0,208927.79739971878
Модель 1: исходные признаки,4665,120300.0,155701.06506664254
Модель 1: исходные признаки,15913,500001.0,347905.2666309061
Модель 1: исходные признаки,7729,207700.0,164369.4624264658
Модель 1: исходные признаки,11873,126900.0,188270.52782082168
Модель 1: исходные признаки,2208,140500.0,146390.00554396553
Модель 1: исходные признаки,588,185700.0,213278.71191093186
Модель 1: исходные признаки,13544,244100.0,235869.93126550276
Модель 1: исходные признаки,15319,397900.0,302121.11219822726
Модель 1: исходные признаки,6956,138400.0,124530.99278976626
Модель 1: исходные признаки,12405,99100.0,83599.03900669942
Модель 1: исходные признаки,20,44400.0,-19540.288122031383
Модель 1: исходные признаки,16151,209500.0,206395.06442248792
Модель 1: исходные признаки,3095,238300.0,231128.35414604694
Модель 1: исходные признаки,13222,302900.0,298455.0783218226
Модель 1: исходные признаки,13393,500001.0,456965.0591532022
Модель 1: исходные признаки,6456,306800.0,259439.36766696596
Модель 1: исходные признаки,13087,368400.0,280279.3898090914
Модель 1: исходные признаки,2260,69500.0,86549.00673442433
Модель 1: исходные признаки,14830,80600.0,157688.30865391047
Модель 1: исходные признаки,14997,240900.0,228643.39585781307
Модель 1: исходные признаки,10212,229500.0,259461.1597304292
Модель 1: исходные признаки,12000,126200.0,144755.41062252028
Модель 1: исходные признаки,11913,173300.0,175641.39715780073
Модель 1: исходные признаки,6489,129200.0,104422.89274483423
Модель 1: исходные признаки,9198,57000.0,170355.4348408884
Модель 1: исходные признаки,8371,334700.0,244588.912050021
Модель 1: исходные признаки,8381,81200.0,128844.64840708875
Модель 1: исходные признаки,7969,327300.0,262720.07052645116
Модель 1: исходные признаки,7224,230800.0,292206.8889617749
Модель 1: исходные признаки,3318,186000.0,220161.6276351797
Модель 1: исходные признаки,10043,64500.0,107588.68146690534
Модель 1: исходные признаки,16653,252100.0,262421.07980563305
Модель 1: исходные признаки,15021,109800.0,181756.66884223418
Модель 1: исходные признаки,5458,137500.0,135730.61545067932
Модель 1: исходные признаки,5460,142800.0,132845.86597786145
Модель 1: исходные признаки,15678,140400.0,132076.16405505445
Модель 1: исходные признаки,4898,204300.0,239780.16522230287
Модель 1: исходные признаки,2912,139200.0,157545.6873335381
Модель 1: исходные признаки,15231,207900.0,205878.12571460218
Модель 1: исходные признаки,13278,247900.0,242557.78356128823
Модель 1: исходные признаки,16539,350000.0,276884.6138285436
Модель 1: исходные признаки,7322,202100.0,215766.1416420267
Модель 1: исходные признаки,6790,256800.0,192303.577138034
Модель 1: исходные признаки,15106,133300.0,172713.3089474106
Модель 1: исходные признаки,14540,205200.0,249341.30267500138
Модель 1: исходные признаки,7417,157500.0,159287.09787502498
Модель 1: исходные признаки,6848,95800.0,153688.48071734238
Модель 1: исходные признаки,9044,58000.0,123983.80629056215
Модель 1: исходные признаки,10887,138400.0,104742.58761213336
Модель 1: исходные признаки,15833,274500.0,293097.441913835
Модель 1: исходные признаки,44,88400.0,26138.581123473967
Модель 1: исходные признаки,7502,254700.0,223368.5197656729
Модель 1: исходные признаки,15311,173400.0,204747.95774337184
Модель 1: исходные признаки,12671,34200.0,-56694.764281744116
Модель 1: исходные признаки,25,100000.0,137284.93031692688
Модель 1: исходные признаки,1061,263600.0,266725.27656353044
Модель 1: исходные признаки,4156,168300.0,134361.9391625588
Модель 1: исходные признаки,16488,265600.0,275952.08074616827
Модель 1: исходные признаки,3497,201600.0,241088.4399701418
Модель 1: исходные признаки,2653,237400.0,283435.6439625013
Модель 1: исходные признаки,13016,178900.0,275776.44489271747
Модель 1: исходные признаки,391,118900.0,181158.87786283848
Модель 1: исходные признаки,12922,387500.0,356712.88299070287
Модель 1: исходные признаки,6775,300000.0,252235.4719662938
Модель 1: исходные признаки,9931,50000.0,97466.96167694953
Модель 1: исходные признаки,7906,377200.0,324860.86516153807
Модель 1: исходные признаки,16110,350000.0,252023.19410742976
Модель 1: исходные признаки,15645,111400.0,96130.97112773902
Модель 1: исходные признаки,11855,133800.0,222446.36761517913
Модель 1: исходные признаки,16917,82100.0,120660.1821100219
Модель 1: исходные признаки,3146,203200.0,229536.0959279536
Модель 1: исходные признаки,8532,241100.0,257307.14878695286
Модель 1: исходные признаки,7073,330300.0,228222.73204752663
Модель 1: исходные признаки,16745,100300.0,112696.99364103761
Модель 1: исходные признаки,14327,185300.0,240835.20480216236
Модель 1: исходные признаки,3195,189900.0,226578.7471725421
Модель 1: исходные признаки,4445,229600.0,230960.5337567914
Модель 1: исходные признаки,13942,190900.0,247401.72393613972
Модель 1: исходные признаки,15362,156900.0,189092.5881559931
Модель 1: исходные признаки,1536,277500.0,276272.9459225805
Модель 1: исходные признаки,11850,114000.0,132089.16226372236
Модель 1: исходные признаки,875,127700.0,146822.17540479533
Модель 1: исходные признаки,16853,64500.0,109676.66026614056
Модель 1: исходные признаки,16187,281300.0,251363.47705322385
Модель 1: исходные признаки,15236,372000.0,323766.66558762017
Модель 1: исходные признаки,2268,119500.0,143800.89848029971
Модель 1: исходные признаки,5844,135200.0,168692.4222596243
Модель 1: исходные признаки,7009,194700.0,209107.48814520414
Модель 1: исходные признаки,1426,284700.0,212367.57430855106
Модель 1: исходные признаки,2152,133200.0,160891.36401920218
Модель 1: исходные признаки,3651,318700.0,271632.1342490494
Модель 1: исходные признаки,5748,142300.0,160674.785700374
Модель 1: исходные признаки,11832,114300.0,126384.87101411984
Модель 1: исходные признаки,2689,124300.0,143300.3867567744
Модель 1: исходные признаки,16128,228600.0,269402.431512225
Модель 1: исходные признаки,13455,244400.0,216939.34656912996
Модель 1: исходные признаки,5776,107300.0,133208.33650153587
Модель 1: исходные признаки,727,137800.0,206970.6281304552
Модель 1: исходные признаки,10291,500001.0,348719.5179193652
Модель 1: исходные признаки,590,217100.0,282885.4778608154
Модель 1: исходные признаки,12349,91200.0,156976.7009011485
Модель 1: исходные признаки,2062,116700.0,120072.35697525523
Модель 1: исходные признаки,14245,500001.0,500901.38653557684
Модель 1: исходные признаки,10437,153500.0,75701.80449029051
Модель 1: исходные признаки,12020,145400.0,150843.50143857478
Модель 1: исходные признаки,7945,175900.0,184660.85057929505
Модель 1: исходные признаки,7487,243800.0,231054.98986490525
Модель 1: исходные признаки,8787,333100.0,318753.50097075826
Модель 1: исходные признаки,15920,316700.0,218353.44362394183
Модель 1: исходные признаки,14932,118100.0,148943.94921783268
Модель 1: исходные признаки,16961,74100.0,118379.08622078384
Модель 1: исходные признаки,16670,250800.0,206270.78129586112
Модель 1: исходные признаки,3213,216700.0,204583.73045657153
Модель 1: исходные признаки,13785,224200.0,206341.07887985933
Модель 1: исходные признаки,10608,60900.0,22895.262622727296
Модель 1: исходные признаки,12726,204300.0,160989.31686373608
Модель 1: исходные признаки,8982,204200.0,258342.16490635346
Модель 1: исходные признаки,12564,193100.0,238669.3323979239
Модель 1: исходные признаки,136,84700.0,39959.859773641314
Модель 1: исходные признаки,9123,63700.0,134338.95411848568
Модель 1: исходные признаки,1500,192200.0,210305.36113797588
Модель 1: исходные признаки,7272,225000.0,293439.9891828556
Модель 1: исходные признаки,2948,379800.0,345234.81828985683
Модель 1: исходные признаки,4762,68500.0,195298.48436971975
Модель 1: исходные признаки,4449,216600.0,235213.03817334372
Модель 1: исходные признаки,14284,174100.0,257762.29869238494
Модель 1: исходные признаки,9747,106300.0,116983.66788965989
Модель 1: исходные признаки,11780,186900.0,211722.20941882415
Модель 1: исходные признаки,3529,252000.0,276072.1441790448
Модель 1: исходные признаки,13409,257600.0,239233.83267633396
Модель 1: исходные признаки,3623,150500.0,209226.88876466724
Модель 1: исходные признаки,1908,97300.0,203139.10761021235
Модель 1: исходные признаки,14336,165600.0,281109.0147476288
Модель 1: исходные признаки,5126,319100.0,188386.23756763345
Модель 1: исходные признаки,6199,98600.0,142114.3603081193
Модель 1: исходные признаки,1687,245800.0,196672.7257019965
Модель 1: исходные признаки,5614,200400.0,234654.84866251072
Модель 1: исходные признаки,14680,96700.0,163703.7683916156
Модель 1: исходные признаки,6325,105800.0,203121.84085006628
Модель 1: исходные признаки,2807,345700.0,282642.26616480586
Модель 1: исходные признаки,9345,167400.0,167243.46595156367
Модель 1: исходные признаки,4350,233700.0,244796.99109229824
Модель 1: исходные признаки,10311,48000.0,60287.52423974016
Модель 1: исходные признаки,5681,148100.0,177642.31910380264
Модель 1: исходные признаки,8663,246400.0,271487.8124791078
Модель 1: исходные признаки,11670,115400.0,136599.6592669199
Модель 1: исходные признаки,8072,458600.0,242797.42529366544
Модель 1: исходные признаки,1931,259800.0,267452.5892127891
Модель 1: исходные признаки,9300,207700.0,251672.66101132552
Модель 1: исходные признаки,15282,196400.0,254134.69776959115
Модель 1: исходные признаки,2510,238000.0,211924.23345816587
Модель 1: исходные признаки,1871,97400.0,180823.64257651256
Модель 1: исходные признаки,8363,500001.0,259566.96287383654
Модель 1: исходные признаки,11061,185100.0,227160.9545236079
Модель 1: исходные признаки,2224,88100.0,112483.39956079167
Модель 1: исходные признаки,16944,130600.0,187315.9118555635
Модель 1: исходные признаки,6455,230600.0,231462.65680986192
Модель 1: исходные признаки,9408,223600.0,230389.52414877038
Модель 1: исходные признаки,11149,145000.0,158657.37862943028
Модель 1: исходные признаки,9806,93800.0,89443.10659199957
Модель 1: исходные признаки,7446,232700.0,186005.0089381285
Модель 1: исходные признаки,899,95300.0,154505.26214709142
Модель 1: исходные признаки,15132,191300.0,208493.7955135431
Модель 1: исходные признаки,16014,455900.0,386472.6302743363
Модель 1: исходные признаки,6928,211100.0,148184.91642600377
Модель 1: исходные признаки,8112,178700.0,201958.3929758792
Модель 1: исходные признаки,3947,341300.0,280363.5515121878
Модель 1: исходные признаки,6746,162800.0,160373.70594967727
Модель 1: исходные признаки,16421,500001.0,399880.9320255045
Модель 1: исходные признаки,7972,310000.0,230150.14033890286
Модель 1: исходные признаки,694,278600.0,280449.4684189361
Модель 1: исходные признаки,6933,254500.0,150224.3270099179
Модель 1: исходные признаки,10507,139800.0,258354.5934126559
Модель 1: исходные признаки,4234,174400.0,208588.08399227718
Модель 1: исходные признаки,1553,77200.0,122428.86791335301
Модель 1: исходные признаки,15200,211300.0,222207.41274365044
Модель 1: исходные признаки,8810,162900.0,201616.46039681774
Модель 1: исходные признаки,13918,186000.0,260879.56407939756
Модель 1: исходные признаки,7911,330700.0,321593.6156894543
Модель 1: исходные признаки,1581,237300.0,279533.9343556384
Модель 1: исходные признаки,14367,172700.0,239765.29928870226
Модель 1: исходные признаки,15974,500001.0,336414.3082828652
Модель 1: исходные признаки,3343,500001.0,336744.98151012126
Модель 1: исходные признаки,13257,332600.0,262673.9045771115
Модель 1: исходные признаки,6665,208300.0,163064.31015221126
Модель 1: исходные признаки,2294,113800.0,95159.24426536728
Модель 1: исходные признаки,6833,108000.0,137155.6525954384
Модель 1: исходные признаки,4671,284200.0,259255.11992597865
Модель 1: исходные признаки,16646,179200.0,226198.87350987154
Модель 1: исходные признаки,14749,500001.0,465725.9129962551
Модель 1: исходные признаки,15517,111100.0,101242.42692571122
Модель 1: исходные признаки,11612,65900.0,86919.69504970012
Модель 1: исходные признаки,6918,349300.0,224058.36125475328
Модель 1: исходные признаки,15905,500001.0,295867.78057238256
Модель 1: исходные признаки,566,293900.0,283191.6896028863
Модель 1: исходные признаки,858,131400.0,158721.06668937602
Модель 1: исходные признаки,2568,113200.0,128306.42565853044
Модель 1: исходные признаки,2666,183300.0,153903.33264637738
Модель 1: исходные признаки,16023,391900.0,282429.877495525
Модель 1: исходные признаки,13731,337000.0,253954.21221588572
Модель 1: исходные признаки,14347,273300.0,361167.673443624
Модель 1: исходные признаки,9000,500001.0,354710.0211384224
Модель 1: исходные признаки,4324,207400.0,292609.9759448349
Модель 1: исходные признаки,1861,405200.0,271787.4035194081
Модель 1: исходные признаки,1510,90900.0,139183.1138271051
Модель 1: исходные признаки,8865,193400.0,271497.81125829526
Модель 1: исходные признаки,8024,163700.0,124411.78136335862
Модель 1: исходные признаки,6170,282600.0,207880.20747566264
Модель 1: исходные признаки,1577,363600.0,365361.79929786024
Модель 1: исходные признаки,753,261500.0,272212.42410880455
Модель 1: исходные признаки,14837,500001.0,535919.9946962777
Модель 1: исходные признаки,9617,63300.0,39180.11639418852
Модель 1: исходные признаки,14422,500001.0,429336.5695291526
Модель 1: исходные признаки,10783,109900.0,94644.52395808305
Модель 1: исходные признаки,16297,262500.0,294930.0968448975
Модель 1: исходные признаки,5777,99500.0,128918.83287382139
Модель 1: исходные признаки,7989,266700.0,213132.88155743445
Модель 1: исходные признаки,7588,178400.0,217243.93924705105
Модель 1: исходные признаки,1603,163300.0,163047.84117681408
Модель 1: исходные признаки,3443,216200.0,243233.92899030173
Модель 1: исходные признаки,16117,500001.0,338611.6787377994
Модель 1: исходные признаки,8685,221000.0,273091.1306160779
Модель 1: исходные признаки,14060,324200.0,257019.7761723275
Модель 1: исходные признаки,12524,130400.0,168447.55759378802
Модель 1: исходные признаки,824,184000.0,253963.73057777795
Модель 1: исходные признаки,11481,201800.0,212246.66707413725
Модель 1: исходные признаки,13879,195300.0,195613.49206359603
Модель 1: исходные признаки,3290,220000.0,251659.5419528776
Модель 1: исходные признаки,4726,171400.0,171808.01610086375
Модель 1: исходные признаки,13682,342000.0,304525.5494025425
Модель 1: исходные признаки,13996,430100.0,290534.5775235225
Модель 1: исходные признаки,16998,85800.0,64002.95884806322
Модель 1: исходные признаки,1360,177300.0,166695.06341257156
Модель 1: исходные признаки,12309,80000.0,70733.7418639488
Модель 1: исходные признаки,10790,181400.0,226016.4866627512
Модель 1: исходные признаки,11390,151200.0,148551.13192594252
Модель 1: исходные признаки,5093,173800.0,243984.0520035858
Модель 1: исходные признаки,14869,141700.0,190806.78623650564
Модель 1: исходные признаки,12557,263100.0,213236.77345070866
Модель 1: исходные признаки,7681,366900.0,329983.8510879004
Модель 1: исходные признаки,16764,117000.0,214158.5474209357
Модель 1: исходные признаки,4777,260100.0,244516.55681977922
Модель 1: исходные признаки,16228,314700.0,266137.84905621846
Модель 1: исходные признаки,12083,95700.0,116320.96328076345
Модель 1: исходные признаки,9283,121000.0,203407.20900407314
Модель 1: исходные признаки,2252,125000.0,145288.2088340972
Модель 1: исходные признаки,12835,111400.0,116553.22912572887
Модель 1: исходные признаки,4388,231200.0,274852.1204427404
Модель 1: исходные признаки,9946,74300.0,115262.00927360606
Модель 1: исходные признаки,7278,500001.0,368430.70014902385
Модель 1: исходные признаки,1530,467600.0,381327.1314805439
Модель 1: исходные признаки,9562,108100.0,150257.46100077563
Модель 1: исходные признаки,13670,261800.0,230749.9898436825
Модель 1: исходные признаки,11186,163400.0,120447.8221913682
Модель 1: исходные признаки,14458,159400.0,171248.98538701228
Модель 1: исходные признаки,16876,116200.0,180268.26953893757
Модель 1: исходные признаки,10744,249600.0,239577.89070632195
Модель 1: исходные признаки,12792,221500.0,242219.4370711497
Модель 1: исходные признаки,11069,172200.0,330148.0165768869
Модель 1: исходные признаки,1571,183900.0,177069.88645607146
Модель 1: исходные признаки,1454,172000.0,233609.58622923106
Модель 1: исходные признаки,11903,118800.0,112761.454830387
Модель 1: исходные признаки,15315,293200.0,283533.63412058697
Модель 1: исходные признаки,10888,126800.0,149936.64159707425
Модель 1: исходные признаки,8933,94600.0,170413.75292895664
Модель 1: исходные признаки,4841,253900.0,251970.42510923187
Модель 1: исходные признаки,959,84400.0,131825.37982156652
Модель 1: исходные признаки,10732,117200.0,132403.4229976497
Модель 1: исходные признаки,7904,432100.0,317544.99540262757
Модель 1: исходные признаки,13174,281900.0,244773.2439388008
Модель 1: исходные признаки,14054,211300.0,275748.59341620293
Модель 1: исходные признаки,688,264700.0,169174.26789360234
Модель 1: исходные признаки,2944,500001.0,471213.7961430189
Модель 1: исходные признаки,7838,500001.0,404113.0037622753
Модель 1: исходные признаки,698,429300.0,447546.26366973325
Модель 1: исходные признаки,13305,239200.0,252745.8190815785
Модель 1: исходные признаки,6151,117700.0,184127.63325093433
Модель 1: исходные признаки,15917,460000.0,294670.3996928277
Модель 1: исходные признаки,4103,189600.0,258920.19442615286
Модель 1: исходные признаки,8119,175500.0,195710.3704545502
Модель 1: исходные признаки,4177,212600.0,254002.45950122192
Модель 1: исходные признаки,13461,264600.0,253884.74081446894
Модель 1: исходные признаки,6532,166900.0,234890.86924096354
Модель 1: исходные признаки,4222,178100.0,97686.2176896717
Модель 1: исходные признаки,306,163100.0,183096.00460639622
Модель 1: исходные признаки,259,235600.0,250958.38832073924
Модель 1: исходные признаки,3902,265000.0,243283.36214518908
Модель 1: исходные признаки,14043,234700.0,345327.0827078983
Модель 1: исходные признаки,3900,284600.0,318815.127182703
Модель 1: исходные признаки,11785,102800.0,135075.73125778144
Модель 1: исходные признаки,561,132300.0,141512.4870008494
Модель 1: исходные признаки,11927,88200.0,126993.20379019466
Модель 1: исходные признаки,11024,63600.0,107366.11033866538
Модель 1: исходные признаки,10293,47100.0,82430.89317181124
Модель 1: исходные признаки,7562,332600.0,287935.93264312996
Модель 1: исходные признаки,11798,55000.0,131345.1477388602
Модель 1: исходные признаки,12872,241000.0,291349.62308612966
Модель 1: исходные признаки,13576,265300.0,233218.04021989217
Модель 1: исходные признаки,2494,294200.0,282963.05147530005
Модель 1: исходные признаки,1139,116100.0,181053.0710004751
Модель 1: исходные признаки,10654,79900.0,86060.88780933675
Модель 1: исходные признаки,7349,205400.0,303447.7238755505
Модель 1: исходные признаки,12652,95300.0,65328.6096391309
Модель 1: исходные признаки,10473,104800.0,109849.68086838382
Модель 1: исходные признаки,6403,100000.0,136208.6626734508
Модель 1: исходные признаки,197,194500.0,340425.8187090661
Модель 1: исходные признаки,15035,371400.0,153977.25827853766
Модель 1: исходные признаки,15437,118400.0,91426.09083938098
Модель 1: исходные признаки,8527,251800.0,250632.4466070414
Модель 1: исходные признаки,7242,302200.0,254303.6665407937
Модель 1: исходные признаки,16759,262500.0,226885.92276654253
Модель 1: исходные признаки,380,211900.0,192758.6475404003
Модель 1: исходные признаки,200,73300.0,61155.94749026043
Модель 1: исходные признаки,4799,272600.0,299338.07633646677
Модель 1: исходные признаки,7902,328100.0,311878.8742923528
Модель 1: исходные признаки,8379,500001.0,477119.69808083074
Модель 1: исходные признаки,11229,113800.0,62172.68132008488
Модель 1: исходные признаки,4528,476700.0,193155.76368171093
Модель 1: исходные признаки,7353,172600.0,213007.88867390476
Модель 1: исходные признаки,13207,237500.0,216598.32130413983
Модель 1: исходные признаки,1544,289600.0,221715.08258585056
Модель 1: исходные признаки,4743,123400.0,149506.69167124323
Модель 1: исходные признаки,4252,202800.0,192877.48218074092
Модель 1: исходные признаки,3657,220000.0,197651.3403978442
Модель 1: исходные признаки,13323,243200.0,272945.80798911286
Модель 1: исходные признаки,5327,238900.0,272202.366000316
Модель 1: исходные признаки,3524,166400.0,199138.00674559397
Модель 1: исходные признаки,13362,292500.0,272745.3739820545
Модель 1: исходные признаки,3611,335700.0,264152.8305506756
Модель 1: исходные признаки,7893,319400.0,206223.54596092246
Модель 1: исходные признаки,12300,77700.0,104042.38124722091
Модель 1: исходные признаки,8840,302000.0,306069.4182602244
Модель 1: исходные признаки,13218,296600.0,310706.6292585541
Модель 1: исходные признаки,16827,60300.0,78881.45122877715
Модель 1: исходные признаки,8567,229200.0,281787.7436746295
Модель 1: исходные признаки,16423,362500.0,276172.3261394002
Модель 1: исходные признаки,9354,83300.0,120779.49153921599
Модель 1: исходные признаки,12510,134000.0,54337.1829079449
Модель 1: исходные признаки,1883,152700.0,64895.13184134963
Модель 1: исходные признаки,9126,80900.0,160248.9872790637
Модель 1: исходные признаки,1453,417500.0,258070.70682981197
Модель 1: исходные признаки,11920,88200.0,128405.00029560072
Модель 1: исходные признаки,16264,318500.0,220851.76937912827
Модель 1: исходные признаки,14979,127000.0,182090.31308077302
Модель 1: исходные признаки,2387,131500.0,151058.4856641865
Модель 1: исходные признаки,14760,378100.0,383952.0750263355
Модель 1: исходные признаки,8734,154600.0,-133692.8528136173
Модель 1: исходные признаки,15196,287500.0,254252.71252336408
Модель 1: исходные признаки,7459,328900.0,310595.8143475554
Модель 1: исходные признаки,4669,344700.0,281273.9621776828
Модель 1: исходные признаки,10561,66000.0,129725.94064223889
Модель 1: исходные признаки,12906,165300.0,171517.7243134204
Модель 1: исходные признаки,7716,500001.0,256099.24207266883
Модель 1: исходные признаки,10618,138000.0,254960.01352899673
Модель 1: исходные признаки,4951,500001.0,531792.175422102
Модель 1: исходные признаки,1848,122400.0,202034.61889789125
Модель 1: исходные признаки,9693,84800.0,88946.32316337046
Модель 1: исходные признаки,12146,180400.0,202534.46360261843
Модель 1: исходные признаки,3782,195400.0,218537.80553187605
Модель 1: исходные признаки,11701,102800.0,118333.70952692145
Модель 1: исходные признаки,9733,67500.0,79214.92865605086
Модель 1: исходные признаки,3377,237400.0,204366.76773289128
Модель 1: исходные признаки,5676,425500.0,240241.83348186233
Модель 1: исходные признаки,7612,500001.0,226105.41542145077
Модель 1: исходные признаки,4155,151100.0,182400.21664108723
Модель 1: исходные признаки,15363,132500.0,172570.261548592
Модель 1: исходные признаки,10314,88200.0,136210.8728828257
Модель 1: исходные признаки,9947,70400.0,122185.1682724324
Модель 1: исходные признаки,12354,55100.0,54433.41449901904
Модель 1: исходные признаки,16710,204600.0,222600.98664269559
Модель 1: исходные признаки,13598,98500.0,176911.31762711317
Модель 1: исходные признаки,2306,91100.0,76164.16404087494
Модель 1: исходные признаки,5918,472700.0,365307.7699815736
Модель 1: исходные признаки,15576,350000.0,170454.79846780616
Модель 1: исходные признаки,15745,238000.0,205707.43388345896
Модель 1: исходные признаки,1137,147500.0,193072.70816432367
Модель 1: исходные признаки,12460,70300.0,33947.4325548397
Модель 1: исходные признаки,2753,162500.0,197970.18681441687
Модель 1: исходные признаки,1442,152400.0,209136.0364859675
Модель 1: исходные признаки,9361,234300.0,248265.91809279923
Модель 1: исходные признаки,13192,122200.0,114316.73098770609
Модель 1: исходные признаки,503,195800.0,271750.03199342923
Модель 1: исходные признаки,8798,253000.0,313940.740529816
Модель 1: исходные признаки,13439,253600.0,284152.05019493337
Модель 1: исходные признаки,3776,366700.0,235153.56171765606
Модель 1: исходные признаки,7162,450000.0,239931.4291916444
Модель 1: исходные признаки,1497,161400.0,194756.4166480222
Модель 1: исходные признаки,13537,294400.0,316932.1027704417
Модель 1: исходные признаки,16516,112500.0,205298.6563095512
Модель 1: исходные признаки,8158,500001.0,248264.1580828165
Модель 1: исходные признаки,8725,224900.0,230216.94538780104
Модель 1: исходные признаки,9508,186800.0,254564.37372154646
Модель 1: исходные признаки,4092,324900.0,261428.25094805108
Модель 1: исходные признаки,9271,58400.0,37316.241202918536
Модель 1: исходные признаки,4115,180200.0,184691.01266709945
Модель 1: исходные признаки,12247,70500.0,94345.77422482305
Модель 1: исходные признаки,8555,243800.0,273846.74570771813
Модель 1: исходные признаки,14601,405900.0,276824.6907922811
Модель 1: исходные признаки,10863,165800.0,178584.5009675274
Модель 1: исходные признаки,16466,368700.0,323648.8121069586
Модель 1: исходные признаки,16197,334600.0,275076.6874412733
Модель 1: исходные признаки,6948,190600.0,140174.38557133742
Модель 1: исходные признаки,524,150300.0,249653.30568301835
Модель 1: исходные признаки,15475,352800.0,235197.1449641151
Модель 1: исходные признаки,9346,175800.0,195490.3807019133
Модель 1: исходные признаки,5062,211800.0,137409.78556906487
Модель 1: исходные признаки,11792,88800.0,166220.43952933728
Модель 1: исходные признаки,14691,79700.0,164575.92063068057
Модель 1: исходные признаки,11817,130600.0,200605.28719270122
Модель 1: исходные признаки,10280,113100.0,86692.45388395598
Модель 1: исходные признаки,9728,133300.0,139368.7014925448
Модель 1: исходные признаки,13523,286800.0,307488.7057396601
Модель 1: исходные признаки,3070,334600.0,333845.63274946023
Модель 1: исходные признаки,13625,288300.0,317430.8229943915
Модель 1: исходные признаки,13213,200000.0,238011.83920046833
Модель 1: исходные признаки,613,174400.0,231426.89383859726
Модель 1: исходные признаки,11420,150000.0,54624.701362224194
Модель 1: исходные признаки,2612,113600.0,181861.31413554796
Модель 1: исходные признаки,1787,154600.0,116335.95339123145
Модель 1: исходные признаки,13549,356000.0,351107.4771923784
Модель 1: исходные признаки,7724,334100.0,267757.1060426391
Модель 1: исходные признаки,7782,223800.0,210717.36756244715
Модель 1: исходные признаки,9003,299400.0,306839.3391603417
Модель 1: исходные признаки,23,71300.0,44524.50626558449
Модель 1: исходные признаки,410,94500.0,137814.05633416807
Модель 1: исходные признаки,14405,196400.0,254250.15692619138
Модель 1: исходные признаки,12106,119800.0,187556.10016598698
Модель 1: исходные признаки,5740,134200.0,128329.48733543757
Модель 1: исходные признаки,1724,137300.0,133925.21372773143
Модель 1: исходные признаки,15624,175400.0,243954.93104108068
Модель 1: исходные признаки,1398,81900.0,99863.84691215248
Модель 1: исходные признаки,11886,189900.0,249937.2638155844
Модель 1: исходные признаки,10615,128100.0,228460.0711772254
Модель 1: исходные признаки,4374,205200.0,282206.5572611556
Модель 1: исходные признаки,15096,281100.0,266736.94947026926
Модель 1: исходные признаки,8385,325200.0,235558.11013387368
Модель 1: исходные признаки,16398,211700.0,229853.7399832668
Модель 1: исходные признаки,2891,112500.0,127353.27201744635
Модель 1: исходные признаки,15115,357300.0,410087.77356471715
Модель 1: исходные признаки,13804,500001.0,435677.39331865613
Модель 1: исходные признаки,15458,177800.0,270833.52079362347
Модель 1: исходные признаки,5703,483700.0,357364.2456748925
Модель 1: исходные признаки,5629,137500.0,140910.28874153976
Модель 1: исходные признаки,7059,434400.0,265984.0742367587
Модель 1: исходные признаки,12862,231400.0,148520.44668362133
Модель 1: исходные признаки,1344,200000.0,201162.2750284017
Модель 1: исходные признаки,15304,137500.0,132824.0815699019
Модель 1: исходные признаки,1977,89400.0,102831.9048058403
Модель 1: исходные признаки,4068,281500.0,279184.81448406575
Модель 1: исходные признаки,16320,270200.0,278283.4833262751
Модель 1: исходные признаки,4026,198100.0,220370.4269005223
Модель 1: исходные признаки,8908,399400.0,291706.01880286273
Модель 1: исходные признаки,4334,500001.0,493832.09946173127
Модель 1: исходные признаки,5476,127100.0,149592.41796111074
Модель 1: исходные признаки,10247,107200.0,47445.40939674961
Модель 1: исходные признаки,3698,156800.0,241005.21716639184
Модель 1: исходные признаки,4429,179800.0,232917.74220906984
Модель 1: исходные признаки,4208,216400.0,257546.9238858265
Модель 1: исходные признаки,8487,319400.0,330203.1439880722
Модель 1: исходные признаки,627,103000.0,180687.5594585515
Модель 1: исходные признаки,2756,252200.0,248811.42128181976
Модель 1: исходные признаки,6929,240600.0,168074.8141673772
Модель 1: исходные признаки,15013,108500.0,83402.77620525735
Модель 1: исходные признаки,12331,158300.0,178745.55884310632
Модель 1: исходные признаки,5763,160800.0,203888.71186528896
Модель 1: исходные признаки,13403,112500.0,262739.35856077727
Модель 1: исходные признаки,12612,283100.0,275460.3160934965
Модель 1: исходные признаки,6555,257400.0,203606.3431205093
Модель 1: исходные признаки,4413,162100.0,127373.80402855335
Модель 1: исходные признаки,9579,123800.0,52964.28651044327
Модель 1: исходные признаки,8589,418500.0,190049.24130641893
Модель 1: исходные признаки,8206,234900.0,189375.36991472988
Модель 1: исходные признаки,16332,246300.0,201853.57658680796
Модель 1: исходные признаки,7048,118800.0,197002.29873964126
Модель 1: исходные признаки,445,112100.0,111784.89152854712
Модель 1: исходные признаки,11618,187500.0,207635.68075944067
Модель 1: исходные признаки,1192,162500.0,186338.63120260532
Модель 1: исходные признаки,12485,65300.0,77141.60729521017
Модель 1: исходные признаки,6986,136100.0,212124.65504990178
Модель 1: исходные признаки,15161,311800.0,361182.76740099996
Модель 1: исходные признаки,13538,89600.0,98421.33229161978
Модель 1: исходные признаки,11495,182400.0,148738.04931844844
Модель 1: исходные признаки,10016,53500.0,133545.1143569895
Модель 1: исходные признаки,5976,151200.0,191498.05709250233
Модель 1: исходные признаки,7258,450000.0,224887.90149856536
Модель 1: исходные признаки,4911,156400.0,200957.38947991008
Модель 1: исходные признаки,5262,341100.0,200552.96793266473
Модель 1: исходные признаки,10670,102000.0,-10548.463079035775
Модель 1: исходные признаки,13703,118800.0,154577.60022256456
Модель 1: исходные признаки,3912,159400.0,218111.4494270664
Модель 1: исходные признаки,5213,500001.0,262433.72403140157
Модель 1: исходные признаки,12593,221000.0,254341.0038793273
Модель 1: исходные признаки,15854,162500.0,209051.5268743671
Модель 1: исходные признаки,13568,287100.0,242948.59574324783
Модель 1: исходные признаки,2356,154700.0,182598.1702812707
Модель 1: исходные признаки,16888,150000.0,142569.2553955612
Модель 1: исходные признаки,4187,169000.0,222041.07349337582
Модель 1: исходные признаки,13688,442500.0,413628.76068094536
Модель 1: исходные признаки,15995,475000.0,233210.04527130543
Модель 1: исходные признаки,6604,95000.0,136932.40142712367
Модель 1: исходные признаки,13944,440500.0,306374.11214687495
Модель 1: исходные признаки,6087,431800.0,299329.3715005521
Модель 1: исходные признаки,1368,157600.0,184466.42611556596
Модель 1: исходные признаки,9402,305800.0,325508.10757201334
Модель 1: исходные признаки,1424,408500.0,309265.9332817608
Модель 1: исходные признаки,15266,346800.0,289862.6643701602
Модель 1: исходные признаки,1319,149900.0,238462.05990455917
Модель 1: исходные признаки,9792,54400.0,118857.92976210556
Модель 1: исходные признаки,467,316700.0,260195.35054514313
Модель 1: исходные признаки,2812,128800.0,155112.6464173877
Модель 1: исходные признаки,8700,419900.0,387300.8705711623
Модель 1: исходные признаки,15727,112500.0,178103.71590479775
Модель 1: исходные признаки,10550,275100.0,356830.53819129674
Модель 1: исходные признаки,1197,130600.0,206296.08827217924
Модель 1: исходные признаки,13557,196200.0,253514.53633996216
Модель 1: исходные признаки,12266,103900.0,118438.059102069
Модель 1: исходные признаки,10996,58000.0,2305.0486192684484
Модель 1: исходные признаки,12176,98700.0,140692.20002588205
Модель 1: исходные признаки,7090,121500.0,215376.0102719262
Модель 1: исходные признаки,76,107200.0,142696.95192335855
Модель 1: исходные признаки,12719,293800.0,223572.77635575167
Модель 1: исходные признаки,8712,500001.0,510253.39436761476
Модель 1: исходные признаки,11100,162500.0,55166.41445573162
Модель 1: исходные признаки,12341,32500.0,76185.2243512368
Модель 1: исходные признаки,62,60300.0,58074.66754624087
Модель 1: исходные признаки,33,113800.0,98159.38479794559
Модель 1: исходные признаки,14395,364500.0,321323.70245908696
Модель 1: исходные признаки,7786,265200.0,274983.5364607747
Модель 1: исходные признаки,9666,297400.0,243178.31857063872
Модель 1: исходные признаки,10854,101000.0,76096.80460498537
Модель 1: исходные признаки,1317,135800.0,177433.34027790438
Модель 1: исходные признаки,3641,198200.0,233852.32931968418
Модель 1: исходные признаки,1295,168300.0,215107.425368744
Модель 1: исходные признаки,10796,172100.0,227768.3064793031
Модель 1: исходные признаки,4309,185700.0,216194.153163555
Модель 1: исходные признаки,12242,123500.0,106784.60662363394
Модель 1: исходные признаки,1159,131600.0,191037.43410553038
Модель 1: исходные признаки,14777,121600.0,208005.26312060593
Модель 1: исходные признаки,2,85700.0,-29048.71419813827
Модель 1: исходные признаки,3587,177900.0,197755.04993128218
Модель 1: исходные признаки,5181,191600.0,256845.734399854
Модель 1: исходные признаки,1080,126300.0,174609.06405060148
Модель 1: исходные признаки,10572,150000.0,201341.12199312047
Модель 1: исходные признаки,14116,498800.0,406455.5244702593
Модель 1: исходные признаки,2075,100500.0,104712.83533373674
Модель 1: исходные признаки,9787,88400.0,133655.8581212787
Модель 1: исходные признаки,7951,237900.0,265425.8493595881
Модель 1: исходные признаки,16368,470500.0,422842.2524076897
Модель 1: исходные признаки,5916,500001.0,314789.17756181606
Модель 1: исходные признаки,6434,195800.0,240922.58049549608
Модель 1: исходные признаки,474,151700.0,195466.21945535234
Модель 1: исходные признаки,7825,314900.0,287175.57362955104
Модель 1: исходные признаки,7154,315100.0,245970.42352716695
Модель 1: исходные признаки,3003,500001.0,583861.2927801766
Модель 1: исходные признаки,6244,372900.0,292162.0792383415
Модель 1: исходные признаки,12252,137500.0,108479.28611453493
Модель 1: исходные признаки,12282,137500.0,102558.54799628585
Модель 1: исходные признаки,5157,227300.0,201213.26993129164
Модель 1: исходные признаки,3229,209500.0,160137.80246958014
Модель 1: исходные признаки,11471,134500.0,149972.4950776444
Модель 1: исходные признаки,10182,81100.0,120878.4060044476
Модель 1: исходные признаки,7626,500001.0,273917.2345385835
Модель 1: исходные признаки,16025,261900.0,307488.4853957949
Модель 1: исходные признаки,6966,127100.0,98890.8572921372
Модель 1: исходные признаки,9528,65200.0,56975.55101078149
Модель 1: исходные признаки,14484,204200.0,259624.59278660492
Модель 1: исходные признаки,4153,145900.0,129426.5074439217
Модель 1: исходные признаки,924,149100.0,203604.74857716303
Модель 1: исходные признаки,13808,500001.0,492145.0191416596
Модель 1: исходные признаки,13765,144900.0,209293.35362264354
Модель 1: исходные признаки,12327,191900.0,185036.63762933077
Модель 1: исходные признаки,12888,146400.0,185083.81603627227
Модель 1: исходные признаки,13890,166600.0,247208.8570796826
Модель 1: исходные признаки,5852,154700.0,169856.51199115932
Модель 1: исходные признаки,3074,216900.0,183228.59467041816
Модель 1: исходные признаки,12793,184400.0,195672.67278887684
Модель 1: исходные признаки,15016,54100.0,61955.20346929081
Модель 1: исходные признаки,4672,220100.0,186430.45345662857
Модель 1: исходные признаки,8352,387500.0,314194.4233970845
Модель 1: исходные признаки,12816,343000.0,270471.49014927424
Модель 1: исходные признаки,8839,335000.0,307510.725257031
Модель 1: исходные признаки,1432,255200.0,245041.18140261693
Модель 1: исходные признаки,14098,350000.0,220975.37255999955
Модель 1: исходные признаки,16375,327200.0,263882.23548950325
Модель 1: исходные признаки,10009,128300.0,161506.83458850835
Модель 1: исходные признаки,10512,146700.0,259736.04712796074
Модель 1: исходные признаки,12877,169100.0,239066.04115632296
Модель 1: исходные признаки,9671,55900.0,102710.21349578958
Модель 1: исходные признаки,7147,382100.0,254218.44894121648
Модель 1: исходные признаки,14391,500001.0,456829.7441894596
Модель 1: исходные признаки,12383,60600.0,24406.200391310882
Модель 1: исходные признаки,13672,270300.0,284968.72225918324
Модель 1: исходные признаки,14079,107200.0,178297.72962849826
Модель 1: исходные признаки,10929,127100.0,147594.67434017648
Модель 1: исходные признаки,13842,301100.0,220595.27760022128
Модель 1: исходные признаки,14047,310600.0,237054.1204882613
Модель 1: исходные признаки,13857,365700.0,396575.66934502864
Модель 1: исходные признаки,7133,188000.0,227252.89604367266
Модель 1: исходные признаки,7467,194900.0,181187.718546479
Модель 1: исходные признаки,7615,393600.0,322829.46436983655
Модель 1: исходные признаки,2267,96600.0,144732.68089748773
Модель 1: исходные признаки,3523,164100.0,119789.03371473735
Модель 1: исходные признаки,2245,102000.0,140765.11748207535
Модель 1: исходные признаки,14129,197100.0,259291.3168656176
Модель 1: исходные признаки,13528,430900.0,318017.5039816437
Модель 1: исходные признаки,605,113500.0,128803.702523632
Модель 1: исходные признаки,1447,187500.0,142939.62821490635
Модель 1: исходные признаки,6129,151600.0,158233.1706632553
Модель 1: исходные признаки,16984,70000.0,116048.35312385308
Модель 1: исходные признаки,8903,321800.0,326335.34296822175
Модель 1: исходные признаки,14037,182000.0,198321.5388036071
Модель 1: исходные признаки,5721,166300.0,182649.32654480517
Модель 1: исходные признаки,1797,278300.0,293892.33362440474
Модель 1: исходные признаки,7441,225000.0,209368.42901502288
Модель 1: исходные признаки,4571,410400.0,344672.8567905342
Модель 1: исходные признаки,10612,183800.0,337985.38282712793
Модель 1: исходные признаки,2335,127300.0,122205.20937018952
Модель 1: исходные признаки,2856,500001.0,443253.9840400179
Модель 1: исходные признаки,9615,107600.0,136240.57711482333
Модель 1: исходные признаки,3603,213400.0,220289.37929110057
Модель 1: исходные признаки,9060,49400.0,51682.486813255244
Модель 1: исходные признаки,11975,145900.0,144939.28018479916
Модель 1: исходные признаки,8435,270100.0,252931.41021124396
Модель 1: исходные признаки,4920,242000.0,267422.94164561783
Модель 1: исходные признаки,13435,142100.0,170324.86226612996
Модель 1: исходные признаки,14900,145800.0,253221.80572295506
Модель 1: исходные признаки,4603,178000.0,225708.61258596744
Модель 1: исходные признаки,8302,421900.0,256618.3278529166
Модель 1: исходные признаки,1629,316700.0,312895.6333331936
Модель 1: исходные признаки,9115,60700.0,107959.62538224485
Модель 1: исходные признаки,11556,54400.0,79935.53436202134
Модель 1: исходные признаки,6384,114800.0,141965.55575962347
Модель 1: исходные признаки,16527,171200.0,133996.08706745823
Модель 1: исходные признаки,5028,104000.0,106850.58958846808
Модель 1: исходные признаки,11326,274500.0,202141.54435550576
Модель 1: исходные признаки,4722,161200.0,238522.50326369944
Модель 1: исходные признаки,9676,57100.0,69204.2427311342
Модель 1: исходные признаки,7930,380800.0,350176.07689185615
Модель 1: исходные признаки,14323,180900.0,208838.07731511144
Модель 1: исходные признаки,2785,129200.0,188253.67831754562
Модель 1: исходные признаки,5523,156500.0,142657.26813420467
Модель 1: исходные признаки,1488,92400.0,171899.06308747389
Модель 1: исходные признаки,8763,120800.0,187680.29556749915
Модель 1: исходные признаки,3325,102500.0,132563.35894966612
Модель 1: исходные признаки,10242,91500.0,58988.82543924475
Модель 1: исходные признаки,12061,87600.0,73406.36471070886
Модель 1: исходные признаки,12513,73500.0,76710.92666561305
Модель 1: исходные признаки,7163,300000.0,278110.8324897707
Модель 1: исходные признаки,3908,500001.0,315906.81352637644
Модель 1: исходные признаки,7636,333300.0,146869.75734790316
Модель 1: исходные признаки,2960,445600.0,302137.70325827727
Модель 1: исходные признаки,8828,500001.0,448836.2961586052
Модель 1: исходные признаки,8812,350000.0,302010.3968958167
Модель 1: исходные признаки,10985,196300.0,175282.39081269136
Модель 1: исходные признаки,10762,174200.0,193840.8518444454
Модель 1: исходные признаки,12745,82100.0,126275.26434491755
Модель 1: исходные признаки,9191,50000.0,69064.2811417929
Модель 1: исходные признаки,1523,196000.0,170063.03744210218
Модель 1: исходные признаки,750,278000.0,264952.9310514069
Модель 1: исходные признаки,6564,219200.0,220671.06602555508
Модель 1: исходные признаки,8993,104600.0,175844.0653606541
Модель 1: исходные признаки,10505,91900.0,92579.5366829614
Модель 1: исходные признаки,1971,151900.0,180671.62912417736
Модель 1: исходные признаки,3124,500001.0,435008.63923154824
Модель 1: исходные признаки,9348,186200.0,221740.1233086981
Модель 1: исходные признаки,1800,393500.0,265971.74863007874
Модель 1: исходные признаки,9093,55500.0,133865.47829757546
Модель 1: исходные признаки,14805,155700.0,248153.84888819623
Модель 1: исходные признаки,15296,126900.0,241801.18517977378
Модель 1: исходные признаки,14082,189600.0,237289.90076007208
Модель 1: исходные признаки,7853,154300.0,209140.46839111307
Модель 1: исходные признаки,12138,109300.0,151053.35661763453
Модель 1: исходные признаки,1832,85700.0,134518.2314308072
Модель 1: исходные признаки,14515,334000.0,288295.96077160776
Модель 1: исходные признаки,2929,374000.0,334195.49256851303
Модель 1: исходные признаки,13745,373400.0,296643.3682562725
Модель 1: исходные признаки,3001,487200.0,483641.6545738702
Модель 1: исходные признаки,5593,181300.0,197244.79832190447
Модель 1: исходные признаки,5315,398100.0,279529.34628084523
Модель 1: исходные признаки,2541,293200.0,291041.2109397197
Модель 1: исходные признаки,4233,401000.0,332701.56168437825
Модель 1: исходные признаки,3562,204200.0,234455.36270363475
Модель 1: исходные признаки,15400,149700.0,211531.78733794912
Модель 1: исходные признаки,10993,189200.0,163127.47686538313
Модель 1: исходные признаки,14017,238600.0,327341.2508074587
Модель 1: исходные признаки,6717,128600.0,196562.589194449
Модель 1: исходные признаки,8168,324000.0,261856.05795781323
Модель 1: исходные признаки,11891,116100.0,122388.78434442123
Модель 1: исходные признаки,10030,100800.0,203098.2553289635
Модель 1: исходные признаки,10295,52500.0,64712.94255475384
Модель 1: исходные признаки,14433,150800.0,193158.53999211817
Модель 1: исходные признаки,16261,500001.0,356997.9996096256
Модель 1: исходные признаки,15983,500001.0,406998.91068637377
Модель 1: исходные признаки,13202,441000.0,386908.72605162597
Модель 1: исходные признаки,12373,74300.0,116101.15625097834
Модель 1: исходные признаки,12972,78100.0,54771.044565767406
Модель 1: исходные признаки,7261,500001.0,252036.6730793818
Модель 1: исходные признаки,11102,217500.0,178694.1984423804
Модель 1: исходные признаки,15650,81300.0,134351.0717987872
Модель 1: исходные признаки,10741,49500.0,80091.73786403764
Модель 1: исходные признаки,6635,110000.0,189500.84397180192
Модель 1: исходные признаки,4516,294900.0,332987.0936528243
Модель 1: исходные признаки,14424,500001.0,408462.67437710956
Модель 1: исходные признаки,5003,218900.0,264218.764709234
Модель 1: исходные признаки,16009,488900.0,261387.09377410632
Модель 1: исходные признаки,5427,149200.0,141348.7712967308
Модель 1: исходные признаки,15761,500001.0,228198.37478222538
Модель 1: исходные признаки,7131,210300.0,242366.9523225226
Модель 1: исходные признаки,5035,148500.0,158433.48236408486
Модель 1: исходные признаки,6277,100800.0,118911.140639758
Модель 1: исходные признаки,12575,213500.0,201358.5139252322
Модель 1: исходные признаки,817,281600.0,251103.6266115182
Модель 1: исходные признаки,14658,161300.0,217418.8383860631
Модель 1: исходные признаки,11814,109400.0,127315.90155853398
Модель 1: исходные признаки,15637,104200.0,145666.3654027873
Модель 1: исходные признаки,6773,332800.0,277485.484362204
Модель 1: исходные признаки,1079,122700.0,161096.5290776401
Модель 1: исходные признаки,16752,62000.0,41159.38220479328
Модель 1: исходные признаки,11883,94400.0,162397.0307898509
Модель 1: исходные признаки,11282,241100.0,253554.49528128596
Модель 1: исходные признаки,11801,114300.0,163188.2062183052
Модель 1: исходные признаки,9216,69900.0,211602.02106369165
Модель 1: исходные признаки,4192,160900.0,185971.1771892099
Модель 1: исходные признаки,2697,314000.0,373551.22259712435
Модель 1: исходные признаки,9394,281100.0,310608.33492656046
Модель 1: исходные признаки,4842,247300.0,299119.92430765636
Модель 1: исходные признаки,9486,37500.0,132461.5347422159
Модель 1: исходные признаки,9331,195100.0,233381.9152243698
Модель 1: исходные признаки,905,86200.0,128114.04985882128
Модель 1: исходные признаки,11931,139300.0,186747.12484064244
Модель 1: исходные признаки,11115,80900.0,109348.81213087695
Модель 1: исходные признаки,12090,101300.0,143663.63776579264
Модель 1: исходные признаки,16544,202700.0,186984.75584631079
Модель 1: исходные признаки,3527,180700.0,181415.86599660735
Модель 1: исходные признаки,6712,123200.0,175820.07498372794
Модель 1: исходные признаки,13231,295200.0,285099.7212089834
Модель 1: исходные признаки,11198,154900.0,10669.985722673204
Модель 1: исходные признаки,9317,234800.0,308271.0194517566
Модель 1: исходные признаки,808,142300.0,184592.56194386448
Модель 1: исходные признаки,16718,174000.0,187313.70152985607
Модель 1: исходные признаки,1887,98600.0,146305.57379710238
Модель 1: исходные признаки,9381,199500.0,249915.68509051047
Модель 1: исходные признаки,4269,279700.0,238509.36169345264
Модель 1: исходные признаки,3786,161200.0,168112.4411239943
Модель 1: исходные признаки,13121,247000.0,272604.60989506234
Модель 1: исходные признаки,15080,289400.0,291553.38499581546
Модель 1: исходные признаки,6829,147900.0,164987.06525567235
Модель 1: исходные признаки,7858,186300.0,213589.28165890535
Модель 1: исходные признаки,14235,340000.0,276935.4641054292
Модель 1: исходные признаки,3816,199200.0,249163.37576841956
Модель 1: исходные признаки,16280,297800.0,301856.1471362793
Модель 1: исходные признаки,10202,74500.0,131806.89061066744
Модель 1: исходные признаки,5018,231600.0,289003.0560107907
Модель 1: исходные признаки,11266,187500.0,129797.41340697418
Модель 1: исходные признаки,16868,77100.0,105906.06087215217
Модель 1: исходные признаки,4925,226200.0,269629.745186736
Модель 1: исходные признаки,10714,102100.0,137580.05454023002
Модель 1: исходные признаки,97,64400.0,78544.0609564525
Модель 1: исходные признаки,8304,440100.0,314670.9199160856
Модель 1: исходные признаки,10593,72300.0,107531.54440326385
Модель 1: исходные признаки,13878,166700.0,165648.53338193803
Модель 1: исходные признаки,4517,338800.0,321181.810891833
Модель 1: исходные признаки,14951,80600.0,101128.86315546569
Модель 1: исходные признаки,7476,366100.0,269902.0595740196
Модель 1: исходные признаки,12993,188100.0,233179.33317029444
Модель 1: исходные признаки,5691,162500.0,197808.11700590295
Модель 1: исходные признаки,11929,86000.0,88271.9236297085
Модель 1: исходные признаки,12983,367900.0,330698.9492996288
Модель 1: исходные признаки,11275,102200.0,127027.80791800018
Модель 1: исходные признаки,484,162300.0,238877.26544230717
Модель 1: исходные признаки,3725,241700.0,243153.2315566554
Модель 1: исходные признаки,6854,120000.0,212793.90394455704
Модель 1: исходные признаки,7300,296800.0,243853.17412889624
Модель 1: исходные признаки,13820,216400.0,262325.1242692569
Модель 1: исходные признаки,3496,267600.0,279292.9145903239
Модель 1: исходные признаки,8418,480100.0,332450.8467311286
Модель 1: исходные признаки,3161,187600.0,210576.97184118547
Модель 1: исходные признаки,15848,500001.0,357484.87344787957
Модель 1: исходные признаки,2241,73400.0,46522.63545057499
Модель 1: исходные признаки,1640,263800.0,256608.01543204195
Модель 1: исходные признаки,15077,430300.0,317511.376653571
Модель 1: исходные признаки,4728,158000.0,201367.3234077414
Модель 1: исходные признаки,3977,196300.0,162598.39702766578
Модель 1: исходные признаки,4107,218100.0,274131.4497170029
Модель 1: исходные признаки,1315,73800.0,68273.68120411022
Модель 1: исходные признаки,10595,223100.0,328572.3338586067
Модель 1: исходные признаки,13827,178200.0,230244.19360268518
Модель 1: исходные признаки,15969,342300.0,282101.5027477053
Модель 1: исходные признаки,5947,155000.0,159475.6067624192
Модель 1: исходные признаки,14723,164400.0,265947.6698930422
Модель 1: исходные признаки,8128,341800.0,296828.8799287865
Модель 1: исходные признаки,3742,189900.0,186497.6822552664
Модель 1: исходные признаки,16541,194300.0,174423.287543287
Модель 1: исходные признаки,5796,142600.0,134638.76233341786
Модель 1: исходные признаки,8880,404700.0,354245.8389655888
Модель 1: исходные признаки,11199,117100.0,82281.57158538599
Модель 1: исходные признаки,2116,122500.0,138651.82044028697
Модель 1: исходные признаки,15199,210200.0,231979.11120387554
Модель 1: исходные признаки,3308,297100.0,137172.5183741458
Модель 1: исходные признаки,16304,349200.0,328851.89546124975
Модель 1: исходные признаки,10204,72500.0,121724.7450760973
Модель 1: исходные признаки,2923,263700.0,271515.81313135056
Модель 1: исходные признаки,5998,160700.0,182682.46112171697
Модель 1: исходные признаки,8581,500001.0,260357.35862922887
Модель 1: исходные признаки,1740,296200.0,275219.57703775784
Модель 1: исходные признаки,3114,223000.0,249166.841342072
Модель 1: исходные признаки,61,70700.0,92322.89142758893
Модель 1: исходные признаки,6792,500001.0,359397.390853195
Модель 1: исходные признаки,9180,78000.0,95998.01250205819
Модель 1: исходные признаки,13945,255400.0,224041.6883403115
Модель 1: исходные признаки,13225,263600.0,286992.8168138033
Модель 1: исходные признаки,12864,219400.0,259355.9771788002
Модель 1: исходные признаки,12028,105200.0,140824.0510378291
Модель 1: исходные признаки,7794,500001.0,351975.521609791
Модель 1: исходные признаки,128,62800.0,122902.2025005523
Модель 1: исходные признаки,6492,95800.0,143555.0661280067
Модель 1: исходные признаки,3101,454300.0,443160.75828309305
Модель 1: исходные признаки,11615,119400.0,125873.38627699355
Модель 1: исходные признаки,1954,115700.0,167798.26249666206
Модель 1: исходные признаки,13354,300000.0,192347.28516796083
Модель 1: исходные признаки,11379,92300.0,24686.845449647968
Модель 1: исходные признаки,16163,366700.0,282001.8313744949
Модель 1: исходные признаки,2562,145600.0,206178.63871735145
Модель 1: исходные признаки,10997,153800.0,96405.06836705105
Модель 1: исходные признаки,2577,251900.0,288380.39231764537
Модель 1: исходные признаки,6030,112500.0,493494.7878844548
Модель 1: исходные признаки,2423,245200.0,211303.73631372396
Модель 1: исходные признаки,8695,500001.0,362825.1687528218
Модель 1: исходные признаки,12209,107900.0,100010.31298968433
Модель 1: исходные признаки,14492,194100.0,235558.4967310653
Модель 1: исходные признаки,6395,95000.0,134828.22382908204
Модель 1: исходные признаки,8198,178200.0,200807.65116255987
Модель 1: исходные признаки,1995,129300.0,209161.77653132105
Модель 1: исходные признаки,5793,160400.0,168883.096433122
Модель 1: исходные признаки,1292,158900.0,127391.09397157896
Модель 1: исходные признаки,12731,174600.0,205364.82035945184
Модель 1: исходные признаки,5099,188000.0,205441.89799628605
Модель 1: исходные признаки,1955,133800.0,190103.465198321
Модель 1: исходные признаки,6963,105800.0,133881.5681018793
Модель 1: исходные признаки,9698,97400.0,107084.45609479936
Модель 1: исходные признаки,15305,112500.0,156938.70784859633
Модель 1: исходные признаки,12471,154400.0,181082.83735839566
Модель 1: исходные признаки,13247,225800.0,248711.37205028994
Модель 1: исходные признаки,15689,81300.0,8881.608846077761
Модель 1: исходные признаки,8263,152000.0,197556.63959762853
Модель 1: исходные признаки,8556,301700.0,310169.6305143658
Модель 1: исходные признаки,10841,68900.0,69188.41180754073
Модель 1: исходные признаки,13681,339600.0,303872.53685983404
Модель 1: исходные признаки,12949,182200.0,97812.17594261123
Модель 1: исходные признаки,5246,225000.0,390965.304390498
Модель 1: исходные признаки,10416,87500.0,122088.5122113449
Модель 1: исходные признаки,2525,108300.0,158775.4216537419
Модель 1: исходные признаки,229,90900.0,122941.74288860883
Модель 1: исходные признаки,2913,109800.0,155990.3472180129
Модель 1: исходные признаки,382,119000.0,177247.8303732565
Модель 1: исходные признаки,10748,258900.0,279362.02148048405
Модель 1: исходные признаки,3931,158100.0,227645.18620208977
Модель 1: исходные признаки,9042,46800.0,83176.05067935854
Модель 1: исходные признаки,9073,90400.0,216369.2852436952
Модель 1: исходные признаки,13127,225900.0,242021.49489267025
Модель 1: исходные признаки,9426,500001.0,358552.9769906362
Модель 1: исходные признаки,14876,114800.0,183541.5897259976
Модель 1: исходные признаки,16430,320100.0,301708.8169825624
Модель 1: исходные признаки,12599,225000.0,94743.49521094117
Модель 1: исходные признаки,11725,135700.0,146852.64448644538
Модель 1: исходные признаки,6327,113100.0,173911.52488137985
Модель 1: исходные признаки,11595,110700.0,131895.24493795817
Модель 1: исходные признаки,13171,331600.0,308580.490630809
Модель 1: исходные признаки,4084,160300.0,213799.22997659282
Модель 1: исходные признаки,14435,426100.0,457438.43337212753
Модель 1: исходные признаки,3159,115100.0,114299.08193304711
Модель 1: исходные признаки,7530,170800.0,225411.1510340132
Модель 1: исходные признаки,4053,183900.0,213764.700966173
Модель 1: исходные признаки,13715,179000.0,203933.432884362
Модель 1: исходные признаки,2788,222100.0,200281.92544005447
Модель 1: исходные признаки,7374,288900.0,168814.11439257942
Модель 1: исходные признаки,16349,336700.0,254814.58855514086
Модель 1: исходные признаки,2329,125000.0,131945.69770070212
Модель 1: исходные признаки,6011,274600.0,298670.7300177442
Модель 1: исходные признаки,6926,218200.0,153624.01957440356
Модель 1: исходные признаки,5516,354700.0,249868.20815376763
Модель 1: исходные признаки,7891,500001.0,448397.0732733733
Модель 1: исходные признаки,5252,231000.0,203838.61669447643
Модель 1: исходные признаки,8580,228100.0,217745.365202868
Модель 1: исходные признаки,6744,145200.0,208458.56689471376
Модель 1: исходные признаки,4464,445200.0,261156.22334898185
Модель 1: исходные признаки,16196,319200.0,225610.4713866666
Модель 1: исходные признаки,8618,230400.0,214252.73633861775
Модель 1: исходные признаки,14513,500001.0,492189.8715619391
Модель 1: исходные признаки,16841,76900.0,192404.64861912892
Модель 1: исходные признаки,10450,200000.0,18550.462997135885
Модель 1: исходные признаки,11743,105300.0,108704.67741210386
Модель 1: исходные признаки,8775,210100.0,242734.47439599305
Модель 1: исходные признаки,308,147800.0,257234.4238179246
Модель 1: исходные признаки,2168,216600.0,319642.7094691673
Модель 1: исходные признаки,4093,333500.0,290825.1070411512
Модель 1: исходные признаки,15765,375000.0,254249.34370067104
Модель 1: исходные признаки,4349,226000.0,127460.18559507208
Модель 1: исходные признаки,2312,121400.0,172152.56781033953
Модель 1: исходные признаки,14090,186500.0,292872.38103562954
Модель 1: исходные признаки,10391,137900.0,208782.54472949434
Модель 1: исходные признаки,11002,290500.0,279259.7809695778
Модель 1: исходные признаки,1974,122200.0,176308.91249279276
Модель 1: исходные признаки,10002,69100.0,131755.39347707323
Модель 1: исходные признаки,10124,66900.0,99783.21789817816
Модель 1: исходные признаки,13763,131300.0,198569.52917109628
Модель 1: исходные признаки,15433,391000.0,308016.36150292534
Модель 1: исходные признаки,12970,362500.0,212441.74144668924
Модель 1: исходные признаки,11220,169400.0,103334.61488842963
Модель 1: исходные признаки,2696,500001.0,617555.1498236052
Модель 1: исходные признаки,10718,328800.0,361452.48643862107
Модель 1: исходные признаки,15565,133400.0,202071.13760936694
Модель 1: исходные признаки,10099,57100.0,131761.5210825638
Модель 1: исходные признаки,1764,385300.0,280070.5366298225
Модель 1: исходные признаки,14295,359000.0,312279.7865311866
Модель 1: исходные признаки,9503,101900.0,186494.7375983021
Модель 1: исходные признаки,6657,287500.0,193067.21701256483
Модель 1: исходные признаки,11157,68000.0,120496.53371380841
Модель 1: исходные признаки,6495,101500.0,130693.33487917346
Модель 1: исходные признаки,1560,113700.0,152000.02239173063
Модель 1: исходные признаки,10334,117300.0,74382.74938161168
Модель 1: исходные признаки,5659,131900.0,184686.2961050065
Модель 1: исходные признаки,5363,204300.0,207453.46425827823
Модель 1: исходные признаки,4235,203700.0,271465.5890832726
Модель 1: исходные признаки,12899,183800.0,199951.82280238433
Модель 1: исходные признаки,10511,149800.0,260710.86576934616
Модель 1: исходные признаки,5631,145800.0,171135.9027971394
Модель 1: исходные признаки,12360,178900.0,178887.79580150283
Модель 1: исходные признаки,1242,171200.0,215131.6977405008
Модель 1: исходные признаки,35,107800.0,113604.17889556882
Модель 1: исходные признаки,7931,430000.0,326830.2847961822
Модель 1: исходные признаки,6259,217800.0,192642.66375754445
Модель 1: исходные признаки,4341,307400.0,212223.13176401338
Модель 1: исходные признаки,736,136900.0,209664.0749915437
Модель 1: исходные признаки,1202,185300.0,251033.96439235937
Модель 1: исходные признаки,2673,142500.0,173659.80907226994
Модель 1: исходные признаки,7108,118600.0,157646.4917299483
Модель 1: исходные признаки,6770,254300.0,240160.81937302777
Модель 1: исходные признаки,3894,201200.0,215237.48629034648
Модель 1: исходные признаки,14702,73600.0,108167.66018667833
Модель 1: исходные признаки,8742,178800.0,189528.87131339993
Модель 1: исходные признаки,5542,125500.0,140702.2381031822
Модель 1: исходные признаки,2752,150000.0,109529.46985376648
Модель 1: исходные признаки,9294,156300.0,121297.16581377006
Модель 1: исходные признаки,3331,155500.0,241021.49145905292
Модель 1: исходные признаки,6718,105800.0,162799.46168051276
Модель 1: исходные признаки,3219,225000.0,245519.8252591768
Модель 1: исходные признаки,11249,78100.0,14295.97261104481
Модель 1: исходные признаки,4465,500001.0,267950.4374470457
Модель 1: исходные признаки,11730,326700.0,249203.19748857024
Модель 1: исходные признаки,14527,245400.0,233612.24095042783
Модель 1: исходные признаки,1697,298600.0,250864.62069842548
Модель 1: исходные признаки,10563,129300.0,214942.4655831747
Модель 1: исходные признаки,11759,162500.0,61851.3615107735
Модель 1: исходные признаки,4892,156700.0,190654.8437248542
Модель 1: исходные признаки,950,169700.0,189969.0883757135
Модель 1: исходные признаки,5387,184200.0,240414.50928745494
Модель 1: исходные признаки,4871,238300.0,228334.2172442358
Модель 1: исходные признаки,11192,92700.0,92510.56004164129
Модель 1: исходные признаки,14164,244300.0,302029.836366681
Модель 1: исходные признаки,5279,302000.0,276254.3909712271
Модель 1: исходные признаки,9714,69700.0,121850.16671981402
Модель 1: исходные признаки,10166,274300.0,270716.8594615816
Модель 1: исходные признаки,2371,182900.0,149287.8024479834
Модель 1: исходные признаки,15656,350000.0,277924.99063344806
Модель 1: исходные признаки,3047,223400.0,216562.77904304082
Модель 1: исходные признаки,9160,67900.0,157516.29679830137
Модель 1: исходные признаки,16716,78800.0,146772.6483473906
Модель 1: исходные признаки,970,108300.0,170105.67322415268
Модель 1: исходные признаки,4749,236500.0,182966.5862769067
Модель 1: исходные признаки,15125,257400.0,253266.53133468097
Модель 1: исходные признаки,7899,344300.0,272933.01187952614
Модель 1: исходные признаки,10001,92500.0,164860.6502495924
Модель 1: исходные признаки,6506,86400.0,106226.17846920273
Модель 1: исходные признаки,12532,222500.0,230419.68452952633
Модель 1: исходные признаки,16086,251500.0,269749.7526106257
Модель 1: исходные признаки,9713,55200.0,56897.94635678816
Модель 1: исходные признаки,558,178100.0,211859.56850165143
Модель 1: исходные признаки,5558,165500.0,232252.06806494272
Модель 1: исходные признаки,4035,161700.0,196081.92494648293
Модель 1: исходные признаки,12646,156000.0,205854.92106118912
Модель 1: исходные признаки,8870,222100.0,272102.6150265332
Модель 1: исходные признаки,7866,312700.0,238656.72071695936
Модель 1: исходные признаки,15835,500001.0,289666.2250049237
Модель 1: исходные признаки,11537,149000.0,126741.436963568
Модель 1: исходные признаки,4785,210400.0,206250.9732930425
Модель 1: исходные признаки,1281,64800.0,75151.16765647534
Модель 1: исходные признаки,6480,225000.0,122803.05605756184
Модель 1: исходные признаки,3334,275000.0,235799.6716815717
Модель 1: исходные признаки,12876,420000.0,174396.95911657874
Модель 1: исходные признаки,7779,192000.0,195568.1735420383
Модель 1: исходные признаки,12312,209800.0,270217.2055321928
Модель 1: исходные признаки,11719,82100.0,67220.27953604126
Модель 1: исходные признаки,10179,81300.0,80421.90117767474
Модель 1: исходные признаки,14860,270100.0,262979.0982081589
Модель 1: исходные признаки,3721,137500.0,163804.84910239634
Модель 1: исходные признаки,1591,345700.0,393406.481754431
Модель 1: исходные признаки,16980,67000.0,119838.82994204253
Модель 1: исходные признаки,891,222800.0,250496.81970114875
Модель 1: исходные признаки,8762,137200.0,158029.11956886481
Модель 1: исходные признаки,15706,181300.0,186606.03177166192
Модель 1: исходные признаки,8766,285200.0,252859.786844716
Модель 1: исходные признаки,7,48500.0,-46233.41535907994
Модель 1: исходные признаки,16442,285600.0,296095.0410862208
Модель 1: исходные признаки,16069,500001.0,349031.3024005422
Модель 1: исходные признаки,5749,147800.0,155503.8056444316
Модель 1: исходные признаки,15486,174200.0,280932.79546780046
Модель 1: исходные признаки,13053,278500.0,287006.79085534107
Модель 1: исходные признаки,16314,295600.0,270025.42052094307
Модель 1: исходные признаки,1562,109200.0,107989.03196552576
Модель 1: исходные признаки,10262,103600.0,65441.21744626889
Модель 1: исходные признаки,13922,252400.0,269098.14669244277
Модель 1: исходные признаки,6179,257700.0,207180.43825343912
Модель 1: исходные признаки,9144,76000.0,141500.12415928495
Модель 1: исходные признаки,4051,162200.0,163517.54181460146
Модель 1: исходные признаки,12215,106300.0,97486.57485918269
Модель 1: исходные признаки,7107,119800.0,184205.28559773022
Модель 1: исходные признаки,12093,72100.0,129718.88127898517
Модель 1: исходные признаки,7538,226800.0,246385.47945785447
Модель 1: исходные признаки,7489,383300.0,178507.41601435796
Модель 1: исходные признаки,4513,241000.0,266121.1982843817
Модель 1: исходные признаки,14939,306300.0,325565.38239217055
Модель 1: исходные признаки,15343,288200.0,308680.92819208687
Модель 1: исходные признаки,16886,110400.0,190545.2020132719
Модель 1: исходные признаки,11576,143200.0,132489.88717903142
Модель 1: исходные признаки,3038,325500.0,303453.2113392517
Модель 1: исходные признаки,3834,273800.0,256151.24361093182
Модель 1: исходные признаки,5725,137500.0,124693.46681086365
Модель 1: исходные признаки,707,180400.0,206417.13426350633
Модель 1: исходные признаки,7478,500001.0,407742.58738658077
Модель 1: исходные признаки,3063,233500.0,254620.0135965551
Модель 1: исходные признаки,11698,175000.0,96537.7864963452
Модель 1: исходные признаки,328,166700.0,164287.54178327403
Модель 1: исходные признаки,4393,331900.0,288792.5139212132
Модель 1: исходные признаки,7935,203400.0,239019.0191238938
Модель 1: исходные признаки,5084,323800.0,275593.072509151
Модель 1: исходные признаки,15334,162500.0,114981.7524811438
Модель 1: исходные признаки,15585,464600.0,370315.5903786831
Модель 1: исходные признаки,6114,136100.0,174035.60408213956
Модель 1: исходные признаки,5820,171300.0,231996.245615157
Модель 1: исходные признаки,16757,79600.0,54747.93125082776
Модель 1: исходные признаки,15224,97500.0,152916.52166257484
Модель 1: исходные признаки,16289,433300.0,249363.25365339968
Модель 1: исходные признаки,3289,173300.0,209747.44199057
Модель 1: исходные признаки,11153,81800.0,84025.01748800324
Модель 1: исходные признаки,7719,500001.0,342397.83252563054
Модель 1: исходные признаки,6551,358000.0,293623.1627744695
Модель 1: исходные признаки,13065,194500.0,217153.08949072985
Модель 1: исходные признаки,12614,57600.0,55589.288913754
Модель 1: исходные признаки,8313,420800.0,317961.4480391121
Модель 1: исходные признаки,16096,344600.0,336601.03044166556
Модель 1: исходные признаки,14613,438000.0,349154.01019148796
Модель 1: исходные признаки,8892,53900.0,93966.85783192073
Модель 1: исходные признаки,6159,254200.0,310218.62236898293
Модель 1: исходные признаки,11184,201700.0,82060.02229079187
Модель 1: исходные признаки,671,225600.0,216247.05383828114
Модель 1: исходные признаки,8566,262500.0,246593.80153128182
Модель 1: исходные признаки,2412,158900.0,192191.22326926107
Модель 1: исходные признаки,3954,189200.0,221719.83491354823
Модель 1: исходные признаки,14117,380800.0,334988.16448259767
Модель 1: исходные признаки,3844,150800.0,153200.21838375228
Модель 1: исходные признаки,9437,139200.0,136684.36766414845
Модель 1: исходные признаки,5842,143800.0,137379.11061845135
Модель 1: исходные признаки,447,73200.0,89722.18388968296
Модель 1: исходные признаки,5221,439300.0,284721.19483581424
Модель 1: исходные признаки,1037,110600.0,142535.45081558448
Модель 1: исходные признаки,11418,89200.0,128288.99586760867
Модель 1: исходные признаки,6476,275000.0,162943.96192409957
Модель 1: исходные признаки,201,74400.0,168298.77905153867
Модель 1: исходные признаки,5737,146900.0,162072.11875410198
Модель 1: исходные признаки,11183,144300.0,85127.03466817077
Модель 1: исходные признаки,16282,317700.0,287550.97888376063
Модель 1: исходные признаки,10720,69100.0,115707.30802615885
Модель 1: исходные признаки,16688,293900.0,264204.77680029394
Модель 1: исходные признаки,3632,195500.0,178123.48771670734
Модель 1: исходные признаки,1631,406300.0,386300.87241706485
Модель 1: исходные признаки,16283,315200.0,298080.1452402512
Модель 1: исходные признаки,13926,500001.0,305595.89002042013
Модель 1: исходные признаки,2634,189600.0,213575.45206201595
Модель 1: исходные признаки,13183,459200.0,375185.6629441572
Модель 1: исходные признаки,15639,374200.0,329583.0488236544
Модель 1: исходные признаки,16546,220300.0,211411.19159117603
Модель 1: исходные признаки,14144,295200.0,274742.1329825487
Модель 1: исходные признаки,15023,103100.0,196292.01638302178
Модель 1: исходные признаки,224,104200.0,108582.01772019886
Модель 1: исходные признаки,10641,87500.0,126318.51351036785
Модель 1: исходные признаки,2941,353100.0,326162.0103746097
Модель 1: исходные признаки,10912,193800.0,153978.8291798926
Модель 1: исходные признаки,1123,238300.0,260972.41783927786
Модель 1: исходные признаки,973,100000.0,142555.86290440813
Модель 1: исходные признаки,27,80900.0,42000.1502648349
Модель 1: исходные признаки,14339,276000.0,219917.2830622818
Модель 1: исходные признаки,7244,223100.0,201150.26697082625
Модель 1: исходные признаки,5674,371700.0,258391.57725241416
Модель 1: исходные признаки,13911,164900.0,215227.28533437368
Модель 1: исходные признаки,7436,264500.0,231316.0329231904
Модель 1: исходные признаки,13710,192300.0,264043.44917695015
Модель 1: исходные признаки,4022,441900.0,329511.22658405284
Модель 1: исходные признаки,8448,197400.0,198229.69134433212
Модель 1: исходные признаки,11768,158500.0,166050.7008181784
Модель 1: исходные признаки,6035,155000.0,189858.5273745558
Модель 1: исходные признаки,403,95300.0,133882.52255729362
Модель 1: исходные признаки,15627,107800.0,138175.9184697048
Модель 1: исходные признаки,11215,187200.0,98618.37926368738
Модель 1: исходные признаки,8881,399200.0,279112.5241497486
Модель 1: исходные признаки,1258,129200.0,214039.0846934902
Модель 1: исходные признаки,7367,225000.0,389976.3224482422
Модель 1: исходные признаки,16513,57500.0,2531.4233557749008
Модель 1: исходные признаки,9759,124100.0,71144.02903936649
Модель 1: исходные признаки,3876,217800.0,243570.35143440063
Модель 1: исходные признаки,12139,95900.0,150423.1391424739
Модель 1: исходные признаки,3505,187100.0,228475.43943312726
Модель 1: исходные признаки,2250,88600.0,91797.36994824102
Модель 1: исходные признаки,360,159500.0,211927.3465471938
Модель 1: исходные признаки,7733,222100.0,191215.82020219948
Модель 1: исходные признаки,13814,229400.0,231114.0302076966
Модель 1: исходные признаки,15290,93800.0,191950.7901436529
Модель 1: исходные признаки,10027,45300.0,65781.58443339636
Модель 1: исходные признаки,15318,438000.0,300489.64538193814
Модель 1: исходные признаки,13194,136000.0,201234.1206023092
Модель 1: исходные признаки,8923,139700.0,112264.47596406034
Модель 1: исходные признаки,11430,158300.0,206103.88656716407
Модель 1: исходные признаки,4636,251200.0,210535.89438689844
Модель 1: исходные признаки,13045,147000.0,100607.6198248779
Модель 1: исходные признаки,10055,44100.0,72938.88385673998
Модель 1: исходные признаки,15785,325000.0,204609.3159078065
Модель 1: исходные признаки,327,140000.0,93013.08690215861
Модель 1: исходные признаки,704,228600.0,270847.01736187376
Модель 1: исходные признаки,8079,365900.0,314157.2743084187
Модель 1: исходные признаки,1937,500001.0,362991.1499352505
Модель 1: исходные признаки,13819,388500.0,217084.34486993472
Модель 1: исходные признаки,16083,228900.0,209150.21784706804
Модель 1: исходные признаки,2698,500001.0,430815.81249183265
Модель 1: исходные признаки,16020,316200.0,343628.4594048947
Модель 1: исходные признаки,10738,104000.0,80279.48872271545
Модель 1: исходные признаки,3710,202800.0,174351.79589802356
Модель 1: исходные признаки,8819,204600.0,247386.3962359247
Модель 1: исходные признаки,15256,83100.0,57334.53245514886
Модель 1: исходные признаки,15456,212200.0,257938.80792766105
Модель 1: исходные признаки,2800,144300.0,257559.78848568024
Модель 1: исходные признаки,79,69400.0,33105.91265109631
Модель 1: исходные признаки,5490,211000.0,214466.11184669234
Модель 1: исходные признаки,16949,103100.0,-10889.575611297407
Модель 1: исходные признаки,14153,210800.0,236354.32582929387
Модель 1: исходные признаки,14762,311500.0,312292.01756673685
Модель 1: исходные признаки,7766,410300.0,410588.34920476575
Модель 1: исходные признаки,12805,105100.0,158214.81319531135
Модель 1: исходные признаки,14120,258300.0,301239.4066525626
Модель 1: исходные признаки,3185,230400.0,216226.06983686445
Модель 1: исходные признаки,3690,471300.0,291112.50937925535
Модель 1: исходные признаки,15921,287500.0,239471.86978028502
Модель 1: исходные признаки,7768,500001.0,387322.50265252823
Модель 1: исходные признаки,4678,228200.0,287273.59355330386
Модель 1: исходные признаки,5544,143800.0,142453.0450576165
Модель 1: исходные признаки,14529,198300.0,231026.94108446798
Модель 1: исходные признаки,9286,194100.0,189944.91962172725
Модель 1: исходные признаки,2430,190300.0,264050.445764302
Модель 1: исходные признаки,15620,64800.0,59113.35702005417
Модель 1: исходные признаки,3537,192600.0,280615.7706847163
Модель 1: исходные признаки,4105,220700.0,237368.92364877832
Модель 1: исходные признаки,7066,450000.0,163370.72927970823
Модель 1: исходные признаки,5010,232800.0,238573.18487713786
Модель 1: исходные признаки,13659,282500.0,320988.21779284376
Модель 1: исходные признаки,13630,272600.0,304347.9419270916
Модель 1: исходные признаки,10050,45000.0,62604.29680976923
Модель 1: исходные признаки,958,118800.0,111043.50740519713
Модель 1: исходные признаки,10199,80200.0,127469.84694375918
Модель 1: исходные признаки,12380,57600.0,72232.00790482499
Модель 1: исходные признаки,6886,268300.0,280696.798028258
Модель 1: исходные признаки,5510,140300.0,212712.62784775466
Модель 1: исходные признаки,3087,383900.0,441271.4750046859
Модель 1: исходные признаки,12940,126100.0,185894.8614831951
Модель 1: исходные признаки,7356,230400.0,216987.06568035868
Модель 1: исходные признаки,6529,200500.0,224957.22217865702
Модель 1: исходные признаки,8660,445400.0,375284.19151044736
Модель 1: исходные признаки,856,67500.0,155461.39641290804
Модель 1: исходные признаки,13028,177300.0,152506.0916030163
Модель 1: исходные признаки,14145,254900.0,291691.5713329355
Модель 1: исходные признаки,5411,207800.0,225803.79429189
Модель 1: исходные признаки,5645,169400.0,150489.28994957893
Модель 1: исходные признаки,11953,243000.0,194750.37296025822
Модель 1: исходные признаки,13588,234600.0,245427.47158233813
Модель 1: исходные признаки,8040,359700.0,311418.0073551426
Модель 1: исходные признаки,10840,138500.0,74485.44916298692
Модель 1: исходные признаки,13702,173400.0,256815.71671732905
Модель 1: исходные признаки,6088,361000.0,247566.1684403143
Модель 1: исходные признаки,262,321900.0,131194.41233831045
Модель 1: исходные признаки,5024,346400.0,329041.84690101177
Модель 1: исходные признаки,9328,185600.0,238302.89462049791
Модель 1: исходные признаки,16753,166300.0,195527.5351780561
Модель 1: исходные признаки,9943,109400.0,175448.69583110255
Модель 1: исходные признаки,9535,47800.0,70449.22466459854
Модель 1: исходные признаки,14713,335200.0,393402.2311901444
Модель 1: исходные признаки,13024,174100.0,186040.91305421188
Модель 1: исходные признаки,8398,392500.0,272126.1607764249
Модель 1: исходные признаки,1394,90300.0,123345.73792288273
Модель 1: исходные признаки,14456,166700.0,267829.6969790308
Модель 1: исходные признаки,10355,61700.0,95546.8528181026
Модель 1: исходные признаки,12629,137500.0,62936.40329536936
Модель 1: исходные признаки,814,294100.0,259235.8100880881
Модель 1: исходные признаки,6307,95500.0,107688.20105589926
Модель 1: исходные признаки,2489,176000.0,192435.9544215625
Модель 1: исходные признаки,13768,165500.0,194131.44621225484
Модель 1: исходные признаки,6912,349600.0,262364.24190696806
Модель 1: исходные признаки,16601,167200.0,208793.25813495845
Модель 1: исходные признаки,14490,181700.0,225300.7140736966
Модель 1: исходные признаки,13387,120100.0,203979.37769750974
Модель 1: исходные признаки,3076,252800.0,240707.0535679393
Модель 1: исходные признаки,11060,110900.0,123728.89181569539
Модель 1: исходные признаки,6116,181300.0,147092.70634005486
Модель 1: исходные признаки,11766,114500.0,156309.1786830631
Модель 1: исходные признаки,758,222000.0,261645.84606626633
Модель 1: исходные признаки,1579,190200.0,295279.73834373266
Модель 1: исходные признаки,11371,172100.0,199257.97706001005
Модель 1: исходные признаки,6983,111700.0,281831.95945730066
Модель 1: исходные признаки,10889,106500.0,133142.91195251019
Модель 1: исходные признаки,5860,166200.0,147865.6241208787
Модель 1: исходные признаки,16103,500001.0,328080.75490755116
Модель 1: исходные признаки,7523,195800.0,207336.7185092729
Модель 1: исходные признаки,7676,339000.0,349434.33643840393
Модель 1: исходные признаки,11598,107400.0,142233.33772899135
Модель 1: исходные признаки,14119,131300.0,34867.935744694434
Модель 1: исходные признаки,11465,151800.0,31446.805947856115
Модель 1: исходные признаки,3584,170800.0,123993.48959332521
Модель 1: исходные признаки,2258,118500.0,169699.13558835172
Модель 1: исходные признаки,13419,214100.0,237175.69286734867
Модель 1: исходные признаки,15156,500001.0,282264.2115738117
Модель 1: исходные признаки,16861,140700.0,173282.62033915432
Модель 1: исходные признаки,9014,228800.0,256036.79854200865
Модель 1: исходные признаки,9205,181300.0,197926.31792258867
Модель 1: исходные признаки,6557,360500.0,287830.6040663085
Модель 1: исходные признаки,15646,76900.0,64261.311672371434
Модель 1: исходные признаки,3036,247200.0,262352.81769716245
Модель 1: исходные признаки,11795,88100.0,126392.75135319731
Модель 1: исходные признаки,9901,138800.0,174668.86179701603
Модель 1: исходные признаки,2378,116400.0,131058.83058891984
Модель 1: исходные признаки,13041,156300.0,259655.91210223953
Модель 1: исходные признаки,9248,106300.0,242361.8595173086
Модель 1: исходные признаки,4168,160500.0,244700.91937930303
Модель 1: исходные признаки,5138,173100.0,181527.44163927538
Модель 1: исходные признаки,4387,195800.0,193037.4165147048
Модель 1: исходные признаки,12484,74000.0,124664.39537563217
Модель 1: исходные признаки,15393,154600.0,160996.787812701
Модель 1: исходные признаки,16312,324700.0,275779.521512825
Модель 1: исходные признаки,16378,400000.0,391018.89011906006
Модель 1: исходные признаки,4922,209100.0,215590.25520790732
Модель 1: исходные признаки,5726,122900.0,155324.56764976645
Модель 1: исходные признаки,10886,124800.0,156866.93861909286
Модель 1: исходные признаки,15990,500000.0,271402.8469684209
Модель 1: исходные признаки,9424,229300.0,254445.62437626132
Модель 1: исходные признаки,2560,136400.0,178346.09450640285
Модель 1: исходные признаки,7927,500001.0,302524.0745455725
Модель 1: исходные признаки,2588,239300.0,284229.2341776858
Модель 1: исходные признаки,14832,225000.0,196610.4767999172
Модель 1: исходные признаки,10361,309800.0,212476.2999735124
Модель 1: исходные признаки,1410,165100.0,218209.428085903
Модель 1: исходные признаки,1298,166700.0,156717.93650222177
Модель 1: исходные признаки,2066,187800.0,193963.55324255032
Модель 1: исходные признаки,6757,162900.0,192138.73973535962
Модель 1: исходные признаки,14563,196100.0,273619.32534696435
Модель 1: исходные признаки,14626,100400.0,212945.7094289899
Модель 1: исходные признаки,14240,353600.0,239709.9462863053
Модель 1: исходные признаки,5000,216300.0,258379.73163720022
Модель 1: исходные признаки,6105,185800.0,242869.93673136825
Модель 1: исходные признаки,13766,161000.0,223482.42091241444
Модель 1: исходные признаки,15616,75800.0,21698.980923257557
Модель 1: исходные признаки,16628,146000.0,126664.91438335562
Модель 1: исходные признаки,204,78000.0,93445.53506599205
Модель 1: исходные признаки,646,342300.0,385606.0029821467
Модель 1: исходные признаки,5626,126500.0,138470.16305995602
Модель 1: исходные признаки,3528,260500.0,256576.95417051177
Модель 1: исходные признаки,11788,101500.0,107304.7390505742
Модель 1: исходные признаки,4260,211700.0,209867.92501060275
Модель 1: исходные признаки,7924,500001.0,403670.94975839433
Модель 1: исходные признаки,10980,123100.0,148189.45984789124
Модель 1: исходные признаки,16874,113300.0,237670.1783556789
Модель 1: исходные признаки,8238,386000.0,332490.97313100775
Модель 1: исходные признаки,2608,139600.0,172620.69382734978
Модель 1: исходные признаки,12495,260700.0,230848.42157258058
Модель 1: исходные признаки,7985,363500.0,317304.7478839644
Модель 1: исходные признаки,12923,288400.0,199978.21415016463
Модель 1: исходные признаки,16313,307700.0,262450.6269629489
Модель 1: исходные признаки,6399,98200.0,146774.05172710973
Модель 1: исходные признаки,8386,190000.0,205370.62942712512
Модель 1: исходные признаки,16554,202900.0,240389.6131242841
Модель 1: исходные признаки,2457,233900.0,259100.15523164906
Модель 1: исходные признаки,1068,67500.0,106133.03105189757
Модель 1: исходные признаки,12451,270000.0,306642.091768616
Модель 1: исходные признаки,12254,141700.0,141603.77433826803
Модель 1: исходные признаки,16582,240500.0,248106.79467160316
Модель 1: исходные признаки,10393,227900.0,275952.401113355
Модель 1: исходные признаки,11022,97400.0,148753.62896987825
Модель 1: исходные признаки,13836,351200.0,337884.9493246424
Модель 1: исходные признаки,10296,65200.0,99113.07598706885
Модель 1: исходные признаки,14277,135400.0,224529.47296417502
Модель 1: исходные признаки,1902,40400.0,150317.53159040393
Модель 1: исходные признаки,15090,177500.0,196596.30564023607
Модель 1: исходные признаки,4013,155700.0,152411.31654836543
Модель 1: исходные признаки,15193,371100.0,382540.81313822145
Модель 1: исходные признаки,2207,119800.0,151852.14835201052
Модель 1: исходные признаки,16800,120800.0,158557.73118691385
Модель 1: исходные признаки,7456,354200.0,270717.2184668916
Модель 1: исходные признаки,6982,106600.0,169323.67405765576
Модель 1: исходные признаки,9441,56500.0,89453.93494454047
Модель 1: исходные признаки,13635,500001.0,427603.4160368546
Модель 1: исходные признаки,16964,85400.0,158222.2270226257
Модель 1: исходные признаки,7979,285300.0,215739.9727397293
Модель 1: исходные признаки,13158,204200.0,174693.63645645478
Модель 1: исходные признаки,2754,163000.0,166336.4208528747
Модель 1: исходные признаки,10189,67900.0,109485.37636661547
Модель 1: исходные признаки,10954,155100.0,83346.61775716775
Модель 1: исходные признаки,7054,366700.0,333116.07303440216
Модель 1: исходные признаки,8380,500001.0,498683.5798791814
Модель 1: исходные признаки,2534,137000.0,206241.88708304692
Модель 1: исходные признаки,14926,106300.0,171247.31947174814
Модель 1: исходные признаки,13112,194400.0,188965.11009583742
Модель 1: исходные признаки,9776,118800.0,192688.06909875388
Модель 1: исходные признаки,6640,179700.0,160785.33961082445
Модель 1: исходные признаки,10070,78400.0,144439.34364768572
Модель 1: исходные признаки,7425,146900.0,134197.76084045236
Модель 1: исходные признаки,2863,135700.0,175358.9023915748
Модель 1: исходные признаки,85,140300.0,156301.17805061463
Модель 1: исходные признаки,13587,228600.0,203066.64517178948
Модель 1: исходные признаки,7338,331900.0,286701.58244364127
Модель 1: исходные признаки,16543,196400.0,237816.0117125838
Модель 1: исходные признаки,9080,49300.0,79504.63756194906
Модель 1: исходные признаки,15351,232200.0,307881.6424916998
Модель 1: исходные признаки,13296,285400.0,330343.3726649192
Модель 1: исходные признаки,16237,314200.0,307597.58923375845
Модель 1: исходные признаки,5692,193800.0,224460.62579643284
Модель 1: исходные признаки,1897,193800.0,237122.2674124916
Модель 1: исходные признаки,801,160600.0,200336.50423192894
Модель 1: исходные признаки,620,129700.0,179286.8628029981
Модель 1: исходные признаки,5348,204500.0,223419.47948745327
Модель 1: исходные признаки,749,262500.0,193939.197065367
Модель 1: исходные признаки,9432,229100.0,282392.0873204874
Модель 1: исходные признаки,12893,152400.0,226593.14022529667
Модель 1: исходные признаки,8092,194600.0,324812.8265530591
Модель 1: исходные признаки,4154,145800.0,123939.19709551116
Модель 1: исходные признаки,6096,446600.0,394743.187233466
Модель 1: исходные признаки,11201,185100.0,125011.611042651
Модель 1: исходные признаки,4367,179500.0,229545.85511355125
Модель 1: исходные признаки,14639,86500.0,165745.7950293637
Модель 1: исходные признаки,7069,250000.0,140787.5187789035
Модель 1: исходные признаки,16567,168300.0,208739.08596934096
Модель 1: исходные признаки,10704,146300.0,168923.22280159133
Модель 1: исходные признаки,1448,296100.0,197873.25044080045
Модель 1: исходные признаки,11657,61800.0,118745.14099624587
Модель 1: исходные признаки,528,189100.0,321537.2699543339
Модель 1: исходные признаки,7440,232400.0,263235.349906204
Модель 1: исходные признаки,12256,114300.0,99482.25580332626
Модель 1: исходные признаки,9770,111300.0,143532.95319264062
Модель 1: исходные признаки,11924,87000.0,114707.95380213979
Модель 1: исходные признаки,576,134700.0,173424.4687958745
Модель 1: исходные признаки,746,174800.0,191916.24233157662
Модель 1: исходные признаки,4999,219500.0,230382.50721597692
Модель 1: исходные признаки,4928,225700.0,262574.4316804772
Модель 1: исходные признаки,6902,253400.0,232888.6765177457
Модель 1: исходные признаки,7342,446800.0,285037.92669954576
Модель 1: исходные признаки,2153,118500.0,145571.15981446326
Модель 1: исходные признаки,8836,196100.0,259498.38364736893
Модель 1: исходные признаки,584,177200.0,221987.99062387046
Модель 1: исходные признаки,6777,185900.0,229938.21787551476
Модель 1: исходные признаки,6190,350000.0,115882.99934033418
Модель 1: исходные признаки,11967,126900.0,142899.28105037077
Модель 1: исходные признаки,16246,273000.0,298906.12538789446
Модель 1: исходные признаки,15279,182300.0,196887.45716362883
Модель 1: исходные признаки,3240,299200.0,321779.9429650286
Модель 1: исходные признаки,3778,219400.0,258517.77318292603
Модель 1: исходные признаки,8591,203300.0,276847.7276270224
Модель 1: исходные признаки,6856,94000.0,130412.44640907159
Модель 1: исходные признаки,15532,129400.0,235761.2776645211
Модель 1: исходные признаки,9079,57400.0,88110.96396583003
Модель 1: исходные признаки,3330,174000.0,183635.149833825
Модель 1: исходные признаки,12325,164800.0,180876.43807761045
Модель 1: исходные признаки,15149,228100.0,231319.86619347366
Модель 1: исходные признаки,14933,112500.0,163302.49945431625
Модель 1: исходные признаки,1015,94800.0,123136.0905296472
Модель 1: исходные признаки,14958,126900.0,237139.14064283014
Модель 1: исходные признаки,15980,500001.0,297323.4233581596
Модель 1: исходные признаки,6409,99600.0,146512.45335711594
Модель 1: исходные признаки,14024,202000.0,269683.46759845124
Модель 1: исходные признаки,16589,257800.0,244361.54236932314
Модель 1: исходные признаки,15889,212800.0,144607.9650993379
Модель 1: исходные признаки,12847,113400.0,168823.20474706046
Модель 1: исходные признаки,3221,170800.0,52756.48705457707
Модель 1: исходные признаки,12858,167600.0,218262.76705697578
Модель 1: исходные признаки,6768,231700.0,210705.2191396626
Модель 1: исходные признаки,16956,79600.0,129232.72234450132
Модель 1: исходные признаки,10144,55600.0,66502.09383661387
Модель 1: исходные признаки,2314,116100.0,27751.223928258194
Модель 1: исходные признаки,6147,84700.0,134924.8958272583
Модель 1: исходные признаки,9451,118800.0,93412.84094986125
Модель 1: исходные признаки,14016,253100.0,271831.91658565897
Модель 1: исходные признаки,6038,139600.0,139612.93599702793
Модель 1: исходные признаки,15170,500001.0,401079.90383415157
Модель 1: исходные признаки,9808,83600.0,129702.98470184181
Модель 1: исходные признаки,9573,68400.0,48188.62402532118
Модель 1: исходные признаки,6582,162500.0,128055.6642768831
Модель 1: исходные признаки,3494,213200.0,236163.64266273714
Модель 1: исходные признаки,15075,252900.0,265987.4390367272
Модель 1: исходные признаки,2873,87500.0,190766.44514504523
Модель 1: исходные признаки,7359,267900.0,309194.523309698
Модель 1: исходные признаки,16080,225000.0,247176.04833484555
Модель 1: исходные признаки,345,127900.0,102040.70686870631
Модель 1: исходные признаки,11520,63600.0,136141.21840729984
Модель 1: исходные признаки,1950,71500.0,93833.40568901737
Модель 1: исходные признаки,10885,208300.0,133010.83808967387
Модель 1: исходные признаки,16529,109400.0,136304.2835584486
Модель 1: исходные признаки,15356,229200.0,229310.98092257464
Модель 1: исходные признаки,14910,347600.0,302868.02727609413
Модель 1: исходные признаки,12776,87500.0,83476.95810368893
Модель 1: исходные признаки,10324,112500.0,79249.13770705147
Модель 1: исходные признаки,5561,145800.0,216265.80118140546
Модель 1: исходные признаки,5889,160200.0,213275.37759583973
Модель 1: исходные признаки,10348,52600.0,-49380.194146117035
Модель 1: исходные признаки,4347,219000.0,243983.44797645856
Модель 1: исходные признаки,13272,322300.0,294698.9611870766
Модель 1: исходные признаки,10298,163500.0,53033.47690403928
Модель 1: исходные признаки,8050,500001.0,684151.6906972934
Модель 1: исходные признаки,8882,500001.0,355306.9799946903
Модель 1: исходные признаки,11964,115300.0,154151.2652352431
Модель 1: исходные признаки,16671,192000.0,175801.65509055034
Модель 1: исходные признаки,16894,70700.0,102391.40246704636
Модель 1: исходные признаки,15535,144600.0,236089.13724381564
Модель 1: исходные признаки,15554,65800.0,40366.27772372017
Модель 1: исходные признаки,6333,104100.0,162707.86440989425
Модель 1: исходные признаки,13095,151900.0,245903.791316344
Модель 1: исходные признаки,4558,159600.0,260270.54676215386
Модель 1: исходные признаки,3796,165500.0,222999.66423035008
Модель 1: исходные признаки,16338,263800.0,250573.09800110888
Модель 1: исходные признаки,13867,500001.0,484399.61237507674
Модель 1: исходные признаки,16645,161700.0,177959.43266059304
Модель 1: исходные признаки,12686,500001.0,240365.42708583592
Модель 1: исходные признаки,13344,366700.0,321761.4439076385
Модель 1: исходные признаки,10815,72900.0,119377.11044005386
Модель 1: исходные признаки,8651,315900.0,290788.8973568881
Модель 1: исходные признаки,2685,121300.0,189079.96391424254
Модель 1: исходные признаки,14759,367500.0,370676.58697770856
Модель 1: исходные признаки,1259,159400.0,188817.567137943
Модель 1: исходные признаки,15001,350700.0,367497.65031071124
Модель 1: исходные признаки,7210,122500.0,198148.305999357
Модель 1: исходные признаки,6243,296200.0,249410.92546607408
Модель 1: исходные признаки,886,327900.0,331227.29597546486
Модель 1: исходные признаки,15427,337800.0,283576.518646234
Модель 1: исходные признаки,4462,276200.0,247251.53491092465
Модель 1: исходные признаки,10053,39600.0,46411.40378421153
Модель 1: исходные признаки,9445,303200.0,310215.8552916989
Модель 1: исходные признаки,9569,83800.0,147347.03536111052
Модель 1: исходные признаки,1836,228900.0,269753.90639787156
Модель 1: исходные признаки,14420,500001.0,371408.90889634675
Модель 1: исходные признаки,7759,384800.0,259069.8622215636
Модель 1: исходные признаки,2607,157200.0,187712.76613498977
Модель 1: исходные признаки,11129,151400.0,222762.1389183983
Модель 1: исходные признаки,2407,191700.0,118636.5377542987
Модель 1: исходные признаки,11353,125000.0,165058.87084168906
Модель 1: исходные признаки,11546,98200.0,124604.80687432917
Модель 1: исходные признаки,14858,500001.0,554871.3037837583
Модель 1: исходные признаки,11424,155300.0,198713.9541464254
Модель 1: исходные признаки,15434,78800.0,22232.94362878732
Модель 1: исходные признаки,14578,107900.0,170421.51845929405
Модель 1: исходные признаки,9467,53300.0,56622.0201182598
Модель 1: исходные признаки,11781,92800.0,196382.84511321082
Модель 1: исходные признаки,14593,341700.0,320067.1687163227
Модель 1: исходные признаки,11905,144400.0,164591.13608815882
Модель 1: исходные признаки,12583,141700.0,137745.79683487254
Модель 1: исходные признаки,8615,308400.0,375535.13147718407
Модель 1: исходные признаки,8310,363200.0,269240.74604705983
Модель 1: исходные признаки,5649,152200.0,180711.76264972013
Модель 1: исходные признаки,3129,212900.0,219628.68235004463
Модель 1: исходные признаки,13181,361600.0,367274.7263339205
Модель 1: исходные признаки,1885,114600.0,93790.05511610211
Модель 1: исходные признаки,3949,167500.0,192219.3471557286
Модель 1: исходные признаки,13596,134800.0,174938.38109783057
Модель 1: исходные признаки,781,169800.0,236624.8926890204
Модель 1: исходные признаки,13411,225800.0,297975.5379399222
Модель 1: исходные признаки,14475,150600.0,203264.55642590436
Модель 1: исходные признаки,6107,183800.0,162339.57308076762
Модель 1: исходные признаки,12608,385700.0,239941.97863933776
Модель 1: исходные признаки,10486,121200.0,90646.78032202364
Модель 1: исходные признаки,7191,500001.0,256365.92785815077
Модель 1: исходные признаки,12552,123200.0,169667.24839275575
Модель 1: исходные признаки,81,58300.0,40303.12759738492
Модель 1: исходные признаки,10705,67500.0,106973.22350628744
Модель 1: исходные признаки,277,161100.0,179089.04627767962
Модель 1: исходные признаки,9861,458600.0,289692.3772184334
Модель 1: исходные признаки,13006,218000.0,233809.00107473915
Модель 1: исходные признаки,5640,206300.0,176788.70352738633
Модель 1: исходные признаки,7104,115200.0,173229.10997911496
Модель 1: исходные признаки,1669,111300.0,147613.18302986646
Модель 1: исходные признаки,15116,371300.0,389911.11959379434
Модель 1: исходные признаки,9179,77400.0,105101.72723763288
Модель 1: исходные признаки,12118,71000.0,82198.37192140336
Модель 1: исходные признаки,1041,87500.0,163456.30534529255
Модель 1: исходные признаки,1810,326500.0,219048.51108707383
Модель 1: исходные признаки,11750,92600.0,187264.45911332627
Модель 1: исходные признаки,13415,332500.0,336117.1781454703
Модель 1: исходные признаки,8606,500001.0,632248.0012543931
Модель 1: исходные признаки,10345,158300.0,106194.85343243818
Модель 1: исходные признаки,9938,353000.0,225326.71443210758
Модель 1: исходные признаки,4042,187500.0,195344.43922057332
Модель 1: исходные признаки,6354,247500.0,180317.5730878939
Модель 1: исходные признаки,7199,161500.0,175738.50917853232
Модель 1: исходные признаки,13226,283300.0,328007.8824263465
Модель 1: исходные признаки,16041,281300.0,276553.03589759034
Модель 1: исходные признаки,2275,134100.0,105183.66332599173
Модель 1: исходные признаки,13566,258300.0,335367.68772411917
Модель 1: исходные признаки,4982,255400.0,262762.6374504929
Модель 1: исходные признаки,5137,169500.0,161757.58530159493
Модель 1: исходные признаки,11288,163200.0,192522.66241520614
Модель 1: исходные признаки,6045,190600.0,145663.16540473737
Модель 1: исходные признаки,16218,348500.0,287365.47781389515
Модель 1: исходные признаки,12643,500001.0,281762.0186344451
Модель 1: исходные признаки,12558,253500.0,277588.52397167357
Модель 1: исходные признаки,16070,500000.0,288548.0922469086
Модель 1: исходные признаки,13214,166700.0,241708.9372508647
Модель 1: исходные признаки,2616,159900.0,176821.06938884573
Модель 1: исходные признаки,16138,235900.0,247099.84348968428
Модель 1: исходные признаки,14796,500001.0,483011.753861457
Модель 1: исходные признаки,6853,136300.0,191824.7922987817
Модель 1: исходные признаки,13474,500001.0,469232.79170088406
Модель 1: исходные признаки,12092,82700.0,134773.8375694206
Модель 1: исходные признаки,15685,456300.0,417087.3294912553
Модель 1: исходные признаки,52,60800.0,62373.10770331765
Модель 1: исходные признаки,13840,443800.0,370548.5762727736
Модель 1: исходные признаки,3649,232500.0,232760.9507899734
Модель 1: исходные признаки,16815,149300.0,147730.73790695425
Модель 1: исходные признаки,6877,200000.0,169224.23259152911
Модель 1: исходные признаки,13595,129500.0,143912.0553349211
Модель 1: исходные признаки,3807,215400.0,208595.86877402285
Модель 1: исходные признаки,11991,160900.0,121318.36503728492
Модель 1: исходные признаки,15151,275000.0,282970.7088258209
Модель 1: исходные признаки,12744,116300.0,92271.82733591799
Модель 1: исходные признаки,2545,348000.0,332572.8441031525
Модель 1: исходные признаки,7807,500001.0,301105.94152993447
Модель 1: исходные признаки,6610,92300.0,110142.34895685085
Модель 1: исходные признаки,2706,106300.0,143031.3144731452
Модель 1: исходные признаки,15570,140300.0,209468.536943546
Модель 1: исходные признаки,1173,249500.0,272699.433133741
Модель 1: исходные признаки,2297,112500.0,533396.0990017598
Модель 1: исходные признаки,4874,208100.0,162722.48465378428
Модель 1: исходные признаки,5412,198600.0,242855.79398332763
Модель 1: исходные признаки,7645,331800.0,251922.6793834955
Модель 1: исходные признаки,227,85200.0,119853.64387813772
Модель 1: исходные признаки,16631,94200.0,18251.742428446938
Модель 1: исходные признаки,2769,298500.0,302491.18555540126
Модель 1: исходные признаки,1252,188600.0,262477.4507878248
Модель 1: исходные признаки,8002,500001.0,283536.9799282078
Модель 1: исходные признаки,9871,326800.0,291482.1193005126
Модель 1: исходные признаки,1824,83800.0,145240.66693152822
Модель 1: исходные признаки,9238,113700.0,115640.79880206827
Модель 1: исходные признаки,2798,74800.0,192290.17529815732
Модель 1: исходные признаки,4185,180800.0,160982.8272336575
Модель 1: исходные признаки,16226,318400.0,286188.31918169605
Модель 1: исходные признаки,1911,90000.0,132762.7823152732
Модель 1: исходные признаки,7364,385900.0,252638.40679191702
Модель 1: исходные признаки,7850,151600.0,193261.4102047281
Модель 1: исходные признаки,6813,175000.0,232471.1055539601
Модель 1: исходные признаки,2157,91300.0,98431.47049693172
Модель 1: исходные признаки,11331,112500.0,97716.4050222546
Модель 1: исходные признаки,8686,215600.0,235575.44991761527
Модель 1: исходные признаки,6996,131000.0,209076.73964212957
Модель 1: исходные признаки,14833,247200.0,199213.51605169245
Модель 1: исходные признаки,7909,411200.0,298706.3297082834
Модель 1: исходные признаки,2648,167500.0,141032.0625923676
Модель 1: исходные признаки,7305,179400.0,236424.1480987571
Модель 1: исходные признаки,1371,145200.0,171737.1958928449
Модель 1: исходные признаки,1513,224700.0,229423.0487372288
Модель 1: исходные признаки,15593,243100.0,261950.59830801823
Модель 1: исходные признаки,3368,225000.0,158310.45723202254
Модель 1: исходные признаки,16842,71500.0,101479.14910896003
Модель 1: исходные признаки,5992,162500.0,248555.66939756554
Модель 1: исходные признаки,14074,101000.0,77981.07485700632
Модель 1: исходные признаки,10362,259800.0,277884.4612786396
Модель 1: исходные признаки,948,170000.0,226403.6854848437
Модель 1: исходные признаки,3477,138200.0,189754.4571838911
Модель 1: исходные признаки,4487,165600.0,147993.22150001736
Модель 1: исходные признаки,6593,156300.0,160956.4002371311
Модель 1: исходные признаки,15707,192300.0,232744.89619849712
Модель 1: исходные признаки,16785,171900.0,186129.6555048128
Модель 1: исходные признаки,16533,172600.0,208042.58900743126
Модель 1: исходные признаки,15230,187500.0,186830.58754188815
Модель 1: исходные признаки,3142,196000.0,211422.74160748353
Модель 1: исходные признаки,5375,170500.0,139616.2859169435
Модель 1: исходные признаки,10277,97600.0,48896.23512472497
Модель 1: исходные признаки,9934,61800.0,36655.86492025932
Модель 1: исходные признаки,2817,161800.0,233584.30186601714
Модель 1: исходные признаки,16219,336100.0,297572.5644199718
Модель 1: исходные признаки,7849,116100.0,38331.77459310425
Модель 1: исходные признаки,13237,289300.0,253591.48349752167
Модель 1: исходные признаки,8160,500001.0,278188.6673090206
Модель 1: исходные признаки,14173,352500.0,242880.37705954895
Модель 1: исходные признаки,1182,196300.0,185719.11521875954
Модель 1: исходные признаки,95,96300.0,143645.68629714387
Модель 1: исходные признаки,2894,93300.0,90583.56088678916
Модель 1: исходные признаки,13487,130600.0,185899.67286567658
Модель 1: исходные признаки,1117,232800.0,220013.9712012823
Модель 1: исходные признаки,13498,425100.0,404722.6878954331
Модель 1: исходные признаки,6644,205100.0,217805.75156185872
Модель 1: исходные признаки,3056,150400.0,196487.4803121526
Модель 1: исходные признаки,2459,414000.0,253896.38717609347
Модель 1: исходные признаки,9199,63200.0,134237.80015982006
Модель 1: исходные признаки,15600,114600.0,220578.10104401366
Модель 1: исходные признаки,13132,321100.0,346724.8591403575
Модель 1: исходные признаки,8952,195700.0,299077.64609953406
Модель 1: исходные признаки,6097,429100.0,274066.51369324187
Модель 1: исходные признаки,15574,88300.0,141960.94218406462
Модель 1: исходные признаки,9765,500001.0,362425.18081764044
Модель 1: исходные признаки,6050,170900.0,151874.58218365718
Модель 1: исходные признаки,11277,76200.0,152141.42097290632
Модель 1: исходные признаки,14239,373400.0,291706.83548832615
Модель 1: исходные признаки,7660,227800.0,239650.8002183853
Модель 1: исходные признаки,2440,203400.0,183682.87092276537
Модель 1: исходные признаки,1240,241500.0,255879.8245298235
Модель 1: исходные признаки,1630,422200.0,292945.93410056294
Модель 1: исходные признаки,11949,242000.0,400041.55015976436
Модель 1: исходные признаки,14843,500001.0,563926.1883347424
Модель 1: исходные признаки,14859,390100.0,421334.12746933673
Модель 1: исходные признаки,9373,185400.0,218490.44631610872
Модель 1: исходные признаки,15583,500001.0,378027.4023169464
Модель 1: исходные признаки,9794,60600.0,109356.05511856632
Модель 1: исходные признаки,14698,460200.0,293238.6757278692
Модель 1: исходные признаки,11541,173300.0,203447.75119005606
Модель 1: исходные признаки,1595,170600.0,181599.54959890275
Модель 1: исходные признаки,16951,67500.0,112488.47572110742
Модель 1: исходные признаки,10647,71900.0,111560.08044396991
Модель 1: исходные признаки,7537,204500.0,217827.09741655865
Модель 1: исходные признаки,15313,375700.0,298812.7536727864
Модель 1: исходные признаки,11358,135300.0,177719.5846483853
Модель 1: исходные признаки,5601,500001.0,672006.5922157897
Модель 1: исходные признаки,16707,178500.0,212905.23533651626
Модель 1: исходные признаки,9600,93200.0,134330.01810387234
Модель 1: исходные признаки,5118,461500.0,263218.5763285912
Модель 1: исходные признаки,8060,427300.0,286687.9132185882
Модель 1: исходные признаки,7565,334400.0,270912.440969437
Модель 1: исходные признаки,4660,147100.0,152291.8679680756
Модель 1: исходные признаки,14368,331600.0,205301.47392316707
Модель 1: исходные признаки,2715,140200.0,142451.56366565058
Модель 1: исходные признаки,3525,178500.0,178333.58250031093
Модель 1: исходные признаки,440,120800.0,130192.83225735073
Модель 1: исходные признаки,8061,344200.0,220155.04161051786
Модель 1: исходные признаки,16000,237500.0,148057.32351516816
Модель 1: исходные признаки,1393,71300.0,82204.94955118974
Модель 1: исходные признаки,8834,229800.0,301897.1075424132
Модель 1: исходные признаки,1900,247700.0,254944.31401040376
Модель 1: исходные признаки,14752,71000.0,89030.69683729463
Модель 1: исходные признаки,16465,193800.0,183317.25107522393
Модель 1: исходные признаки,14768,203300.0,245044.77087089248
Модель 1: исходные признаки,13108,193000.0,235154.6027562555
Модель 1: исходные признаки,432,87000.0,151968.65898975995
Модель 1: исходные признаки,7017,216700.0,136520.71328669158
Модель 1: исходные признаки,450,76900.0,129130.51526156877
Модель 1: исходные признаки,3414,176700.0,190100.08672019048
Модель 1: исходные признаки,1564,493300.0,289925.6360014926
Модель 1: исходные признаки,8913,500001.0,227152.7148746951
Модель 1: исходные признаки,9338,112500.0,211531.55095878016
Модель 1: исходные признаки,7032,396400.0,332554.4704055732
Модель 1: исходные признаки,9612,48000.0,56369.50716443145
Модель 1: исходные признаки,5646,154500.0,58553.42000728226
Модель 1: исходные признаки,4629,239900.0,206326.15454550914
Модель 1: исходные признаки,2778,349100.0,271193.16519630264
Модель 1: исходные признаки,10506,98700.0,91022.18289234026
Модель 1: исходные признаки,8125,271100.0,179797.6959128848
Модель 1: исходные признаки,15550,500001.0,482661.616893808
Модель 1: исходные признаки,12730,168400.0,235149.85496975292
Модель 1: исходные признаки,9170,73700.0,153095.041008666
Модель 1: исходные признаки,3475,151400.0,170041.24773639123
Модель 1: исходные признаки,12813,374100.0,353557.0112712577
Модель 1: исходные признаки,10429,104600.0,85954.5190021266
Модель 1: исходные признаки,16389,435200.0,297937.4571442705
Модель 1: исходные признаки,16059,333300.0,259236.98141077175
Модель 1: исходные признаки,16826,122100.0,206670.1027589809
Модель 1: исходные признаки,9053,73100.0,160617.20974228188
Модель 1: исходные признаки,8113,173700.0,226347.36374287546
Модель 1: исходные признаки,1383,262500.0,157349.35056569034
Модель 1: исходные признаки,15950,324300.0,324341.9455083814
Модель 1: исходные признаки,13816,232800.0,241678.17565878463
Модель 1: исходные признаки,13612,215400.0,264563.4765249704
Модель 1: исходные признаки,11639,91100.0,130901.97930707515
Модель 1: исходные признаки,7022,361700.0,283265.17596180906
Модель 1: исходные признаки,11378,162500.0,158894.03829686542
Модель 1: исходные признаки,13139,94600.0,178482.63159615867
Модель 1: исходные признаки,1735,131300.0,145767.36324052152
Модель 1: исходные признаки,1532,254400.0,221321.33178195482
Модель 1: исходные признаки,9815,88300.0,95313.32147153077
Модель 1: исходные признаки,998,96000.0,115887.36227499474
Модель 1: исходные признаки,15471,272900.0,207522.678033572
Модель 1: исходные признаки,1499,200000.0,247514.81884153502
Модель 1: исходные признаки,1508,90900.0,161912.30419558272
Модель 1: исходные признаки,279,66300.0,98129.14499469845
Модель 1: исходные признаки,14303,500001.0,482981.6657047101
Модель 1: исходные признаки,8151,500001.0,335841.5040382184
Модель 1: исходные признаки,16972,70500.0,128375.19015473643
Модель 1: исходные признаки,12055,102800.0,91577.33023473805
Модель 1: исходные признаки,15429,376800.0,306087.02991892066
Модель 1: исходные признаки,1661,180900.0,199789.23066974463
Модель 1: исходные признаки,10417,107100.0,100574.08815903543
Модель 1: исходные признаки,4630,326100.0,270741.25656246895
Модель 1: исходные признаки,7754,384600.0,319020.02198782325
Модель 1: исходные признаки,2420,231700.0,178722.30368103913
Модель 1: исходные признаки,4831,176300.0,174164.8973111622
Модель 1: исходные признаки,15287,119400.0,214043.6922397354
Модель 1: исходные признаки,12330,180200.0,212327.3115875766
Модель 1: исходные признаки,4263,176000.0,168327.30436425848
Модель 1: исходные признаки,15145,130000.0,374490.50236351555
Модель 1: исходные признаки,16181,500001.0,535974.4190840847
Модель 1: исходные признаки,2361,143400.0,210825.75167690194
Модель 1: исходные признаки,2344,141100.0,193912.28578321353
Модель 1: исходные признаки,12778,122200.0,134588.34890460165
Модель 1: исходные признаки,11984,162700.0,143741.12412470585
Модель 1: исходные признаки,14879,272800.0,276937.4381030973
Модель 1: исходные признаки,12578,222500.0,245738.34886833068
Модель 1: исходные признаки,14275,153500.0,208696.24492313617
Модель 1: исходные признаки,15246,438800.0,303091.6409141035
Модель 1: исходные признаки,1058,190500.0,180045.28505800836
Модель 1: исходные признаки,14653,85400.0,112490.43365335464
Модель 1: исходные признаки,1815,93300.0,93717.2725260413
Модель 1: исходные признаки,9231,86200.0,180804.06638722075
Модель 1: исходные признаки,6576,225000.0,144879.93418210917
Модель 1: исходные признаки,5623,148600.0,143011.70876081559
Модель 1: исходные признаки,4924,219600.0,250405.44961365504
Модель 1: исходные признаки,10861,201300.0,122688.61895698123
Модель 1: исходные признаки,13449,264100.0,245495.81038461527
Модель 1: исходные признаки,14014,312300.0,271374.2976767317
Модель 1: исходные признаки,2499,500001.0,228174.70882569562
Модель 1: исходные признаки,16912,150000.0,81289.38958323076
Модель 1: исходные признаки,14636,97700.0,174218.22717810966
Модель 1: исходные признаки,8944,302700.0,256400.7958775427
Модель 1: исходные признаки,16303,187500.0,196503.59400101806
Модель 1: исходные признаки,14370,197600.0,279917.7504726175
Модель 1: исходные признаки,6090,234800.0,212182.73872453984
Модель 1: исходные признаки,15907,500000.0,294200.55927088636
Модель 1: исходные признаки,333,146300.0,152013.3409637986
Модель 1: исходные признаки,8374,500001.0,252302.86782804888
Модель 1: исходные признаки,4783,414800.0,326490.9999326108
Модель 1: исходные признаки,7819,322900.0,277897.534484128
Модель 1: исходные признаки,4137,247200.0,284774.71459247894
Модель 1: исходные признаки,15726,300000.0,195324.49859070827
Модель 1: исходные признаки,3606,307600.0,208556.80683272044
Модель 1: исходные признаки,675,139800.0,195410.68270660128
Модель 1: исходные признаки,5952,145000.0,160182.35909925395
Модель 1: исходные признаки,3375,232000.0,281937.61562225426
Модель 1: исходные признаки,437,152500.0,171846.3364095281
Модель 1: исходные признаки,491,195900.0,184195.8349963018
Модель 1: исходные признаки,13838,287300.0,337939.3031223591
Модель 1: исходные признаки,2189,112600.0,156819.30989193651
Модель 1: исходные признаки,4802,250200.0,223252.30774575152
Модель 1: исходные признаки,5668,213800.0,254468.74381322623
Модель 1: исходные признаки,9864,237500.0,245073.76534326348
Модель 2: исходные + синтетические,8496,262300.0,302619.1252728682
Модель 2: исходные + синтетические,16161,446900.0,250624.69859243045
Модель 2: исходные + синтетические,14434,350000.0,192899.61814825257
Модель 2: исходные + синтетические,7651,262500.0,187477.80087829664
Модель 2: исходные + синтетические,4609,158000.0,235965.1437169
Модель 2: исходные + синтетические,15222,104500.0,140069.73330583432
Модель 2: исходные + синтетические,15634,72900.0,110326.75773432509
Модель 2: исходные + синтетические,972,120600.0,177615.64100971486
Модель 2: исходные + синтетические,11661,63000.0,-28764.477245827497
Модель 2: исходные + синтетические,7721,362500.0,223797.79163535644
Модель 2: исходные + синтетические,9166,126600.0,145935.2277466827
Модель 2: исходные + синтетические,405,95900.0,128586.59365250941
Модель 2: исходные + синтетические,11562,59000.0,116534.43018341459
Модель 2: исходные + синтетические,11700,117600.0,129654.38703019913
Модель 2: исходные + синтетические,1794,299600.0,259335.048831581
Модель 2: исходные + синтетические,1596,137200.0,192754.8006215943
Модель 2: исходные + синтетические,15885,250300.0,259613.10154607595
Модель 2: исходные + синтетические,9989,81100.0,123955.5344093025
Модель 2: исходные + синтетические,3901,239200.0,264232.71251100494
Модель 2: исходные + синтетические,4937,400000.0,288390.62839251355
Модель 2: исходные + синтетические,9431,54700.0,95845.1056604216
Модель 2: исходные + синтетические,4837,227300.0,299962.24275132077
Модель 2: исходные + синтетические,12840,210000.0,150324.67513939948
Модель 2: исходные + синтетические,3378,187500.0,191546.99059851398
Модель 2: исходные + синтетические,10635,118300.0,111502.30407244047
Модель 2: исходные + синтетические,7344,500001.0,430689.17507105996
Модель 2: исходные + синтетические,3457,183500.0,159569.6131198397
Модель 2: исходные + синтетические,14761,319300.0,382282.1517780801
Модель 2: исходные + синтетические,2342,112900.0,117097.47525623642
Модель 2: исходные + синтетические,13853,327700.0,277972.20169999416
Модель 2: исходные + синтетические,1994,134500.0,207157.4732203437
Модель 2: исходные + синтетические,10225,268800.0,341657.6316953938
Модель 2: исходные + синтетические,4403,437400.0,311815.80748128163
Модель 2: исходные + синтетические,9613,104700.0,143748.87684851198
Модель 2: исходные + синтетические,4698,270500.0,220420.24855206077
Модель 2: исходные + синтетические,13162,184900.0,155785.48764953116
Модель 2: исходные + синтетические,4682,401700.0,455606.26904608845
Модель 2: исходные + синтетические,10364,138100.0,135366.78745243585
Модель 2: исходные + синтетические,15378,298100.0,293941.875959912
Модель 2: исходные + синтетические,8968,280200.0,258890.86183282398
Модель 2: исходные + синтетические,6907,215600.0,302791.51162961475
Модель 2: исходные + синтетические,10114,144700.0,231778.99196718662
Модель 2: исходные + синтетические,6218,90000.0,115993.87771544764
Модель 2: исходные + синтетические,7882,500001.0,706564.9552447886
Модель 2: исходные + синтетические,15502,186900.0,187513.39099347
Модель 2: исходные + синтетические,3439,201300.0,166506.96805467168
Модель 2: исходные + синтетические,9956,283200.0,292830.4004079635
Модель 2: исходные + синтетические,11783,99100.0,152108.7809824475
Модель 2: исходные + синтетические,9085,59500.0,118548.61790613411
Модель 2: исходные + синтетические,16687,248600.0,252240.33793476535
Модель 2: исходные + синтетические,10249,90400.0,41727.997386348674
Модель 2: исходные + синтетические,7648,179800.0,256843.70235168972
Модель 2: исходные + синтетические,15641,500001.0,520009.0970733285
Модель 2: исходные + синтетические,13976,254200.0,299836.7703882403
Модель 2: исходные + синтетические,11847,134100.0,180130.392616108
Модель 2: исходные + синтетические,7504,242000.0,187286.1695171898
Модель 2: исходные + синтетические,5546,112500.0,139882.30070147812
Модель 2: исходные + синтетические,14461,500001.0,351476.72424343857
Модель 2: исходные + синтетические,9900,335000.0,239876.5021877778
Модель 2: исходные + синтетические,11577,112900.0,128164.05650744794
Модель 2: исходные + синтетические,16802,214900.0,258720.00638916687
Модель 2: исходные + синтетические,8428,285000.0,196308.72246533653
Модель 2: исходные + синтетические,11907,185700.0,200408.60725170875
Модель 2: исходные + синтетические,1057,191100.0,261695.87181695062
Модель 2: исходные + синтетические,3668,186500.0,190735.8803391655
Модель 2: исходные + синтетические,8256,69700.0,103257.28031583599
Модель 2: исходные + синтетические,8235,357600.0,211826.2689023325
Модель 2: исходные + синтетические,4337,429200.0,271097.4838189258
Модель 2: исходные + синтетические,1870,122100.0,101894.9379789422
Модель 2: исходные + синтетические,8166,302900.0,259390.42168285022
Модель 2: исходные + синтетические,5447,156300.0,191145.66620344637
Модель 2: исходные + синтетические,1279,77300.0,127904.72075692721
Модель 2: исходные + синтетические,12602,172900.0,212261.2377101906
Модель 2: исходные + синтетические,5714,169300.0,156366.12536716118
Модель 2: исходные + синтетические,9250,52500.0,49214.55273467759
Модель 2: исходные + синтетические,14556,475000.0,368001.18769368704
Модель 2: исходные + синтетические,8073,287500.0,232278.94931103537
Модель 2: исходные + синтетические,14821,142600.0,190387.09120328684
Модель 2: исходные + синтетические,11914,87100.0,147684.78896569367
Модель 2: исходные + синтетические,7812,500001.0,372680.17692418135
Модель 2: исходные + синтетические,11653,22500.0,227825.77144024856
Модель 2: исходные + синтетические,7307,137700.0,167537.9837703617
Модель 2: исходные + синтетические,15530,175000.0,298591.4202313874
Модель 2: исходные + синтетические,3029,231400.0,193818.11105492074
Модель 2: исходные + синтетические,10907,71300.0,96998.6628844705
Модель 2: исходные + синтетические,15355,216700.0,253732.79308932804
Модель 2: исходные + синтетические,2272,125600.0,165461.33740382513
Модель 2: исходные + синтетические,10899,200000.0,240389.72504212894
Модель 2: исходные + синтетические,1511,143100.0,163702.1882685906
Модель 2: исходные + синтетические,2942,266400.0,297362.88210675854
Модель 2: исходные + синтетические,8311,343100.0,280721.9066132134
Модель 2: исходные + синтетические,4532,146400.0,178997.42962863436
Модель 2: исходные + синтетические,3428,190300.0,260939.61430546036
Модель 2: исходные + синтетические,9898,341800.0,272281.08913552284
Модель 2: исходные + синтетические,4148,262000.0,227247.49594524442
Модель 2: исходные + синтетические,9015,254900.0,306645.2589808885
Модель 2: исходные + синтетические,9040,48000.0,97791.34917532414
Модель 2: исходные + синтетические,7194,500001.0,703611.8467432618
Модель 2: исходные + синтетические,9523,160500.0,165159.4219602691
Модель 2: исходные + синтетические,3134,245700.0,211980.13395011434
Модель 2: исходные + синтетические,15683,500001.0,365812.7736318522
Модель 2: исходные + синтетические,3881,240700.0,204377.2670632363
Модель 2: исходные + синтетические,5385,255900.0,210483.81589099686
Модель 2: исходные + синтетические,1828,70200.0,89408.44980675155
Модель 2: исходные + синтетические,5616,148800.0,149466.8702716464
Модель 2: исходные + синтетические,87,63500.0,51378.0622875026
Модель 2: исходные + синтетические,4619,263000.0,250961.7289346855
Модель 2: исходные + синтетические,14438,330000.0,272503.551049203
Модель 2: исходные + синтетические,5377,285500.0,180808.11595315463
Модель 2: исходные + синтетические,3874,210900.0,202667.15697081227
Модель 2: исходные + синтетические,16570,191800.0,206235.97607184734
Модель 2: исходные + синтетические,1858,500001.0,332281.9836597609
Модель 2: исходные + синтетические,1056,222400.0,209418.87527609515
Модель 2: исходные + синтетические,13500,236000.0,247276.85354008066
Модель 2: исходные + синтетические,7373,236100.0,217198.0355797533
Модель 2: исходные + синтетические,14211,242200.0,215838.99882931355
Модель 2: исходные + синтетические,11644,90600.0,170309.43540860945
Модель 2: исходные + синтетические,12658,183400.0,268903.8032195522
Модель 2: исходные + синтетические,2619,207900.0,269347.17672870087
Модель 2: исходные + синтетические,10378,146900.0,85512.53205940682
Модель 2: исходные + синтетические,3919,151800.0,156415.64523472436
Модель 2: исходные + синтетические,10148,60000.0,111325.44437448737
Модель 2: исходные + синтетические,16142,262000.0,251307.41638171358
Модель 2: исходные + синтетические,11349,143800.0,108936.3695020849
Модель 2: исходные + синтетические,15823,284100.0,282387.86690764455
Модель 2: исходные + синтетические,961,95000.0,141198.66338216452
Модель 2: исходные + синтетические,7795,309200.0,314758.9044566559
Модель 2: исходные + синтетические,9282,94300.0,192095.10357361884
Модель 2: исходные + синтетические,13732,368300.0,343895.7756763002
Модель 2: исходные + синтетические,16983,74600.0,49128.20481860963
Модель 2: исходные + синтетические,12774,125200.0,134467.58672705907
Модель 2: исходные + синтетические,8605,500001.0,350414.8076482242
Модель 2: исходные + синтетические,15474,396900.0,323103.630767661
Модель 2: исходные + синтетические,14890,128800.0,122181.31127241274
Модель 2: исходные + синтетические,338,185300.0,231194.90463098077
Модель 2: исходные + синтетические,1350,94100.0,67358.71830302966
Модель 2: исходные + синтетические,7555,230700.0,221318.92471644687
Модель 2: исходные + синтетические,53,58600.0,37852.97947964589
Модель 2: исходные + синтетические,9838,418400.0,327735.00051664654
Модель 2: исходные + синтетические,2280,95300.0,102307.73936660998
Модель 2: исходные + синтетические,7197,226300.0,176408.09913398395
Модель 2: исходные + синтетические,4284,212200.0,185524.01028290123
Модель 2: исходные + синтетические,1613,173200.0,151366.45728402986
Модель 2: исходные + синтетические,10448,111500.0,122411.32770913784
Модель 2: исходные + синтетические,16587,168100.0,171731.27618206252
Модель 2: исходные + синтетические,10156,229200.0,335270.84923795896
Модель 2: исходные + синтетические,7221,192700.0,261720.34692228484
Модель 2: исходные + синтетические,11704,87500.0,135548.1815519773
Модель 2: исходные + синтетические,12120,61000.0,86950.26204930675
Модель 2: исходные + синтетические,15465,292600.0,259671.78210550873
Модель 2: исходные + синтетические,946,174100.0,255117.97850853635
Модель 2: исходные + синтетические,3535,266100.0,287642.30345446407
Модель 2: исходные + синтетические,7301,314900.0,285768.50111728656
Модель 2: исходные + синтетические,5429,136100.0,124877.10180049176
Модель 2: исходные + синтетические,2030,85500.0,120589.67264135786
Модель 2: исходные + синтетические,9359,218000.0,274903.8722822784
Модель 2: исходные + синтетические,3986,224800.0,293292.0920281373
Модель 2: исходные + синтетические,9035,137500.0,123568.30320078511
Модель 2: исходные + синтетические,826,185500.0,171371.662924273
Модель 2: исходные + синтетические,2360,139200.0,157693.84597582542
Модель 2: исходные + синтетические,103,83200.0,122256.92153769967
Модель 2: исходные + синтетические,841,153300.0,217016.81331499052
Модель 2: исходные + синтетические,9889,500001.0,384310.3924615159
Модель 2: исходные + синтетические,4163,208100.0,204528.26652556795
Модель 2: исходные + синтетические,2317,101600.0,124309.47153965305
Модель 2: исходные + синтетические,9865,258300.0,252817.28075622476
Модель 2: исходные + синтетические,10666,94900.0,98001.11576216444
Модель 2: исходные + синтетические,1210,199100.0,197372.64407111894
Модель 2: исходные + синтетические,6461,225000.0,235903.76320322946
Модель 2: исходные + синтетические,1487,83300.0,156639.09750191486
Модель 2: исходные + синтетические,9206,162500.0,155142.19223878626
Модель 2: исходные + синтетические,10346,95300.0,148510.76903321422
Модель 2: исходные + синтетические,3244,216000.0,253533.08326785962
Модель 2: исходные + синтетические,568,14999.0,28986.77831254129
Модель 2: исходные + синтетические,5,74000.0,44710.91958916803
Модель 2: исходные + синтетические,2396,198800.0,153858.03185408993
Модель 2: исходные + синтетические,14729,143900.0,230710.73168326885
Модель 2: исходные + синтетические,10596,207200.0,302010.869639889
Модель 2: исходные + синтетические,5819,162000.0,186117.0896702852
Модель 2: исходные + синтетические,4328,177700.0,147529.92914553918
Модель 2: исходные + синтетические,13135,179500.0,246427.34249880406
Модель 2: исходные + синтетические,14792,444500.0,308620.9041475779
Модель 2: исходные + синтетические,7833,422700.0,383201.89819355094
Модель 2: исходные + синтетические,7961,500001.0,272063.3151046492
Модель 2: исходные + синтетические,13695,234600.0,267272.3393471568
Модель 2: исходные + синтетические,4639,225000.0,200064.62797318894
Модель 2: исходные + синтетические,6855,100800.0,121986.75602486335
Модель 2: исходные + синтетические,2138,105100.0,133391.8907861607
Модель 2: исходные + синтетические,6518,88800.0,131291.32587108595
Модель 2: исходные + синтетические,13147,231300.0,154237.40112274402
Модель 2: исходные + синтетические,13875,245000.0,219343.84200497452
Модель 2: исходные + синтетические,13199,323000.0,318462.28261242155
Модель 2: исходные + синтетические,2497,240600.0,249714.825442321
Модель 2: исходные + синтетические,13374,398500.0,319806.01015081955
Модель 2: исходные + синтетические,11457,65000.0,74841.39400571538
Модель 2: исходные + синтетические,3148,296400.0,274626.86457414133
Модель 2: исходные + синтетические,13072,270300.0,198881.68762383488
Модель 2: исходные + синтетические,10090,143300.0,240511.57440902226
Модель 2: исходные + синтетические,11808,105500.0,117681.14238807521
Модель 2: исходные + синтетические,949,171200.0,225901.50402901598
Модель 2: исходные + синтетические,5358,192800.0,154145.77502599597
Модель 2: исходные + синтетические,12424,103800.0,18365.959354277922
Модель 2: исходные + синтетические,2117,235200.0,343576.4001066104
Модель 2: исходные + синтетические,1385,187500.0,213988.20792503608
Модель 2: исходные + синтетические,11982,60000.0,100622.67370355113
Модель 2: исходные + синтетические,16175,361000.0,283033.8679860565
Модель 2: исходные + синтетические,388,78500.0,93396.3438694069
Модель 2: исходные + синтетические,8661,407500.0,262051.36423316805
Модель 2: исходные + синтетические,5100,156300.0,212544.37179521122
Модель 2: исходные + синтетические,2073,281300.0,242783.01573218495
Модель 2: исходные + синтетические,6181,154200.0,108941.36115962874
Модель 2: исходные + синтетические,7553,295800.0,281833.14797635406
Модель 2: исходные + синтетические,3246,158500.0,235123.4897115934
Модель 2: исходные + синтетические,14657,393000.0,353642.5004273334
Модель 2: исходные + синтетические,13030,112500.0,187234.34718169956
Модель 2: исходные + синтетические,5116,240700.0,241118.1762798212
Модель 2: исходные + синтетические,8063,450000.0,192389.23416736606
Модель 2: исходные + синтетические,14703,55000.0,33804.39051504216
Модель 2: исходные + синтетические,3678,161700.0,230260.93785299364
Модель 2: исходные + синтетические,9139,72500.0,151044.69985965086
Модель 2: исходные + синтетические,2131,91300.0,92305.51220557185
Модель 2: исходные + синтетические,7166,293300.0,221096.2834246464
Модель 2: исходные + синтетические,8108,159300.0,178577.99068104202
Модель 2: исходные + синтетические,14396,416500.0,362871.48832294054
Модель 2: исходные + синтетические,4578,248100.0,211674.89687175144
Модель 2: исходные + синтетические,8981,113900.0,123897.6989860218
Модель 2: исходные + синтетические,3030,290300.0,301611.717020528
Модель 2: исходные + синтетические,6015,173800.0,199150.31256210813
Модель 2: исходные + синтетические,4219,311800.0,294369.9841350786
Модель 2: исходные + синтетические,1776,496400.0,330106.81514508417
Модель 2: исходные + синтетические,5114,256300.0,198512.4063108623
Модель 2: исходные + синтетические,2743,305600.0,281247.6662801309
Модель 2: исходные + синтетические,13981,241900.0,246519.07642662962
Модель 2: исходные + синтетические,16940,143400.0,140906.2820010208
Модель 2: исходные + синтетические,3440,182800.0,189725.0866916895
Модель 2: исходные + синтетические,14616,157300.0,221556.4894313628
Модель 2: исходные + синтетические,13004,125000.0,180185.43334604346
Модель 2: исходные + синтетические,10409,162500.0,92307.79853371986
Модель 2: исходные + синтетические,942,282200.0,312086.46373341547
Модель 2: исходные + синтетические,13955,129600.0,207151.192530091
Модель 2: исходные + синтетические,8312,325000.0,218927.68794656562
Модель 2: исходные + синтетические,10661,116100.0,62013.59288288709
Модель 2: исходные + синтетические,2953,184100.0,209705.6494271404
Модель 2: исходные + синтетические,14715,263400.0,245265.26873511687
Модель 2: исходные + синтетические,8972,70600.0,179470.59293143897
Модель 2: исходные + синтетические,7743,442100.0,271479.17514773365
Модель 2: исходные + синтетические,471,139300.0,123260.23171750242
Модель 2: исходные + синтетические,11590,112500.0,64482.59390038982
Модель 2: исходные + синтетические,1194,127100.0,189742.10395276357
Модель 2: исходные + синтетические,2217,127900.0,192721.80556748027
Модель 2: исходные + синтетические,41,84700.0,52083.00946313698
Модель 2: исходные + синтетические,2986,315600.0,272462.78840461356
Модель 2: исходные + синтетические,12619,253800.0,231577.62341042247
Модель 2: исходные + синтетические,12303,117000.0,103853.60141096548
Модель 2: исходные + синтетические,4379,213000.0,263868.25143348
Модель 2: исходные + синтетические,1611,125900.0,165913.21956255054
Модель 2: исходные + синтетические,9696,72300.0,117295.15384882246
Модель 2: исходные + синтетические,13589,126700.0,129283.86025477691
Модель 2: исходные + синтетические,13582,445900.0,263124.78434384236
Модель 2: исходные + синтетические,15710,273100.0,214071.09439005615
Модель 2: исходные + синтетические,9824,387700.0,352873.9031780447
Модель 2: исходные + синтетические,1506,140700.0,191287.42437265094
Модель 2: исходные + синтетические,10639,62700.0,16191.40085819013
Модель 2: исходные + синтетические,3154,296200.0,351471.3393174506
Модель 2: исходные + синтетические,5521,145800.0,122244.29000152243
Модель 2: исходные + синтетические,936,171600.0,167331.1314909952
Модель 2: исходные + синтетические,4486,163300.0,213748.3687277836
Модель 2: исходные + синтетические,16033,265000.0,251254.81129682265
Модель 2: исходные + синтетические,288,42500.0,3338.204882495474
Модель 2: исходные + синтетические,3434,243400.0,267488.4340379024
Модель 2: исходные + синтетические,16538,75000.0,146128.1309820829
Модель 2: исходные + синтетические,8688,235100.0,264536.7529535765
Модель 2: исходные + синтетические,15124,175000.0,82159.30270838772
Модель 2: исходные + синтетические,8995,194100.0,314333.8060166282
Модель 2: исходные + синтетические,12285,87900.0,173353.0479764389
Модель 2: исходные + синтетические,14042,266500.0,264297.5853435794
Модель 2: исходные + синтетические,8286,478400.0,275117.97274715593
Модель 2: исходные + синтетические,2285,116500.0,153340.36812177981
Модель 2: исходные + синтетические,6655,227200.0,174967.91724232378
Модель 2: исходные + синтетические,2672,95700.0,170412.8121390973
Модель 2: исходные + синтетические,13350,225600.0,242650.438448337
Модель 2: исходные + синтетические,83,86200.0,178744.06940436747
Модель 2: исходные + синтетические,14968,335000.0,265802.6526308692
Модель 2: исходные + синтетические,16575,292100.0,215449.1552910755
Модель 2: исходные + синтетические,13619,238700.0,300454.9839751578
Модель 2: исходные + синтетические,1696,284900.0,244367.16359927747
Модель 2: исходные + синтетические,8536,200300.0,251209.5456645864
Модель 2: исходные + синтетические,271,172900.0,142343.26372176307
Модель 2: исходные + синтетические,3694,500001.0,219106.95750408008
Модель 2: исходные + синтетические,5301,210800.0,269213.723600126
Модель 2: исходные + синтетические,5123,108800.0,181780.69964902283
Модель 2: исходные + синтетические,6893,290500.0,326523.3088818413
Модель 2: исходные + синтетические,1968,104000.0,105742.52663104354
Модель 2: исходные + синтетические,5938,153100.0,150376.36215069034
Модель 2: исходные + синтетические,1154,84100.0,145011.67759609583
Модель 2: исходные + синтетические,2347,108200.0,169875.50920099576
Модель 2: исходные + синтетические,297,100000.0,149302.9564228988
Модель 2: исходные + синтетические,4201,134800.0,233681.13375845648
Модель 2: исходные + синтетические,4157,382500.0,297409.47773649934
Модель 2: исходные + синтетические,159,69400.0,96363.4999869244
Модель 2: исходные + синтетические,3376,225000.0,241050.93556611158
Модель 2: исходные + синтетические,3431,288700.0,285631.70054346067
Модель 2: исходные + синтетические,9634,112500.0,79172.09187822006
Модель 2: исходные + синтетические,3099,235900.0,266564.7428809173
Модель 2: исходные + синтетические,14941,241700.0,181982.15957844112
Модель 2: исходные + синтетические,13428,315200.0,259140.55465387375
Модель 2: исходные + синтетические,13730,178100.0,230222.94108529255
Модель 2: исходные + синтетические,5090,207400.0,199926.61563687024
Модель 2: исходные + синтетические,15840,500001.0,468973.8066152673
Модель 2: исходные + синтетические,11529,191400.0,138856.62217933813
Модель 2: исходные + синтетические,796,108800.0,85444.75604832242
Модель 2: исходные + синтетические,10873,116700.0,71041.69920368592
Модель 2: исходные + синтетические,4117,174200.0,211009.26655477865
Модель 2: исходные + синтетические,14669,208100.0,243741.99192636597
Модель 2: исходные + синтетические,14511,500001.0,623456.9086646084
Модель 2: исходные + синтетические,16678,248300.0,189988.3849947643
Модель 2: исходные + синтетические,13909,221200.0,240183.38980293
Модель 2: исходные + синтетические,6729,107300.0,141083.90381808902
Модель 2: исходные + синтетические,16904,98100.0,149353.3236380477
Модель 2: исходные + синтетические,15643,500001.0,488887.4562414542
Модель 2: исходные + синтетические,15592,104300.0,85913.02803783324
Модель 2: исходные + синтетические,12694,121000.0,180219.53092041358
Модель 2: исходные + синтетические,6479,325000.0,224197.2937864385
Модель 2: исходные + синтетические,14907,452600.0,410332.9630363692
Модель 2: исходные + синтетические,199,258100.0,275397.6365235768
Модель 2: исходные + синтетические,256,124100.0,165253.52026148487
Модель 2: исходные + синтетические,5888,155500.0,166236.70740645175
Модель 2: исходные + синтетические,6676,254200.0,216259.38275598004
Модель 2: исходные + синтетические,11338,390800.0,105154.91775285077
Модель 2: исходные + синтетические,12562,168900.0,229858.65020325995
Модель 2: исходные + синтетические,6421,197500.0,256947.25001967602
Модель 2: исходные + синтетические,10397,198400.0,129231.09855606213
Модель 2: исходные + синтетические,1722,124600.0,157536.69029457186
Модель 2: исходные + синтетические,4583,260100.0,198418.40628249355
Модель 2: исходные + синтетические,12226,85900.0,130296.29212563203
Модель 2: исходные + синтетические,16872,79800.0,92017.57611264063
Модель 2: исходные + синтетические,2701,322800.0,264134.702664329
Модель 2: исходные + синтетические,12188,67000.0,36350.80381372802
Модель 2: исходные + синтетические,11474,244300.0,160636.1146499071
Модель 2: исходные + синтетические,16233,371500.0,316390.13796116377
Модель 2: исходные + синтетические,14854,94800.0,181303.7686547775
Модель 2: исходные + синтетические,14470,500001.0,568010.3431386104
Модель 2: исходные + синтетические,2111,146800.0,127095.22013037531
Модель 2: исходные + синтетические,13208,182500.0,203381.68938904093
Модель 2: исходные + синтетические,2315,108800.0,86914.88986593063
Модель 2: исходные + синтетические,8571,500001.0,604609.8851985661
Модель 2: исходные + синтетические,16693,172900.0,188438.7269070108
Модель 2: исходные + синтетические,2331,124600.0,167668.6129253209
Модель 2: исходные + синтетические,7110,101000.0,159303.62827685117
Модель 2: исходные + синтетические,4030,137500.0,163425.57276905997
Модель 2: исходные + синтетические,4921,277600.0,266572.55023141333
Модель 2: исходные + синтетические,15903,92200.0,40325.00653349571
Модель 2: исходные + синтетические,7243,262900.0,211318.09490821985
Модель 2: исходные + синтетические,7432,269700.0,253201.60205930448
Модель 2: исходные + синтетические,7980,500001.0,275772.744025012
Модель 2: исходные + синтетические,977,136300.0,206890.0419062255
Модель 2: исходные + синтетические,4343,222800.0,219763.90229398868
Модель 2: исходные + синтетические,213,84000.0,106573.61348708266
Модель 2: исходные + синтетические,9480,423300.0,338462.0833652111
Модель 2: исходные + синтетические,1187,175300.0,242901.4975888136
Модель 2: исходные + синтетические,5743,144800.0,138591.68406967833
Модель 2: исходные + синтетические,702,178600.0,203959.2456020698
Модель 2: исходные + синтетические,11237,164000.0,142954.346133151
Модель 2: исходные + синтетические,6370,187500.0,219334.8537449693
Модель 2: исходные + синтетические,16056,418400.0,212492.48347185104
Модель 2: исходные + синтетические,15453,286500.0,289275.11326183676
Модель 2: исходные + синтетические,7613,400000.0,302442.0978968427
Модель 2: исходные + синтетические,4889,175200.0,183730.27869181163
Модель 2: исходные + синтетические,13899,220500.0,194514.2337857378
Модель 2: исходные + синтетические,11884,152400.0,185411.89109645848
Модель 2: исходные + синтетические,5519,381400.0,269991.9251167022
Модель 2: исходные + синтетические,6921,500001.0,402808.1078748309
Модель 2: исходные + синтетические,16422,463500.0,451855.833777439
Модель 2: исходные + синтетические,12447,131300.0,714611.5750414638
Модель 2: исходные + синтетические,5216,500001.0,260438.21173340932
Модель 2: исходные + синтетические,11035,95500.0,114197.17530502762
Модель 2: исходные + синтетические,6960,98400.0,138724.83021517366
Модель 2: исходные + синтетические,5255,208700.0,186394.90541244883
Модель 2: исходные + синтетические,9531,92600.0,89248.56039188051
Модель 2: исходные + синтетические,7230,278100.0,328648.1879300862
Модель 2: исходные + синтетические,6692,290600.0,215016.42668147993
Модель 2: исходные + синтетические,1628,180100.0,213133.06149957638
Модель 2: исходные + синтетические,12076,170800.0,140374.66746721393
Модель 2: исходные + синтетические,15604,91500.0,140811.83693768943
Модель 2: исходные + синтетические,2216,120700.0,193248.48007322312
Модель 2: исходные + синтетические,8748,407000.0,350510.5613793296
Модель 2: исходные + синтетические,4224,167000.0,149433.30557407596
Модель 2: исходные + синтетические,16443,103100.0,153430.88718491214
Модель 2: исходные + синтетические,11735,155400.0,88704.63388030916
Модель 2: исходные + синтетические,13569,287100.0,265783.555802522
Модель 2: исходные + синтетические,1003,159500.0,231227.7295766905
Модель 2: исходные + синтетические,11687,91300.0,105795.65579674629
Модель 2: исходные + синтетические,10246,47700.0,103459.89076999892
Модель 2: исходные + синтетические,2835,261800.0,280996.54793570546
Модель 2: исходные + синтетические,9189,73000.0,140449.14878809702
Модель 2: исходные + синтетические,3888,181800.0,224009.30766878105
Модель 2: исходные + синтетические,8665,222500.0,250206.08591560172
Модель 2: исходные + синтетические,5549,156000.0,173838.99239950487
Модель 2: исходные + синтетические,12674,133400.0,164577.18653804593
Модель 2: исходные + синтетические,8561,477200.0,358629.9743365877
Модель 2: исходные + синтетические,7695,181700.0,162033.7655117336
Модель 2: исходные + синтетические,809,444100.0,362173.00660228555
Модель 2: исходные + синтетические,1833,138200.0,161276.96562282625
Модель 2: исходные + синтетические,6500,99200.0,122125.43438613426
Модель 2: исходные + синтетические,8360,473000.0,341754.7833746269
Модель 2: исходные + синтетические,7052,279300.0,188638.7120399743
Модель 2: исходные + синтетические,12592,305600.0,280312.74000398617
Модель 2: исходные + синтетические,4814,163200.0,191680.31493025107
Модель 2: исходные + синтетические,16778,134100.0,194396.11388773113
Модель 2: исходные + синтетические,14046,271000.0,220642.98526539683
Модель 2: исходные + синтетические,8893,57300.0,96067.33002855226
Модель 2: исходные + синтетические,15652,71600.0,141531.06993023405
Модель 2: исходные + синтетические,15837,450000.0,339380.994607366
Модель 2: исходные + синтетические,1600,73500.0,87828.56176610863
Модель 2: исходные + синтетические,7098,114200.0,149699.19356325403
Модель 2: исходные + синтетические,13316,346700.0,337395.55136191525
Модель 2: исходные + синтетические,7256,246900.0,323046.5850948908
Модель 2: исходные + синтетические,7861,226400.0,179418.54774321738
Модель 2: исходные + синтетические,7598,262500.0,236815.2684695438
Модель 2: исходные + синтетические,2345,149900.0,175630.6166462936
Модель 2: исходные + синтетические,1331,177800.0,193178.9609078864
Модель 2: исходные + синтетические,2355,191700.0,203832.34978225981
Модель 2: исходные + синтетические,10781,233700.0,216947.3583657892
Модель 2: исходные + синтетические,5792,190600.0,216080.16900454662
Модель 2: исходные + синтетические,4941,483300.0,446406.02681749937
Модель 2: исходные + синтетические,2194,101600.0,153044.5487474541
Модель 2: исходные + синтетические,9915,94200.0,77674.98894910463
Модель 2: исходные + синтетические,3880,195200.0,251946.91395050203
Модель 2: исходные + синтетические,1377,240000.0,176103.7636697634
Модель 2: исходные + синтетические,16495,267100.0,255572.558643115
Модель 2: исходные + синтетические,3316,249400.0,272385.0590232917
Модель 2: исходные + синтетические,13767,194000.0,224174.82039334753
Модель 2: исходные + синтетические,7862,211900.0,215892.98634072347
Модель 2: исходные + синтетические,8850,343900.0,325158.88947489084
Модель 2: исходные + синтетические,1936,500001.0,339984.34970900434
Модель 2: исходные + синтетические,2441,117000.0,119864.30120732867
Модель 2: исходные + синтетические,3547,500001.0,467267.2614725066
Модель 2: исходные + синтетические,7241,314900.0,271080.17951584497
Модель 2: исходные + синтетические,5846,122800.0,162140.81942810796
Модель 2: исходные + синтетические,14283,184200.0,219291.3851259996
Модель 2: исходные + синтетические,14524,122000.0,215483.36103092215
Модель 2: исходные + синтетические,7189,200000.0,234260.67169199215
Модель 2: исходные + синтетические,6460,230800.0,274293.32765353593
Модель 2: исходные + синтетические,16510,228800.0,261867.86419341035
Модель 2: исходные + синтетические,15242,322200.0,357020.75553192926
Модель 2: исходные + синтетические,12945,195800.0,269833.72959311085
Модель 2: исходные + синтетические,8701,221900.0,256658.16954525124
Модель 2: исходные + синтетические,2045,262100.0,301930.1890741846
Модель 2: исходные + синтетические,7723,417900.0,231420.37376135954
Модель 2: исходные + синтетические,205,97800.0,92755.46116919255
Модель 2: исходные + синтетические,15455,261900.0,203455.43667894675
Модель 2: исходные + синтетические,6586,200000.0,174610.31324523425
Модель 2: исходные + синтетические,10998,151500.0,73979.94244473266
Модель 2: исходные + синтетические,10319,94200.0,152708.1448601699
Модель 2: исходные + синтетические,4622,355600.0,342275.94560209214
Модель 2: исходные + синтетические,6687,210000.0,158956.134739995
Модель 2: исходные + синтетические,13059,273700.0,308517.29144889035
Модель 2: исходные + синтетические,4278,212300.0,217096.8766627693
Модель 2: исходные + синтетические,14701,500001.0,500799.7017494067
Модель 2: исходные + синтетические,3031,242000.0,223323.37694184302
Модель 2: исходные + синтетические,7758,427200.0,275287.7731877465
Модель 2: исходные + синтетические,1925,157300.0,124780.21097881715
Модель 2: исходные + синтетические,3432,467600.0,561654.4876631678
Модель 2: исходные + синтетические,14704,53500.0,64859.63091932562
Модель 2: исходные + синтетические,9177,250800.0,259860.56390273184
Модель 2: исходные + синтетические,16907,119700.0,132882.20040000742
Модель 2: исходные + синтетические,13335,369100.0,364939.9398240652
Модель 2: исходные + синтетические,11650,92300.0,132231.45314663037
Модель 2: исходные + синтетические,5113,251400.0,278346.3873119526
Модель 2: исходные + синтетические,16615,121600.0,180500.0488708041
Модель 2: исходные + синтетические,5470,238300.0,231840.1080784035
Модель 2: исходные + синтетические,8218,359100.0,301836.1008631909
Модель 2: исходные + синтетические,6972,120000.0,153077.0287539659
Модель 2: исходные + синтетические,6481,275000.0,186439.3556656052
Модель 2: исходные + синтетические,8976,173400.0,154401.34741688325
Модель 2: исходные + синтетические,15155,404000.0,345203.3204612486
Модель 2: исходные + синтетические,269,116500.0,155291.6282468017
Модель 2: исходные + синтетические,11312,139000.0,125038.73048240248
Модель 2: исходные + синтетические,7512,125900.0,134468.84211973764
Модель 2: исходные + синтетические,13552,324600.0,316085.6631293153
Модель 2: исходные + синтетические,459,228900.0,306625.43114015297
Модель 2: исходные + синтетические,5361,234400.0,202876.3274590742
Модель 2: исходные + синтетические,4024,215700.0,214311.90637412306
Модель 2: исходные + синтетические,5134,310900.0,336367.2173682564
Модель 2: исходные + синтетические,3485,287200.0,342522.53793637233
Модель 2: исходные + синтетические,13796,346300.0,350613.8347231125
Модель 2: исходные + синтетические,4261,192800.0,186898.96054775524
Модель 2: исходные + синтетические,15700,321600.0,296999.53980338847
Модель 2: исходные + синтетические,12584,162800.0,165124.04609594084
Модель 2: исходные + синтетические,10771,87500.0,54878.71337061819
Модель 2: исходные + синтетические,9709,50000.0,110932.73446456635
Модель 2: исходные + синтетические,6852,117400.0,238476.73694950313
Модель 2: исходные + синтетические,16331,68800.0,91819.43688410957
Модель 2: исходные + синтетические,14376,432900.0,330083.14260416076
Модель 2: исходные + синтетические,16731,276200.0,268647.6133886669
Модель 2: исходные + синтетические,3088,500001.0,520786.1644637247
Модель 2: исходные + синтетические,5661,167700.0,265421.6772829654
Модель 2: исходные + синтетические,16395,292500.0,273150.8060781445
Модель 2: исходные + синтетические,6027,154200.0,133299.70369118897
Модель 2: исходные + синтетические,12826,236200.0,234846.08758810404
Модель 2: исходные + синтетические,2201,184400.0,115886.18381722498
Модель 2: исходные + синтетические,8301,493400.0,334352.47057441296
Модель 2: исходные + синтетические,16559,306000.0,213446.88439147745
Модель 2: исходные + синтетические,14400,144900.0,207277.80291172242
Модель 2: исходные + синтетические,872,114300.0,144051.09637880026
Модель 2: исходные + синтетические,6580,275000.0,160365.31499672137
Модель 2: исходные + синтетические,16765,117100.0,220438.1705645696
Модель 2: исходные + синтетические,11752,45000.0,127364.55705849246
Модель 2: исходные + синтетические,13170,283300.0,332937.0089779935
Модель 2: исходные + синтетические,10773,256700.0,229623.31608665476
Модель 2: исходные + синтетические,11790,94600.0,90769.80854238274
Модель 2: исходные + синтетические,13898,202300.0,250196.8371771413
Модель 2: исходные + синтетические,12632,200200.0,213088.86615718904
Модель 2: исходные + синтетические,3226,14999.0,263537.7836411483
Модель 2: исходные + синтетические,16115,367700.0,320062.7755545924
Модель 2: исходные + синтетические,15339,209800.0,263531.2822004498
Модель 2: исходные + синтетические,548,160200.0,192601.79954319744
Модель 2: исходные + синтетические,12219,65800.0,77851.21138530878
Модель 2: исходные + синтетические,9992,61900.0,38798.494285394394
Модель 2: исходные + синтетические,6571,190000.0,166183.95833087259
Модель 2: исходные + синтетические,5633,132200.0,117380.34461409083
Модель 2: исходные + синтетические,7072,380400.0,215090.25683362628
Модель 2: исходные + синтетические,7928,469800.0,330796.8477385103
Модель 2: исходные + синтетические,11602,69900.0,127091.55335383731
Модель 2: исходные + синтетические,6849,93300.0,163872.99543790688
Модель 2: исходные + синтетические,9278,66200.0,78398.63991359931
Модель 2: исходные + синтетические,12191,60900.0,121812.56207243483
Модель 2: исходные + синтетические,1731,142600.0,188574.85708255833
Модель 2: исходные + синтетические,8458,500001.0,615700.0804782934
Модель 2: исходные + синтетические,1990,88300.0,185459.83763441516
Модель 2: исходные + синтетические,7593,184400.0,185658.05022740658
Модель 2: исходные + синтетические,2473,219000.0,272290.5510451577
Модель 2: исходные + синтетические,4003,160100.0,175429.91186253284
Модель 2: исходные + синтетические,6237,213100.0,225971.7805204585
Модель 2: исходные + синтетические,8039,225600.0,206782.4692511578
Модель 2: исходные + синтетические,14519,196900.0,316503.5847316919
Модель 2: исходные + синтетические,7747,337600.0,359029.67488696193
Модель 2: исходные + синтетические,4556,313100.0,285865.3127750513
Модель 2: исходные + синтетические,15047,299200.0,251458.14036792898
Модель 2: исходные + синтетические,7717,375000.0,280227.21330740844
Модель 2: исходные + синтетические,1337,199100.0,277471.69185360434
Модель 2: исходные + синтетические,12454,102900.0,61965.570704711936
Модель 2: исходные + синтетические,14678,93800.0,255455.28092911953
Модель 2: исходные + синтетические,6556,397500.0,302751.43229853094
Модель 2: исходные + синтетические,16306,441100.0,344474.57987678325
Модель 2: исходные + синтетические,14598,425000.0,352583.8126824558
Модель 2: исходные + синтетические,16387,500001.0,264536.3882310188
Модель 2: исходные + синтетические,4488,182100.0,180287.92236214748
Модель 2: исходные + синтетические,766,129200.0,188097.73734965269
Модель 2: исходные + синтетические,6046,171300.0,224175.39320032013
Модель 2: исходные + синтетические,3383,151800.0,92681.22146929061
Модель 2: исходные + синтетические,8445,273100.0,315090.4385693728
Модель 2: исходные + синтетические,12200,68500.0,71988.55050916945
Модель 2: исходные + синтетические,11892,175200.0,228997.2652166976
Модель 2: исходные + синтетические,6264,210000.0,234228.47468667064
Модель 2: исходные + синтетические,4145,383900.0,318547.1324825249
Модель 2: исходные + синтетические,10833,250600.0,240828.90992592907
Модель 2: исходные + синтетические,16106,500001.0,284823.2626764534
Модель 2: исходные + синтетические,7996,337500.0,277073.0482614366
Модель 2: исходные + синтетические,9136,57400.0,117165.8065088549
Модель 2: исходные + синтетические,6380,500001.0,456232.1506347815
Модель 2: исходные + синтетические,4881,178800.0,142487.8440558147
Модель 2: исходные + синтетические,14305,222600.0,260845.58725117336
Модель 2: исходные + синтетические,10587,122600.0,89120.27635230271
Модель 2: исходные + синтетические,14040,179300.0,239694.862643317
Модель 2: исходные + синтетические,6760,329400.0,265996.49059691414
Модель 2: исходные + синтетические,4725,162800.0,168071.72382825238
Модель 2: исходные + синтетические,16477,189100.0,182124.0505486024
Модель 2: исходные + синтетические,16141,284700.0,284796.01653464796
Модель 2: исходные + синтетические,532,131000.0,215167.21292146144
Модель 2: исходные + синтетические,15728,350000.0,222411.66776920733
Модель 2: исходные + синтетические,11902,32500.0,80964.88429223365
Модель 2: исходные + синтетические,6122,112500.0,210707.72264644247
Модель 2: исходные + синтетические,8184,193800.0,230126.8393458348
Модель 2: исходные + синтетические,3025,354900.0,343147.20526998333
Модель 2: исходные + синтетические,14615,140600.0,240537.93443503656
Модель 2: исходные + синтетические,14471,350000.0,280470.41785372904
Модель 2: исходные + синтетические,4661,157700.0,211768.53078557592
Модель 2: исходные + синтетические,9089,73000.0,101094.64038100783
Модель 2: исходные + синтетические,2637,288100.0,255380.21299610395
Модель 2: исходные + синтетические,5333,154900.0,183667.29688393165
Модель 2: исходные + синтетические,5927,241700.0,238891.7573711718
Модель 2: исходные + синтетические,912,118200.0,184540.46541344788
Модель 2: исходные + синтетические,16230,311800.0,267803.03274220997
Модель 2: исходные + синтетические,848,172800.0,266724.36890976876
Модель 2: исходные + синтетические,7071,175000.0,221817.8026096172
Модель 2: исходные + синтетические,13064,335600.0,308582.66277383204
Модель 2: исходные + синтетические,3613,500001.0,444334.12147540355
Модель 2: исходные + синтетические,13495,500001.0,527539.0051039322
Модель 2: исходные + синтетические,11268,182700.0,173021.3480991836
Модель 2: исходные + синтетические,15329,76400.0,16629.20104978653
Модель 2: исходные + синтетические,11040,139100.0,109406.91999414144
Модель 2: исходные + синтетические,13577,277300.0,267396.5274421528
Модель 2: исходные + синтетические,13694,256300.0,273698.82826743386
Модель 2: исходные + синтетические,1823,97600.0,191231.90446565012
Модель 2: исходные + синтетические,2188,127600.0,130294.52054009786
Модель 2: исходные + синтетические,12736,338400.0,348137.89031739574
Модель 2: исходные + синтетические,14820,137000.0,149617.65067917667
Модель 2: исходные + синтетические,14571,145800.0,205111.1202711042
Модель 2: исходные + синтетические,14204,259300.0,277277.2553819083
Модель 2: исходные + синтетические,14334,187200.0,229986.62652951168
Модель 2: исходные + синтетические,2377,103000.0,151242.56146228654
Модель 2: исходные + синтетические,4604,177600.0,241105.79571519952
Модель 2: исходные + синтетические,9588,50200.0,55996.04953894614
Модель 2: исходные + синтетические,5319,500001.0,311327.9621106593
Модель 2: исходные + синтетические,5236,226500.0,204268.916880102
Модель 2: исходные + синтетические,14498,186900.0,266032.40009245375
Модель 2: исходные + синтетические,13749,275000.0,258229.37609955488
Модель 2: исходные + синтетические,10628,60400.0,33855.34360660676
Модель 2: исходные + синтетические,13466,262500.0,260200.10229411605
Модель 2: исходные + синтетические,9010,54700.0,102239.28650912171
Модель 2: исходные + синтетические,4894,160100.0,218811.20163085774
Модель 2: исходные + синтетические,2435,139300.0,157811.04095250007
Модель 2: исходные + синтетические,16522,193300.0,214754.4642043025
Модель 2: исходные + синтетические,12039,79000.0,126804.44338199071
Модель 2: исходные + синтетические,16722,261500.0,293188.58857787575
Модель 2: исходные + синтетические,7545,205000.0,220911.36215628046
Модель 2: исходные + синтетические,5414,266300.0,215736.70359003873
Модель 2: исходные + синтетические,7222,181800.0,212665.61618555314
Модель 2: исходные + синтетические,55,67500.0,24954.092329081283
Модель 2: исходные + синтетические,3573,267100.0,238697.4089169926
Модель 2: исходные + синтетические,222,134600.0,145106.21947155864
Модель 2: исходные + синтетические,14756,197000.0,287649.2864197495
Модель 2: исходные + синтетические,4236,214400.0,216609.39429361117
Модель 2: исходные + синтетические,389,153500.0,198307.36112181895
Модель 2: исходные + синтетические,14534,192600.0,202002.4227257123
Модель 2: исходные + синтетические,12436,264700.0,264983.85595617525
Модель 2: исходные + синтетические,4863,324400.0,234798.97988694365
Модель 2: исходные + синтетические,5320,56800.0,103251.52883205477
Модель 2: исходные + синтетические,2946,375700.0,314952.7807642536
Модель 2: исходные + синтетические,3866,184900.0,219849.5407571826
Модель 2: исходные + синтетические,14959,166900.0,223726.4375552975
Модель 2: исходные + синтетические,10973,133100.0,121577.3079719403
Модель 2: исходные + синтетические,2243,105500.0,144812.7939047093
Модель 2: исходные + синтетические,15784,193800.0,222403.00014099374
Модель 2: исходные + синтетические,16953,86400.0,153190.4746459538
Модель 2: исходные + синтетические,3555,149500.0,208365.56794661342
Модель 2: исходные + синтетические,5463,176600.0,146686.3545035135
Модель 2: исходные + синтетические,5780,156700.0,229234.99665438067
Модель 2: исходные + синтетические,10895,103800.0,103593.71314809038
Модель 2: исходные + синтетические,1303,179800.0,213662.17829874056
Модель 2: исходные + синтетические,544,121900.0,287637.71969908144
Модель 2: исходные + синтетические,3990,333300.0,345225.22013074614
Модель 2: исходные + синтетические,10374,110900.0,71753.90719073734
Модель 2: исходные + синтетические,12332,52800.0,116244.95515905802
Модель 2: исходные + синтетические,12442,73800.0,50371.446287370265
Модель 2: исходные + синтетические,5059,215600.0,143454.04656827258
Модель 2: исходные + синтетические,11688,90700.0,88503.94234536448
Модель 2: исходные + синтетические,16427,250500.0,255029.38882730898
Модель 2: исходные + синтетические,1980,68500.0,92043.27057339904
Модель 2: исходные + синтетические,3406,141300.0,186786.29967232255
Модель 2: исходные + синтетические,6287,105000.0,121156.58041707567
Модель 2: исходные + синтетические,6361,238200.0,246728.2779687281
Модель 2: исходные + синтетические,9626,90500.0,137279.94224266472
Модель 2: исходные + синтетические,4854,103500.0,161749.32668003778
Модель 2: исходные + синтетические,2758,355600.0,282744.10087628354
Модель 2: исходные + синтетические,4002,143900.0,133842.15002994557
Модель 2: исходные + синтетические,5008,218100.0,285266.6194632108
Модель 2: исходные + синтетические,376,95600.0,121251.04635752787
Модель 2: исходные + синтетические,9857,88300.0,103839.6209511249
Модель 2: исходные + синтетические,8681,196800.0,200393.9105658361
Модель 2: исходные + синтетические,14162,222000.0,243787.40535456824
Модель 2: исходные + синтетические,390,137600.0,139318.17227731427
Модель 2: исходные + синтетические,16507,151600.0,235505.78891802108
Модель 2: исходные + синтетические,5471,179800.0,206578.3197551825
Модель 2: исходные + синтетические,9859,384400.0,327602.9494837112
Модель 2: исходные + синтетические,6233,103000.0,151809.12416472798
Модель 2: исходные + синтетические,15733,214600.0,185873.68491373747
Модель 2: исходные + синтетические,6092,200000.0,185438.34794860613
Модель 2: исходные + синтетические,564,120800.0,174618.88854016227
Модель 2: исходные + синтетические,13683,344100.0,341709.47672419605
Модель 2: исходные + синтетические,6925,67500.0,153738.90604848322
Модель 2: исходные + синтетические,7097,189700.0,208441.3404659444
Модель 2: исходные + синтетические,2591,42100.0,63465.293083310506
Модель 2: исходные + синтетические,9587,68300.0,72527.017737753
Модель 2: исходные + синтетические,6745,155500.0,268252.7975097936
Модель 2: исходные + синтетические,3857,267900.0,231626.52661758056
Модель 2: исходные + синтетические,315,187200.0,224760.32987048395
Модель 2: исходные + синтетические,16929,73600.0,152381.8558402573
Модель 2: исходные + синтетические,14822,137500.0,221844.395976691
Модель 2: исходные + синтетические,14266,253500.0,271970.5606393555
Модель 2: исходные + синтетические,14383,500001.0,617509.3371991816
Модель 2: исходные + синтетические,7025,277900.0,257896.51135218804
Модель 2: исходные + синтетические,7518,313700.0,298042.185001506
Модель 2: исходные + синтетические,13126,204700.0,235177.8561880265
Модель 2: исходные + синтетические,12821,253100.0,275842.6054417102
Модель 2: исходные + синтетические,6232,92600.0,104061.94730906661
Модель 2: исходные + синтетические,16742,163500.0,180269.63317671564
Модель 2: исходные + синтетические,8250,500001.0,376836.5378500433
Модель 2: исходные + синтетические,12141,151300.0,199544.8669299628
Модель 2: исходные + синтетические,14603,202300.0,337893.6287203926
Модель 2: исходные + синтетические,13888,157700.0,230169.40399488126
Модель 2: исходные + синтетические,744,94400.0,110273.41362933048
Модель 2: исходные + синтетические,2747,121800.0,160456.20638147474
Модель 2: исходные + синтетические,8099,153500.0,179409.0152130734
Модель 2: исходные + синтетические,5069,205600.0,158759.1492041259
Модель 2: исходные + синтетические,16796,84700.0,53480.51213968297
Модель 2: исходные + синтетические,2010,91700.0,3712.2178452727135
Модель 2: исходные + синтетические,15394,154000.0,194263.12346569117
Модель 2: исходные + синтетические,15792,275900.0,270931.2526184553
Модель 2: исходные + синтетические,5034,102600.0,87828.54633114043
Модель 2: исходные + синтетические,15529,112500.0,259945.22904063034
Модель 2: исходные + синтетические,9986,85500.0,146124.2766224168
Модель 2: исходные + синтетические,4121,199600.0,199215.07479294238
Модель 2: исходные + синтетические,2592,85700.0,137393.04947235167
Модель 2: исходные + синтетические,14123,173400.0,206354.24524697557
Модель 2: исходные + синтетические,16955,100600.0,151867.92463106042
Модель 2: исходные + синтетические,11874,123300.0,146712.86074653178
Модель 2: исходные + синтетические,14891,86400.0,55318.34600796805
Модель 2: исходные + синтетические,13527,339300.0,254321.14986447038
Модель 2: исходные + синтетические,7783,240200.0,190843.92262755457
Модель 2: исходные + синтетические,4400,352200.0,242710.9910822018
Модель 2: исходные + синтетические,5988,126800.0,143762.5839895309
Модель 2: исходные + синтетические,4294,290800.0,295066.56033787754
Модель 2: исходные + синтетические,3313,231400.0,217026.19394581762
Модель 2: исходные + синтетические,8043,386100.0,216937.42080948185
Модель 2: исходные + синтетические,16458,71300.0,182252.23268916763
Модель 2: исходные + синтетические,1040,134700.0,190522.5407168616
Модель 2: исходные + синтетические,12848,165200.0,210370.4977537327
Модель 2: исходные + синтетические,6832,187500.0,138618.09192988934
Модель 2: исходные + синтетические,15766,225000.0,202895.00336178087
Модель 2: исходные + синтетические,5983,110700.0,194539.0652881495
Модель 2: исходные + синтетические,2621,237900.0,263971.45133313036
Модель 2: исходные + синтетические,1140,150000.0,164443.6373241673
Модель 2: исходные + синтетические,2554,239000.0,281219.69560589
Модель 2: исходные + синтетические,587,163000.0,205748.53477424502
Модель 2: исходные + синтетические,6490,116100.0,124564.2878541298
Модель 2: исходные + синтетические,4150,153000.0,130018.83807034117
Модель 2: исходные + синтетические,1321,187300.0,231066.15118625923
Модель 2: исходные + синтетические,2332,105600.0,146177.8827193825
Модель 2: исходные + синтетические,7182,17500.0,198144.30846683308
Модель 2: исходные + синтетические,8067,335400.0,210794.57196622723
Модель 2: исходные + синтетические,2142,82200.0,121310.66745385216
Модель 2: исходные + синтетические,12725,139900.0,185233.4812835935
Модель 2: исходные + синтетические,914,123800.0,183837.74875697042
Модель 2: исходные + синтетические,15481,185200.0,253115.35241785654
Модель 2: исходные + синтетические,9438,62200.0,52390.94594460772
Модель 2: исходные + синтетические,15971,354300.0,310765.3157276494
Модель 2: исходные + синтетические,3233,180600.0,173440.50976538355
Модель 2: исходные + синтетические,5136,176700.0,183443.4507706665
Модель 2: исходные + синтетические,8180,67900.0,88621.43829705514
Модель 2: исходные + синтетические,15365,75000.0,344175.9760568098
Модель 2: исходные + синтетические,2779,239500.0,283531.1130077565
Модель 2: исходные + синтетические,252,125200.0,156159.80338739738
Модель 2: исходные + синтетические,9104,50900.0,97430.85458174205
Модель 2: исходные + синтетические,1172,80000.0,148373.57324882204
Модель 2: исходные + синтетические,10772,112500.0,118485.16570199915
Модель 2: исходные + синтетические,16930,90200.0,108621.26927356249
Модель 2: исходные + синтетические,11646,65400.0,135239.07642269472
Модель 2: исходные + синтетические,16532,190300.0,205850.8888012886
Модель 2: исходные + синтетические,16090,267000.0,256381.46603981932
Модель 2: исходные + синтетические,11635,132500.0,154778.64091219273
Модель 2: исходные + синтетические,10279,88100.0,77962.96692994749
Модель 2: исходные + синтетические,3769,185400.0,175538.8930532876
Модель 2: исходные + синтетические,15523,287500.0,218209.991394519
Модель 2: исходные + синтетические,13975,349100.0,355405.57363559754
Модель 2: исходные + синтетические,6443,354700.0,290654.8399859483
Модель 2: исходные + синтетические,4623,500001.0,486210.6095060734
Модель 2: исходные + синтетические,2081,103800.0,122825.88197171659
Модель 2: исходные + синтетические,7627,500001.0,314249.8903389926
Модель 2: исходные + синтетические,16077,264200.0,314279.9613452971
Модель 2: исходные + синтетические,2763,80600.0,164954.6733267365
Модель 2: исходные + синтетические,1468,411600.0,334292.88869008434
Модель 2: исходные + синтетические,5045,490400.0,302809.33439594554
Модель 2: исходные + синтетические,12431,61200.0,49298.081537974336
Модель 2: исходные + синтетические,5801,187500.0,180230.46270029087
Модель 2: исходные + синтетические,3536,275900.0,311719.08878031484
Модель 2: исходные + синтетические,13093,87000.0,165034.218585448
Модель 2: исходные + синтетические,11389,213800.0,164381.22951364104
Модель 2: исходные + синтетические,4081,152500.0,153070.2143299491
Модель 2: исходные + синтетические,14357,369900.0,348221.3974605885
Модель 2: исходные + синтетические,3655,170100.0,195995.84389874808
Модель 2: исходные + синтетические,15153,351800.0,298035.8926880335
Модель 2: исходные + синтетические,60,62200.0,40895.235908960545
Модель 2: исходные + синтетические,2230,148900.0,230440.9224228479
Модель 2: исходные + синтетические,2552,354000.0,352064.41533490777
Модель 2: исходные + синтетические,12927,142100.0,226254.15333813024
Модель 2: исходные + синтетические,4716,163900.0,177808.02653788347
Модель 2: исходные + синтетические,12277,93800.0,109346.21099740152
Модель 2: исходные + синтетические,10252,62300.0,95148.14591994994
Модель 2: исходные + синтетические,3020,174600.0,185992.19212994492
Модель 2: исходные + синтетические,13465,260000.0,243462.56396612944
Модель 2: исходные + синтетические,246,89600.0,107662.657092838
Модель 2: исходные + синтетические,15912,500001.0,317170.2559282995
Модель 2: исходные + синтетические,9221,158300.0,165644.98272958284
Модель 2: исходные + синтетические,180,91800.0,92451.76990933748
Модель 2: исходные + синтетические,184,100000.0,153405.36904011015
Модель 2: исходные + синтетические,10835,128600.0,76602.2305568143
Модель 2: исходные + синтетические,11760,111300.0,87630.09300798761
Модель 2: исходные + синтетические,16734,105700.0,147280.7768670973
Модель 2: исходные + синтетические,6292,100300.0,112387.20246499848
Модель 2: исходные + синтетические,12056,89600.0,118869.81429779391
Модель 2: исходные + синтетические,2009,500001.0,554130.7964358993
Модель 2: исходные + синтетические,6911,446200.0,343064.47150275216
Модель 2: исходные + синтетические,15297,103900.0,166312.44819732287
Модель 2: исходные + синтетические,8420,418200.0,195232.99054578764
Модель 2: исходные + синтетические,15171,129800.0,51718.03843697978
Модель 2: исходные + синтетические,851,145500.0,227769.93146463696
Модель 2: исходные + синтетические,6990,140400.0,257269.53322041614
Модель 2: исходные + синтетические,8241,420000.0,336462.80999105336
Модель 2: исходные + синтетические,8333,170700.0,161729.4839330954
Модель 2: исходные + синтетические,11247,239600.0,226322.20927403402
Модель 2: исходные + синтетические,8030,187500.0,118996.10726424829
Модель 2: исходные + синтетические,6505,90100.0,109050.8800148289
Модель 2: исходные + синтетические,16081,221200.0,272351.5144670815
Модель 2: исходные + синтетические,12073,152500.0,153436.82171295077
Модель 2: исходные + синтетические,16845,96000.0,189863.8915575301
Модель 2: исходные + синтетические,1313,86300.0,130645.71984765015
Модель 2: исходные + синтетические,14782,84600.0,148626.75615678067
Модель 2: исходные + синтетические,11786,96400.0,120596.05085642752
Модель 2: исходные + синтетические,4280,214800.0,231126.0697524614
Модель 2: исходные + синтетические,16174,381700.0,352391.28403500334
Модель 2: исходные + синтетические,12389,146900.0,157998.72335294634
Модель 2: исходные + синтетические,10931,69500.0,93589.01246449567
Модель 2: исходные + синтетические,254,159000.0,143732.9402228787
Модель 2: исходные + синтетические,14747,464600.0,301876.1284626637
Модель 2: исходные + синтетические,4071,344000.0,299405.5977598278
Модель 2: исходные + синтетические,3037,201400.0,235375.63130396258
Модель 2: исходные + синтетические,878,264100.0,273493.70347935235
Модель 2: исходные + синтетические,3735,196900.0,188884.96538548326
Модель 2: исходные + синтетические,8794,338200.0,302935.1800031279
Модель 2: исходные + синтетические,3699,134400.0,185950.74442433345
Модель 2: исходные + синтетические,13447,196900.0,264465.9798973357
Модель 2: исходные + синтетические,5499,163300.0,178390.28421167424
Модель 2: исходные + синтетические,11270,74200.0,136424.8293774735
Модель 2: исходные + синтетические,4953,292900.0,281562.37349639926
Модель 2: исходные + синтетические,13269,274600.0,282541.1685299577
Модель 2: исходные + синтетические,1678,294400.0,269289.19320428814
Модель 2: исходные + синтетические,14213,166600.0,155196.6364912552
Модель 2: исходные + синтетические,16050,500001.0,286058.44545954285
Модель 2: исходные + синтетические,13422,238000.0,288321.4009796764
Модель 2: исходные + синтетические,4699,257200.0,220224.39559126255
Модель 2: исходные + синтетические,2688,186500.0,175627.19265268347
Модель 2: исходные + синтетические,3098,280300.0,279255.14331145317
Модель 2: исходные + синтетические,3078,450000.0,109264.65553430498
Модель 2: исходные + синтетические,11959,77000.0,90532.00213391057
Модель 2: исходные + синтетические,15981,500001.0,279446.908379895
Модель 2: исходные + синтетические,10125,43800.0,103807.76955458707
Модель 2: исходные + синтетические,7843,400700.0,294133.85256775975
Модель 2: исходные + синтетические,7046,272500.0,195038.00469267264
Модель 2: исходные + синтетические,5073,173800.0,161329.6624643541
Модель 2: исходные + синтетические,14629,92300.0,173264.95257892626
Модель 2: исходные + синтетические,13585,252400.0,219953.99228012536
Модель 2: исходные + синтетические,909,117000.0,178963.52144759928
Модель 2: исходные + синтетические,953,291500.0,197554.60889471532
Модель 2: исходные + синтетические,8094,235600.0,267720.9902725452
Модель 2: исходные + синтетические,5482,170300.0,137920.1854356398
Модель 2: исходные + синтетические,14558,69600.0,67935.84536474508
Модель 2: исходные + синтетические,13481,218800.0,145285.1015806243
Модель 2: исходные + синтетические,3553,138500.0,123811.49849132988
Модель 2: исходные + синтетические,7187,250000.0,194297.33313985003
Модель 2: исходные + синтетические,15944,325900.0,275626.27078798326
Модель 2: исходные + синтетические,6440,498400.0,323914.73603587353
Модель 2: исходные + синтетические,13555,254000.0,285543.3908072762
Модель 2: исходные + синтетические,15040,446200.0,370358.85180739575
Модель 2: исходные + синтетические,2119,111300.0,131173.3954971072
Модель 2: исходные + синтетические,5898,194000.0,281816.11487787723
Модель 2: исходные + синтетические,15404,209100.0,244759.22722653276
Модель 2: исходные + синтетические,7324,227300.0,291083.20876095287
Модель 2: исходные + синтетические,164,76900.0,69089.46936937941
Модель 2: исходные + синтетические,6126,111400.0,147167.96263103228
Модель 2: исходные + синтетические,8578,185000.0,246715.02434744904
Модель 2: исходные + синтетические,2523,118000.0,168672.0857753364
Модель 2: исходные + синтетические,1588,125000.0,181509.871290343
Модель 2: исходные + синтетические,3238,310700.0,270285.81958966696
Модель 2: исходные + синтетические,12013,327800.0,283570.2039138801
Модель 2: исходные + синтетические,11299,271200.0,280188.1260065393
Модель 2: исходные + синтетические,5170,253500.0,235668.91838355956
Модель 2: исходные + синтетические,932,90500.0,75121.10255368041
Модель 2: исходные + синтетические,16521,234500.0,255403.99479393114
Модель 2: исходные + синтетические,13259,265000.0,226658.16475528394
Модель 2: исходные + синтетические,14575,111100.0,179596.56340152203
Модель 2: исходные + синтетические,14088,114300.0,281480.09168891754
Модель 2: исходные + синтетические,11046,130300.0,121693.8064429211
Модель 2: исходные + синтетические,6840,116400.0,171760.35725875903
Модель 2: исходные + синтетические,4412,152000.0,178807.56101320894
Модель 2: исходные + синтетические,8871,190400.0,231831.3288822957
Модель 2: исходные + синтетические,6200,88200.0,114000.68356242226
Модель 2: исходные + синтетические,6023,149700.0,161102.81255532778
Модель 2: исходные + синтетические,6142,95100.0,100410.96087187334
Модель 2: исходные + синтетические,10828,130600.0,135023.63288519345
Модель 2: исходные + синтетические,4754,170400.0,203988.22995620646
Модель 2: исходные + синтетические,11053,127800.0,75684.74859687511
Модель 2: исходные + синтетические,15101,134700.0,211206.43076670784
Модель 2: исходные + синтетические,13744,500001.0,454979.77299147844
Модель 2: исходные + синтетические,15409,162500.0,185274.09684257838
Модель 2: исходные + синтетические,1688,275000.0,225959.40339939855
Модель 2: исходные + синтетические,8697,341200.0,336196.2740481064
Модель 2: исходные + синтетические,830,154200.0,171325.81474811482
Модель 2: исходные + синтетические,7204,193000.0,233300.10956494132
Модель 2: исходные + синтетические,6611,97500.0,133889.61010705977
Модель 2: исходные + синтетические,4047,211400.0,208941.61835596757
Модель 2: исходные + синтетические,1462,235100.0,219477.13102324237
Модель 2: исходные + синтетические,11206,150000.0,154765.37645635253
Модель 2: исходные + синтетические,9801,89500.0,176374.0192143931
Модель 2: исходные + синтетические,3787,163000.0,190083.0209020762
Модель 2: исходные + синтетические,4442,344400.0,185003.0027220549
Модель 2: исходные + синтетические,9611,52900.0,62549.329847115696
Модель 2: исходные + синтетические,13140,134400.0,218730.10602154324
Модель 2: исходные + синтетические,15480,93800.0,67734.50701352036
Модель 2: исходные + синтетические,4238,285200.0,270970.6340324493
Модель 2: исходные + синтетические,6146,88200.0,135403.265477438
Модель 2: исходные + синтетические,9395,55000.0,224504.77614941035
Модель 2: исходные + синтетические,4454,261000.0,278110.8661966218
Модель 2: исходные + синтетические,7099,128000.0,203421.23815972664
Модель 2: исходные + синтетические,7019,273000.0,231155.43941604914
Модель 2: исходные + синтетические,12896,209900.0,231305.28008754356
Модель 2: исходные + синтетические,16902,119400.0,127729.8762966454
Модель 2: исходные + синтетические,7734,268600.0,248881.5459582474
Модель 2: исходные + синтетические,15094,152800.0,115272.78662215998
Модель 2: исходные + синтетические,9851,72800.0,99006.80574001966
Модель 2: исходные + синтетические,5937,168800.0,162763.11796668192
Модель 2: исходные + синтетические,399,109800.0,210214.84433830658
Модель 2: исходные + синтетические,4996,239700.0,224689.86417098925
Модель 2: исходные + синтетические,11723,82500.0,127250.60065597144
Модель 2: исходные + синтетические,10739,107600.0,175799.34096779366
Модель 2: исходные + синтетические,726,165100.0,167797.19997695545
Модель 2: исходные + синтетические,7745,359400.0,287060.7954703059
Модель 2: исходные + синтетические,2790,164400.0,149182.80078461234
Модель 2: исходные + синтетические,12409,115200.0,24083.10931865868
Модель 2: исходные + синтетические,16459,259800.0,282640.6676892225
Модель 2: исходные + синтетические,8096,146000.0,211625.74675954747
Модель 2: исходные + синтетические,8856,214700.0,265813.717161256
Модель 2: исходные + синтетические,12765,259500.0,262042.2087243897
Модель 2: исходные + синтетические,3125,451500.0,337091.00919381797
Модель 2: исходные + синтетические,3335,500001.0,469659.0795676306
Модель 2: исходные + синтетические,12278,129300.0,206929.10471920978
Модель 2: исходные + синтетические,15587,500001.0,383584.0829228718
Модель 2: исходные + синтетические,8983,62800.0,122632.32538377724
Модель 2: исходные + синтетические,15663,81100.0,20886.102409149982
Модель 2: исходные + синтетические,1602,81300.0,82690.72682834615
Модель 2: исходные + синтетические,6997,126700.0,224860.1140813232
Модель 2: исходные + синтетические,7822,340600.0,171414.9857621532
Модель 2: исходные + синтетические,11228,80800.0,27843.066389316282
Модель 2: исходные + синтетические,3024,277500.0,231093.3165567389
Модель 2: исходные + синтетические,10610,162700.0,203958.4937951568
Модель 2: исходные + синтетические,3713,181000.0,186102.52408107827
Модель 2: исходные + синтетические,15076,206200.0,248951.9212589752
Модель 2: исходные + синтетические,13104,273900.0,313055.3689455358
Модель 2: исходные + синтетические,5697,111100.0,194265.91216398258
Модель 2: исходные + синтетические,8146,500001.0,274447.6806313121
Модель 2: исходные + синтетические,15150,234000.0,241143.40914195607
Модель 2: исходные + синтетические,13232,335500.0,340050.111184217
Модель 2: исходные + синтетические,11482,220700.0,280091.0868548865
Модель 2: исходные + синтетические,1458,204000.0,274795.5102240948
Модель 2: исходные + синтетические,8085,500001.0,348729.9278954123
Модель 2: исходные + синтетические,2288,129300.0,149644.2315363015
Модель 2: исходные + синтетические,10848,96400.0,97258.60109312324
Модель 2: исходные + синтетические,13324,281200.0,283020.1086560489
Модель 2: исходные + синтетические,9925,74300.0,157061.2815807079
Модель 2: исходные + синтетические,6860,124300.0,130360.82022431685
Модель 2: исходные + синтетические,9651,106900.0,170049.37856839236
Модель 2: исходные + синтетические,16719,183300.0,228276.82089210476
Модель 2: исходные + синтетические,4633,330000.0,234153.87875567272
Модель 2: исходные + синтетические,2028,78600.0,96878.50626407497
Модель 2: исходные + синтетические,5431,155400.0,203348.4181546114
Модель 2: исходные + синтетические,11620,132500.0,168073.835732884
Модель 2: исходные + синтетические,15541,111500.0,180214.09213304357
Модель 2: исходные + синтетические,9387,85600.0,234504.02197527257
Модель 2: исходные + синтетические,6530,200300.0,238850.52752011069
Модель 2: исходные + синтетические,4240,188700.0,207776.89546784875
Модель 2: исходные + синтетические,14568,156300.0,280878.909975272
Модель 2: исходные + синтетические,3279,500001.0,448836.91177217575
Модель 2: исходные + синтетические,5909,129200.0,216032.78042615176
Модель 2: исходные + синтетические,5709,170600.0,237791.36017334744
Модель 2: исходные + синтетические,10901,207800.0,253471.4586527752
Модель 2: исходные + синтетические,4089,191100.0,132351.42273775928
Модель 2: исходные + синтетические,3218,233100.0,206039.2780722064
Модель 2: исходные + синтетические,2906,101300.0,104379.68455242834
Модель 2: исходные + синтетические,152,68200.0,84711.16415917582
Модель 2: исходные + синтетические,9156,77600.0,93971.94657985143
Модель 2: исходные + синтетические,2927,300700.0,283477.54174461204
Модель 2: исходные + синтетические,8656,323300.0,321056.0003404349
Модель 2: исходные + синтетические,13887,134800.0,162931.6670526573
Модель 2: исходные + синтетические,13410,330500.0,246240.79720051948
Модель 2: исходные + синтетические,13066,183700.0,188729.47335815994
Модель 2: исходные + синтетические,12685,241000.0,245593.55732893338
Модель 2: исходные + синтетические,10366,176600.0,212816.934712379
Модель 2: исходные + синтетические,1213,117900.0,159273.00823535747
Модель 2: исходные + синтетические,4364,168900.0,235133.60803336388
Модель 2: исходные + синтетические,9137,51900.0,139259.88552596248
Модель 2: исходные + синтетические,10808,113200.0,103676.65918362416
Модель 2: исходные + синтетические,10695,88600.0,115042.74940041335
Модель 2: исходные + синтетические,5892,159200.0,190147.23986361345
Модель 2: исходные + синтетические,9929,59600.0,145018.32986753603
Модель 2: исходные + синтетические,14604,79100.0,96109.85725111888
Модель 2: исходные + синтетические,13885,108500.0,173902.52652196953
Модель 2: исходные + синтетические,14973,398600.0,336535.85675480566
Модель 2: исходные + синтетические,16931,96100.0,120598.69734320987
Модель 2: исходные + синтетические,300,90800.0,174311.72278701168
Модель 2: исходные + синтетические,14359,170400.0,163992.17237113605
Модель 2: исходные + синтетические,790,123600.0,176424.62360499214
Модель 2: исходные + синтетические,16474,324700.0,301722.5452354784
Модель 2: исходные + синтетические,13143,139300.0,240609.89771629433
Модель 2: исходные + синтетические,15526,269900.0,231671.76913309348
Модель 2: исходные + синтетические,9797,236000.0,211885.5005199019
Модель 2: исходные + синтетические,3543,310900.0,271472.30934887537
Модель 2: исходные + синтетические,2990,137500.0,286790.88173268916
Модель 2: исходные + синтетические,15014,128300.0,85522.54114897146
Модель 2: исходные + синтетические,4376,209900.0,205546.83307774705
Модель 2: исходные + синтетические,258,183900.0,152268.59327487226
Модель 2: исходные + синтетические,14668,285800.0,323383.414721015
Модель 2: исходные + синтетические,12830,257200.0,313734.07419923774
Модель 2: исходные + синтетические,5305,203900.0,229230.29399738478
Модель 2: исходные + синтетические,7802,500001.0,330602.307111315
Модель 2: исходные + синтетические,11539,128700.0,141568.6167228812
Модель 2: исходные + синтетические,1898,500000.0,285316.58118263463
Модель 2: исходные + синтетические,10036,51700.0,54405.53044159926
Модель 2: исходные + синтетические,15205,250000.0,225096.23735622235
Модель 2: исходные + синтетические,6079,147800.0,202572.01925738357
Модель 2: исходные + синтетические,8548,500001.0,275518.0418336145
Модель 2: исходные + синтетические,7271,346700.0,255327.89003162604
Модель 2: исходные + синтетические,2037,144500.0,182894.7579344714
Модель 2: исходные + синтетические,5962,171300.0,133257.5557672679
Модель 2: исходные + синтетические,598,245200.0,298600.08770537603
Модель 2: исходные + синтетические,8755,338500.0,323697.7488067734
Модель 2: исходные + синтетические,12125,147100.0,180359.78389160256
Модель 2: исходные + синтетические,2582,337900.0,333638.4877663377
Модель 2: исходные + синтетические,14096,158200.0,234384.78915862358
Модель 2: исходные + синтетические,916,150000.0,171882.68857541596
Модель 2: исходные + синтетические,553,149300.0,196746.71542749286
Модель 2: исходные + синтетические,7554,260800.0,179017.77233786302
Модель 2: исходные + синтетические,11333,193800.0,157044.71569281904
Модель 2: исходные + синтетические,11605,63300.0,109048.35410385636
Модель 2: исходные + синтетические,11459,157900.0,180723.37849224082
Модель 2: исходные + синтетические,15288,152700.0,200684.63655143738
Модель 2: исходные + синтетические,46,43300.0,64401.702631790315
Модель 2: исходные + синтетические,13584,272900.0,266115.75141113147
Модель 2: исходные + синтетические,3241,285200.0,295580.6733211777
Модель 2: исходные + синтетические,2962,120000.0,116653.48291376779
Модель 2: исходные + синтетические,5828,126000.0,138712.8660118499
Модель 2: исходные + синтетические,15445,161500.0,195557.2577042374
Модель 2: исходные + синтетические,8761,78400.0,129449.82301073607
Модель 2: исходные + синтетические,9663,136900.0,163428.31930424325
Модель 2: исходные + синтетические,4158,360400.0,300578.92612400063
Модель 2: исходные + синтетические,15560,92200.0,47149.524580723926
Модель 2: исходные + синтетические,9446,231900.0,250935.7001244705
Модель 2: исходные + синтетические,7680,352700.0,325665.36065740057
Модель 2: исходные + синтетические,15814,233300.0,290506.48583419033
Модель 2: исходные + синтетические,4265,208800.0,167303.70790970765
Модель 2: исходные + синтетические,12568,86300.0,58529.49367161663
Модель 2: исходные + синтетические,10976,102500.0,41222.25772207912
Модель 2: исходные + синтетические,4395,271400.0,254127.42801759942
Модель 2: исходные + синтетические,2150,500001.0,153545.54594570096
Модель 2: исходные + синтетические,15813,214200.0,155712.5590142056
Модель 2: исходные + синтетические,4855,106900.0,141458.4736738215
Модель 2: исходные + синтетические,1408,260900.0,236189.68306726267
Модель 2: исходные + синтетические,9106,53100.0,62664.73947726641
Модель 2: исходные + синтетические,981,145900.0,208593.6500169837
Модель 2: исходные + синтетические,11469,143400.0,140574.03396582484
Модель 2: исходные + синтетические,15588,56600.0,32893.774833666954
Модель 2: исходные + синтетические,12072,133500.0,242620.31417580723
Модель 2: исходные + синтетические,1006,85800.0,166139.90543393002
Модель 2: исходные + синтетические,1872,122200.0,169243.31604825426
Модель 2: исходные + синтетические,4825,168600.0,271957.2931138789
Модель 2: исходные + синтетические,11738,110000.0,104537.76764774302
Модель 2: исходные + синтетические,6689,253100.0,241385.60089127734
Модель 2: исходные + синтетические,8452,210400.0,226475.2048576904
Модель 2: исходные + синтетические,12979,100000.0,142955.3405079807
Модель 2: исходные + синтетические,8858,330000.0,393757.92978259857
Модель 2: исходные + синтетические,8403,500001.0,478944.55671637296
Модель 2: исходные + синтетические,11733,113300.0,108195.1820422213
Модель 2: исходные + синтетические,9642,160100.0,114103.85853126671
Модель 2: исходные + синтетические,12426,56700.0,21771.1833876564
Модель 2: исходные + синтетические,8634,500001.0,461826.8591196101
Модель 2: исходные + синтетические,1275,89400.0,175147.55090756065
Модель 2: исходные + синтетические,3554,145500.0,185189.3556531562
Модель 2: исходные + синтетические,16392,424400.0,347995.8695959734
Модель 2: исходные + синтетические,9113,57800.0,111762.57487361098
Модель 2: исходные + синтетические,14904,90000.0,169741.27076175436
Модель 2: исходные + синтетические,2646,123400.0,163052.05874348673
Модель 2: исходные + синтетические,10401,93000.0,-5521.261254907146
Модель 2: исходные + синтетические,5191,200200.0,216492.2184790052
Модель 2: исходные + синтетические,7202,183900.0,145772.65386472785
Модель 2: исходные + синтетические,13094,150000.0,173961.30797286824
Модель 2: исходные + синтетические,1780,132400.0,193084.5165532832
Модель 2: исходные + синтетические,4923,225800.0,250003.86947745513
Модель 2: исходные + синтетические,8919,173800.0,254673.77973718633
Модель 2: исходные + синтетические,2794,242800.0,264187.5307338324
Модель 2: исходные + синтетические,16503,89600.0,147500.80095050586
Модель 2: исходные + синтетические,9131,60800.0,70129.15544285045
Модель 2: исходные + синтетические,1752,500001.0,484535.9733871336
Модель 2: исходные + синтетические,318,130800.0,97014.41069001985
Модель 2: исходные + синтетические,16609,124000.0,171716.98798846602
Модель 2: исходные + синтетические,4849,422200.0,282471.974823797
Модель 2: исходные + синтетические,3312,350000.0,275165.9198821338
Модель 2: исходные + синтетические,16220,323800.0,274903.2737428859
Модель 2: исходные + синтетические,6977,104800.0,174102.7084661868
Модель 2: исходные + синтетические,2632,286600.0,355616.5803354378
Модель 2: исходные + синтетические,9470,52100.0,96417.83848056043
Модель 2: исходные + синтетические,12163,233800.0,221394.00889689452
Модель 2: исходные + синтетические,7792,425000.0,195026.31504362868
Модель 2: исходные + синтетические,2316,93500.0,134625.8111338485
Модель 2: исходные + синтетические,5698,146400.0,97899.29360667721
Модель 2: исходные + синтетические,12326,216600.0,231887.06623663096
Модель 2: исходные + синтетические,5932,153000.0,157542.1776271995
Модель 2: исходные + синтетические,9491,166700.0,235971.74669820623
Модель 2: исходные + синтетические,8326,217100.0,256794.6448701287
Модель 2: исходные + синтетические,5912,140100.0,135773.87827679422
Модель 2: исходные + синтетические,657,144700.0,244472.20710252412
Модель 2: исходные + синтетические,1952,67000.0,125441.95600178391
Модель 2: исходные + синтетические,14212,160000.0,138244.40701284228
Модель 2: исходные + синтетические,2751,95300.0,114321.0714393195
Модель 2: исходные + синтетические,12128,139400.0,141779.12480561913
Модель 2: исходные + синтетические,7409,207600.0,239950.7424584514
Модель 2: исходные + синтетические,11256,161500.0,105340.41524890315
Модель 2: исходные + синтетические,14922,146900.0,192921.96939241
Модель 2: исходные + синтетические,6037,115000.0,150369.0898370933
Модель 2: исходные + синтетические,14192,235600.0,243128.59898033884
Модель 2: исходные + синтетические,6286,90400.0,117846.52411259044
Модель 2: исходные + синтетические,10910,77100.0,128490.20637212666
Модель 2: исходные + синтетические,15269,270900.0,265572.88247012236
Модель 2: исходные + синтетические,3091,500001.0,540122.9773852675
Модель 2: исходные + синтетические,7253,247000.0,208155.44583250146
Модель 2: исходные + синтетические,13573,267500.0,319590.8819421595
Модель 2: исходные + синтетические,7270,500001.0,508327.40018025314
Модель 2: исходные + синтетические,15238,220800.0,241969.1376227063
Модель 2: исходные + синтетические,4460,430200.0,294023.67688910104
Модель 2: исходные + синтетические,12374,73100.0,126950.83619883249
Модель 2: исходные + синтетические,15501,129100.0,207812.46083965036
Модель 2: исходные + синтетические,12489,94200.0,137613.41902093127
Модель 2: исходные + синтетические,11853,130800.0,187756.47992474318
Модель 2: исходные + синтетические,7001,145800.0,195003.53950584913
Модель 2: исходные + синтетические,13268,272000.0,264623.9137261288
Модель 2: исходные + синтетические,4733,168100.0,257635.76554705447
Модель 2: исходные + синтетические,5886,158200.0,227581.03676881385
Модель 2: исходные + синтетические,4784,316800.0,247132.95970951515
Модель 2: исходные + синтетические,10549,226800.0,299335.89194216504
Модель 2: исходные + синтетические,13038,351800.0,298998.2511665826
Модель 2: исходные + синтетические,12715,184300.0,179602.70373114035
Модель 2: исходные + синтетические,5565,350000.0,384856.4943784556
Модель 2: исходные + синтетические,7947,210500.0,274513.0414543982
Модель 2: исходные + синтетические,894,155400.0,182051.6267569732
Модель 2: исходные + синтетические,14817,139400.0,186009.76548739924
Модель 2: исходные + синтетические,8696,500001.0,422026.43636736396
Модель 2: исходные + синтетические,546,193500.0,260383.57768894528
Модель 2: исходные + синтетические,1193,142900.0,189005.31524268613
Модель 2: исходные + синтетические,8258,182500.0,198294.3617318964
Модель 2: исходные + синтетические,10798,337000.0,277542.579464556
Модель 2: исходные + синтетические,7869,269200.0,210916.38382187413
Модель 2: исходные + синтетические,5464,190600.0,141068.64719207026
Модель 2: исходные + синтетические,9758,53400.0,98604.92045681039
Модель 2: исходные + синтетические,8599,216000.0,234121.52861168727
Модель 2: исходные + синтетические,5861,171700.0,185656.9228676906
Модель 2: исходные + синтетические,3642,267700.0,254757.1242440514
Модель 2: исходные + синтетические,3618,500001.0,314885.53233858146
Модель 2: исходные + синтетические,11829,91600.0,182562.69411452988
Модель 2: исходные + синтетические,16235,112500.0,265349.54701495805
Модель 2: исходные + синтетические,9393,409300.0,353970.18635696144
Модель 2: исходные + синтетические,1886,163600.0,123738.05122149161
Модель 2: исходные + синтетические,10650,71900.0,7702.295885103446
Модель 2: исходные + синтетические,6298,108700.0,108845.16607763493
Модель 2: исходные + синтетические,8837,204300.0,252755.65621707233
Модель 2: исходные + синтетические,13499,336500.0,314917.0144771144
Модель 2: исходные + синтетические,8946,309900.0,375983.53509251773
Модель 2: исходные + синтетические,12398,116800.0,119919.07912121573
Модель 2: исходные + синтетические,14155,179300.0,253273.7900135456
Модель 2: исходные + синтетические,1654,214500.0,242645.5765255336
Модель 2: исходные + синтетические,8641,211600.0,224620.3314581168
Модель 2: исходные + синтетические,4299,174800.0,215629.69919074193
Модель 2: исходные + синтетические,4668,160800.0,151626.14096459988
Модель 2: исходные + синтетические,6554,331200.0,307802.01628091803
Модель 2: исходные + синтетические,16926,72300.0,123140.71527262185
Модель 2: исходные + синтетические,8926,251700.0,283413.5408829247
Модель 2: исходные + синтетические,3156,187500.0,250978.00918632836
Модель 2: исходные + синтетические,15815,218800.0,233195.1641669867
Модель 2: исходные + синтетические,4731,165700.0,242077.02045898445
Модель 2: исходные + синтетические,16167,306700.0,278786.77353799366
Модель 2: исходные + синтетические,9026,92900.0,178888.03650848064
Модель 2: исходные + синтетические,11584,350000.0,414546.804397046
Модель 2: исходные + синтетические,14544,500001.0,551956.9204364925
Модель 2: исходные + синтетические,8739,229000.0,268363.9912731934
Модель 2: исходные + синтетические,2282,98300.0,150278.09152847383
Модель 2: исходные + синтетические,600,281700.0,285329.04127867555
Модель 2: исходные + синтетические,10634,85300.0,101845.07429002515
Модель 2: исходные + синтетические,15874,262500.0,239775.34506026682
Модель 2: исходные + синтетические,15901,341300.0,272729.6858214135
Модель 2: исходные + синтетические,5936,191700.0,141657.99190781396
Модель 2: исходные + синтетические,14794,500001.0,321093.9150689441
Модель 2: исходные + синтетические,10535,168100.0,257623.01132287786
Модель 2: исходные + синтетические,14673,96200.0,183732.47759759484
Модель 2: исходные + синтетические,6432,185400.0,151670.70202918947
Модель 2: исходные + синтетические,7700,190800.0,211665.0296003938
Модель 2: исходные + синтетические,3456,197800.0,181908.1890833673
Модель 2: исходные + синтетические,15718,90100.0,8257.854611907707
Модель 2: исходные + синтетические,2712,345400.0,311703.0231411087
Модель 2: исходные + синтетические,7755,378100.0,294845.7334697476
Модель 2: исходные + синтетические,4194,177700.0,163188.3656543004
Модель 2: исходные + синтетические,8563,209200.0,232411.95177539662
Модель 2: исходные + синтетические,10,86500.0,15350.50689610346
Модель 2: исходные + синтетические,5642,156100.0,153977.73707327415
Модель 2: исходные + синтетические,3802,185600.0,243923.23463230368
Модель 2: исходные + синтетические,6943,360000.0,182623.05532959732
Модель 2: исходные + синтетические,6646,165500.0,230928.91011618008
Модель 2: исходные + синтетические,15267,287500.0,258984.15107386687
Модель 2: исходные + синтетические,674,151900.0,229687.5820147587
Модель 2: исходные + синтетические,2829,244800.0,247288.9620652629
Модель 2: исходные + синтетические,16993,106700.0,183134.78117359284
Модель 2: исходные + синтетические,1049,111200.0,87085.00083648843
Модель 2: исходные + синтетические,6800,230400.0,197918.95671621163
Модель 2: исходные + синтетические,5809,500001.0,374335.4657732517
Модель 2: исходные + синтетические,16884,74000.0,129241.19394972463
Модель 2: исходные + синтетические,5446,315100.0,293039.0687667431
Модель 2: исходные + синтетические,8075,263800.0,269072.07098275155
Модель 2: исходные + синтетические,3282,91800.0,116345.35499811397
Модель 2: исходные + синтетические,9325,175000.0,153916.31183271162
Модель 2: исходные + синтетические,6637,105400.0,175477.896264234
Модель 2: исходные + синтетические,4458,350700.0,288465.7493922222
Модель 2: исходные + синтетические,2777,320800.0,228001.07883610486
Модель 2: исходные + синтетические,5654,136400.0,168767.83951110675
Модель 2: исходные + синтетические,16437,269200.0,219335.691791347
Модель 2: исходные + синтетические,15927,425000.0,282810.1866128563
Модель 2: исходные + синтетические,1555,129200.0,144293.31324544578
Модель 2: исходные + синтетические,1959,182600.0,226055.35430256248
Модель 2: исходные + синтетические,8731,500001.0,342767.1862705993
Модель 2: исходные + синтетические,6572,177500.0,265689.5098731131
Модель 2: исходные + синтетические,8189,137100.0,153930.18240264282
Модель 2: исходные + синтетические,16363,332300.0,284733.0220256265
Модель 2: исходные + синтетические,12468,59800.0,32969.37710473081
Модель 2: исходные + синтетические,8851,205300.0,234344.10502218967
Модель 2: исходные + синтетические,16673,144000.0,171045.34856017615
Модель 2: исходные + синтетические,14707,53000.0,68820.04154996033
Модель 2: исходные + синтетические,1150,78500.0,137507.45830504337
Модель 2: исходные + синтетические,1790,158500.0,205180.68888469547
Модель 2: исходные + синтетические,10761,192600.0,262461.7309491115
Модель 2: исходные + синтетические,9980,193500.0,300654.95427729085
Модель 2: исходные + синтетические,3237,264400.0,195423.51304498757
Модель 2: исходные + синтетические,1587,291000.0,281664.5634229308
Модель 2: исходные + синтетические,5176,201500.0,221550.7662479249
Модель 2: исходные + синтетические,3973,222800.0,222051.36457685527
Модель 2: исходные + синтетические,378,112800.0,149669.92567534707
Модель 2: исходные + синтетические,3575,351900.0,362652.0399937577
Модель 2: исходные + синтетические,12943,229900.0,284065.96497424354
Модель 2: исходные + синтетические,2571,100000.0,103972.00329282039
Модель 2: исходные + синтетические,16159,443300.0,261769.15093834169
Модель 2: исходные + синтетические,15385,81500.0,6397.804622920262
Модель 2: исходные + синтетические,8973,75700.0,118610.59182892367
Модель 2: исходные + синтетические,1502,241600.0,244321.00954730375
Модель 2: исходные + синтетические,15195,271400.0,262889.47415759333
Модель 2: исходные + синтетические,4211,273600.0,264384.77526473696
Модель 2: исходные + синтетические,15886,229400.0,248497.63055663326
Модель 2: исходные + синтетические,15254,319400.0,302977.65078073635
Модель 2: исходные + синтетические,8572,500001.0,658652.7317966517
Модель 2: исходные + синтетические,13472,413500.0,329645.91944411036
Модель 2: исходные + синтетические,10597,135200.0,245642.70581053614
Модель 2: исходные + синтетические,12678,204400.0,236871.54460531447
Модель 2: исходные + синтетические,9566,54100.0,71172.00398873811
Модель 2: исходные + синтетические,606,187500.0,90188.17720908862
Модель 2: исходные + синтетические,8243,355800.0,278172.4604315873
Модель 2: исходные + синтетические,2328,112500.0,77844.65629422813
Модель 2: исходные + синтетические,2141,80700.0,105941.40188650564
Модель 2: исходные + синтетические,6306,98800.0,163284.0758625716
Модель 2: исходные + синтетические,9970,49400.0,70364.90523776793
Модель 2: исходные + синтетические,12903,173600.0,192352.93813709728
Модель 2: исходные + синтетические,7335,279400.0,275334.20531236904
Модель 2: исходные + синтетические,4729,165100.0,187769.52900051372
Модель 2: исходные + синтетические,5350,350000.0,246988.11403329208
Модель 2: исходные + синтетические,11632,127400.0,155793.66113437334
Модель 2: исходные + синтетические,16380,331100.0,336727.10838127416
Модель 2: исходные + синтетические,16327,273700.0,264998.85909027234
Модель 2: исходные + синтетические,15412,144800.0,212394.03396565033
Модель 2: исходные + синтетические,15928,335700.0,272857.6991567207
Модель 2: исходные + синтетические,4452,218900.0,274113.7616599879
Модель 2: исходные + синтетические,1201,157600.0,178252.42540951673
Модель 2: исходные + синтетические,9928,58700.0,79765.51202651113
Модель 2: исходные + синтетические,6900,276400.0,251519.4717138861
Модель 2: исходные + синтетические,9684,58900.0,101731.83881516357
Модель 2: исходные + синтетические,1126,218900.0,228201.1502243149
Модель 2: исходные + синтетические,3588,184000.0,152910.22659714022
Модель 2: исходные + синтетические,16309,500001.0,721471.0162482755
Модель 2: исходные + синтетические,6059,89200.0,160110.16288716398
Модель 2: исходные + синтетические,12789,227600.0,244492.0989721979
Модель 2: исходные + синтетические,1608,89300.0,106894.66442400767
Модель 2: исходные + синтетические,9173,100200.0,124852.31149901278
Модель 2: исходные + синтетические,7957,424000.0,326110.34238286037
Модель 2: исходные + синтетические,3090,410400.0,366086.06478532526
Модель 2: исходные + синтетические,5896,212100.0,263314.84882734413
Модель 2: исходные + синтетические,13913,220200.0,268032.6498167984
Модель 2: исходные + синтетические,4818,183400.0,211297.5889651157
Модель 2: исходные + синтетические,7368,250000.0,222601.2025349392
Модель 2: исходные + синтетические,6806,225000.0,174708.1263379595
Модель 2: исходные + синтетические,15051,218500.0,304235.6009224601
Модель 2: исходные + синтетические,6974,116400.0,146490.02716587446
Модель 2: исходные + синтетические,2814,113200.0,135556.02737364345
Модель 2: исходные + синтетические,15045,261100.0,263036.8952147468
Модель 2: исходные + синтетические,831,120700.0,174515.352906226
Модель 2: исходные + синтетические,6215,90200.0,143687.82105304665
Модель 2: исходные + синтетические,11101,312500.0,376818.6354799322
Модель 2: исходные + синтетические,6271,133300.0,150226.539011284
Модель 2: исходные + синтетические,1322,147500.0,152280.3966224557
Модель 2: исходные + синтетические,6702,132500.0,198479.65606870156
Модель 2: исходные + синтетические,10216,78300.0,106941.36078875745
Модель 2: исходные + синтетические,15959,254000.0,234093.81692551266
Модель 2: исходные + синтетические,12311,123100.0,79722.91927371257
Модель 2: исходные + синтетические,16366,500001.0,426070.9626329859
Модель 2: исходные + синтетические,10872,121900.0,130017.48126801182
Модель 2: исходные + синтетические,14579,143400.0,255791.36215360227
Модель 2: исходные + синтетические,3948,187500.0,196781.71587206787
Модель 2: исходные + синтетические,14955,280800.0,297472.9667423126
Модель 2: исходные + синтетические,4411,169600.0,143765.40142580317
Модель 2: исходные + синтетические,15263,324400.0,323303.9535868011
Модель 2: исходные + синтетические,9868,267000.0,260779.43266156214
Модель 2: исходные + синтетические,3292,267200.0,272131.96800571197
Модель 2: исходные + синтетические,8642,199200.0,229219.8150268771
Модель 2: исходные + синтетические,4645,211900.0,179625.96599627603
Модель 2: исходные + синтетические,12505,450000.0,288704.64774715
Модель 2: исходные + синтетические,10820,116100.0,153497.4233859998
Модель 2: исходные + синтетические,3285,194300.0,181364.62387082333
Модель 2: исходные + синтетические,5757,151800.0,191734.68024638764
Модель 2: исходные + синтетические,3273,157500.0,192298.61322325224
Модель 2: исходные + синтетические,8499,225000.0,173591.49998436286
Модель 2: исходные + синтетические,13286,193800.0,56670.17060463653
Модель 2: исходные + синтетические,6679,262500.0,214423.35123532874
Модель 2: исходные + синтетические,11893,164500.0,181694.411587003
Модель 2: исходные + синтетические,8244,362200.0,194676.40555972912
Модель 2: исходные + синтетические,14139,263300.0,287249.7558084896
Модель 2: исходные + синтетические,6234,93600.0,148029.59352290345
Модель 2: исходные + синтетические,3027,233000.0,248764.63580902535
Модель 2: исходные + синтетические,14480,389900.0,375312.18562673585
Модель 2: исходные + синтетические,235,148900.0,219703.66140076835
Модель 2: исходные + синтетические,107,55200.0,65225.65539757523
Модель 2: исходные + синтетические,10916,61500.0,96320.44205999376
Модель 2: исходные + синтетические,8726,222800.0,216206.01713374374
Модель 2: исходные + синтетические,6009,409800.0,228816.254525798
Модель 2: исходные + синтетические,13200,276200.0,294035.53708324337
Модель 2: исходные + синтетические,9171,68500.0,161939.32523665007
Модель 2: исходные + синтетические,16370,393200.0,358579.0002260682
Модель 2: исходные + синтетические,14642,166300.0,258964.0133825045
Модель 2: исходные + синтетические,9100,53300.0,102872.54916166297
Модель 2: исходные + синтетические,2520,202900.0,235485.42413367206
Модель 2: исходные + синтетические,13285,99500.0,34235.33848655446
Модель 2: исходные + синтетические,9697,94200.0,140278.22492789547
Модель 2: исходные + синтетические,16766,94200.0,55334.596911730914
Модель 2: исходные + синтетические,15984,500001.0,326760.60609564435
Модель 2: исходные + синтетические,13043,159700.0,123311.04835983415
Модель 2: исходные + синтетические,14553,476300.0,310226.6103611103
Модель 2: исходные + синтетические,11221,151900.0,159834.71985435902
Модель 2: исходные + синтетические,11067,114200.0,201694.94067860168
Модель 2: исходные + синтетические,7852,154900.0,106550.85182362254
Модель 2: исходные + синтетические,2219,181800.0,162003.7493212371
Модель 2: исходные + синтетические,7548,329200.0,269375.4495780475
Модель 2: исходные + синтетические,5727,133600.0,129964.57218082236
Модель 2: исходные + синтетические,40,64000.0,25871.411533395956
Модель 2: исходные + синтетические,15479,114200.0,44050.41603555466
Модель 2: исходные + синтетические,7341,318900.0,294516.3873430897
Модель 2: исходные + синтетические,5423,154100.0,194492.83970482068
Модель 2: исходные + синтетические,1480,126700.0,143387.21632741657
Модель 2: исходные + синтетические,8917,241400.0,252466.92813344457
Модель 2: исходные + синтетические,9982,124400.0,125412.84780480382
Модель 2: исходные + синтетические,5461,150500.0,206674.82591826614
Модель 2: исходные + синтетические,6420,207000.0,254997.2942576661
Модель 2: исходные + синтетические,16479,201800.0,287936.85901956994
Модель 2: исходные + синтетические,2983,233900.0,247022.88268255378
Модель 2: исходные + синтетические,4086,159800.0,190640.31517389734
Модель 2: исходные + синтетические,13042,347700.0,329424.90802264726
Модель 2: исходные + синтетические,2810,181800.0,187732.45845580215
Модель 2: исходные + синтетические,13651,184000.0,224553.83852725977
Модель 2: исходные + синтетические,4425,232400.0,250970.8231646275
Модель 2: исходные + синтетические,3840,184800.0,221737.43007976294
Модель 2: исходные + синтетические,10230,97900.0,31164.225930334065
Модель 2: исходные + синтетические,2536,416700.0,77311.0594049363
Модель 2: исходные + синтетические,1288,111500.0,163581.2581481364
Модель 2: исходные + синтетические,6953,208300.0,158357.4299273194
Модель 2: исходные + синтетические,13862,350000.0,319579.73843423714
Модель 2: исходные + синтетические,967,96800.0,144184.77278296414
Модель 2: исходные + синтетические,599,273600.0,300654.76316469314
Модель 2: исходные + синтетические,6140,96700.0,129555.36561451996
Модель 2: исходные + синтетические,2043,91700.0,156572.53332903289
Модель 2: исходные + синтетические,16402,293200.0,335725.61665921396
Модель 2: исходные + синтетические,5063,181600.0,150983.7510643709
Модель 2: исходные + синтетические,1285,162300.0,177339.10478840725
Модель 2: исходные + синтетические,12490,97200.0,99343.35943721239
Модель 2: исходные + синтетические,346,93800.0,89851.42920184885
Модель 2: исходные + синтетические,1882,86900.0,102056.1653830145
Модель 2: исходные + синтетические,10656,47900.0,-46568.21411698674
Модель 2: исходные + синтетические,7345,500001.0,701878.3842927355
Модель 2: исходные + синтетические,4380,214100.0,217444.04459377847
Модель 2: исходные + синтетические,11346,128300.0,57335.997812108726
Модель 2: исходные + синтетические,12243,265900.0,250869.43529482055
Модель 2: исходные + синтетические,1098,86500.0,226733.38274617863
Модель 2: исходные + синтетические,1479,160000.0,132913.50058238365
Модель 2: исходные + синтетические,14886,500001.0,445798.86807024654
Модель 2: исходные + синтетические,3514,182300.0,188350.7294647021
Модель 2: исходные + синтетические,9168,76800.0,145433.87887894383
Модель 2: исходные + синтетические,7494,411100.0,283572.9345095142
Модель 2: исходные + синтетические,6075,160200.0,255118.28096716854
Модель 2: исходные + синтетические,4302,205100.0,253343.07315112752
Модель 2: исходные + синтетические,3969,221800.0,265557.65190933604
Модель 2: исходные + синтетические,7827,345900.0,300751.27906261495
Модель 2: исходные + синтетические,5177,177200.0,195043.1786115525
Модель 2: исходные + синтетические,12841,93800.0,152069.2570477016
Модель 2: исходные + синтетические,1671,159400.0,153539.58394834932
Модель 2: исходные + синтетические,9742,51700.0,110288.8583185727
Модель 2: исходные + синтетические,9921,350000.0,275914.3525351747
Модель 2: исходные + синтетические,9999,52600.0,89460.41473812268
Модель 2: исходные + синтетические,6427,163100.0,156115.89260560574
Модель 2: исходные + синтетические,3810,228600.0,258092.58769774996
Модель 2: исходные + синтетические,16975,82800.0,133533.3911472812
Модель 2: исходные + синтетические,8228,305000.0,314763.427226015
Модель 2: исходные + синтетические,16263,356300.0,241295.09732607374
Модель 2: исходные + синтетические,12167,58300.0,78227.17979343928
Модель 2: исходные + синтетические,11881,132300.0,92594.01235677757
Модель 2: исходные + синтетические,8494,258000.0,254992.97377066044
Модель 2: исходные + синтетические,7744,453700.0,274015.3559880243
Модель 2: исходные + синтетические,16210,457800.0,308359.1816030995
Модель 2: исходные + синтетические,2501,226800.0,269498.20090601017
Модель 2: исходные + синтетические,12898,171700.0,179281.28746404315
Модель 2: исходные + синтетические,3566,136200.0,116252.40125284101
Модель 2: исходные + синтетические,9307,194400.0,254806.8042534681
Модель 2: исходные + синтетические,9303,297900.0,296609.457821695
Модель 2: исходные + синтетические,5230,247200.0,193132.6008407576
Модель 2: исходные + синтетические,717,115300.0,195403.0552783903
Модель 2: исходные + синтетические,13847,214500.0,295944.9109145366
Модель 2: исходные + синтетические,11589,92500.0,146237.54797426102
Модель 2: исходные + синтетические,10495,68900.0,91662.53539617144
Модель 2: исходные + синтетические,9074,70100.0,166222.17426660963
Модель 2: исходные + синтетические,12727,133900.0,204267.86338560143
Модель 2: исходные + синтетические,16099,271700.0,216452.42604926816
Модель 2: исходные + синтетические,6160,292100.0,265473.72314138274
Модель 2: исходные + синтетические,7933,500001.0,599392.388419439
Модель 2: исходные + синтетические,2866,94300.0,128115.89905423061
Модель 2: исходные + синтетические,15883,263900.0,234430.99564176964
Модель 2: исходные + синтетические,8489,236200.0,237076.3547222297
Модель 2: исходные + синтетические,5103,218200.0,252857.35077787616
Модель 2: исходные + синтетические,6001,141800.0,167686.57437678412
Модель 2: исходные + синтетические,9450,301800.0,299748.8813987262
Модель 2: исходные + синтетические,7870,364700.0,173323.03659861704
Модель 2: исходные + синтетические,15843,420000.0,267613.79813144833
Модель 2: исходные + синтетические,10078,51300.0,46380.574934156386
Модель 2: исходные + синтетические,6413,104600.0,143399.49761482532
Модель 2: исходные + синтетические,8225,500001.0,249804.74492057264
Модель 2: исходные + синтетические,13662,268600.0,260993.7320586797
Модель 2: исходные + синтетические,7302,140400.0,198563.20052114304
Модель 2: исходные + синтетические,111,87500.0,109886.75679678174
Модель 2: исходные + синтетические,358,131000.0,180458.3222322301
Модель 2: исходные + синтетические,11923,80200.0,95682.78075870626
Модель 2: исходные + синтетические,2585,248800.0,237704.402588562
Модель 2: исходные + синтетические,9539,179200.0,254832.2361326493
Модель 2: исходные + синтетические,3217,212100.0,219890.0158109768
Модель 2: исходные + синтетические,10023,46600.0,64536.4450171861
Модель 2: исходные + синтетические,1710,114500.0,129500.60566819961
Модель 2: исходные + синтетические,1090,97300.0,162830.81002423985
Модель 2: исходные + синтетические,6034,137500.0,129216.3900968918
Модель 2: исходные + синтетические,4644,212000.0,197204.31377077996
Модель 2: исходные + синтетические,5287,180800.0,197355.03417302383
Модель 2: исходные + синтетические,5494,153700.0,153768.0112650119
Модель 2: исходные + синтетические,16123,426800.0,434787.7651072835
Модель 2: исходные + синтетические,5849,126600.0,217219.89304336676
Модель 2: исходные + синтетические,13561,232600.0,241463.6929339699
Модель 2: исходные + синтетические,8035,230800.0,179587.9840444352
Модель 2: исходные + синтетические,4199,248100.0,245445.05396888044
Модель 2: исходные + синтетические,16365,67500.0,202003.3897293766
Модель 2: исходные + синтетические,10752,130500.0,33855.143423549576
Модель 2: исходные + синтетические,16415,324800.0,333953.2454146341
Модель 2: исходные + синтетические,6186,137500.0,235072.55918015272
Модель 2: исходные + синтетические,12179,240200.0,233695.42675345737
Модель 2: исходные + синтетические,4159,500001.0,470911.8819606739
Модель 2: исходные + синтетические,9795,500001.0,453005.69487598375
Модель 2: исходные + синтетические,13018,267000.0,342028.0840992408
Модель 2: исходные + синтетические,13639,215800.0,226007.6784864959
Модель 2: исходные + синтетические,9025,85600.0,168884.20217795396
Модель 2: исходные + синтетические,2803,318300.0,333932.3495406271
Модель 2: исходные + синтетические,2191,112300.0,132051.44381509477
Модель 2: исходные + синтетические,5768,139800.0,125343.97737043092
Модель 2: исходные + синтетические,2919,115800.0,124667.14018092792
Модель 2: исходные + синтетические,16384,371900.0,327895.5606652069
Модель 2: исходные + синтетические,4480,160600.0,151039.4490250883
Модель 2: исходные + синтетические,7005,146400.0,261621.04251504017
Модель 2: исходные + синтетические,9512,109100.0,107169.36127829773
Модель 2: исходные + синтетические,579,148300.0,230208.50753906145
Модель 2: исходные + синтетические,14643,165000.0,226054.4639437715
Модель 2: исходные + синтетические,4246,188000.0,235867.16271407754
Модель 2: исходные + синтетические,1928,87500.0,201487.32308708454
Модель 2: исходные + синтетические,8410,268800.0,289713.85138232185
Модель 2: исходные + синтетические,16400,345000.0,310093.7798704228
Модель 2: исходные + синтетические,2490,195100.0,200350.96688732514
Модель 2: исходные + синтетические,3254,215000.0,188224.5199244912
Модель 2: исходные + синтетические,10309,87500.0,56515.322127586835
Модель 2: исходные + синтетические,5484,156300.0,198244.1800989242
Модель 2: исходные + синтетические,10021,51300.0,95817.99699428344
Модель 2: исходные + синтетические,12392,262500.0,214863.6721645897
Модель 2: исходные + синтетические,2364,119600.0,134065.6599807795
Модель 2: исходные + синтетические,5295,219500.0,245414.10752738154
Модель 2: исходные + синтетические,6594,122900.0,146704.6164889663
Модель 2: исходные + синтетические,3141,225600.0,154050.51998244144
Модель 2: исходные + синтетические,10984,164900.0,90381.95530680806
Модель 2: исходные + синтетические,1076,167000.0,246291.36767296356
Модель 2: исходные + синтетические,3662,187200.0,213889.73674765884
Модель 2: исходные + синтетические,2623,223300.0,247284.37416130444
Модель 2: исходные + синтетические,6758,218800.0,196360.15203175685
Модель 2: исходные + синтетические,13642,258300.0,216964.73317275164
Модель 2: исходные + синтетические,13107,210700.0,217934.0547351849
Модель 2: исходные + синтетические,7847,487500.0,219392.0558239517
Модель 2: исходные + синтетические,11535,145300.0,151212.78854569403
Модель 2: исходные + синтетические,14512,265000.0,261034.49137639633
Модель 2: исходные + синтетические,9933,58500.0,63099.90443342405
Модель 2: исходные + синтетические,9208,275000.0,214711.24162766343
Модель 2: исходные + синтетические,2830,251300.0,243162.59327654712
Модель 2: исходные + синтетические,14340,354500.0,301622.81322974665
Модель 2: исходные + синтетические,5986,119400.0,190250.47100799598
Модель 2: исходные + синтетические,8526,101400.0,91059.00970716264
Модель 2: исходные + синтетические,1130,166300.0,216219.6830861665
Модель 2: исходные + синтетические,4965,160300.0,143769.57157788018
Модель 2: исходные + синтетические,15103,103700.0,199522.5672004356
Модель 2: исходные + синтетические,14205,209900.0,225083.66115298445
Модель 2: исходные + синтетические,2038,173900.0,189726.0394398947
Модель 2: исходные + синтетические,4695,228500.0,216791.2008116793
Модель 2: исходные + синтетические,10471,92800.0,-26045.643008597104
Модель 2: исходные + синтетические,11305,174200.0,144526.48106069138
Модель 2: исходные + синтетические,11888,116600.0,109755.38300760505
Модель 2: исходные + синтетические,15612,500001.0,700001.3583974128
Модель 2: исходные + синтетические,887,248400.0,292587.47802007373
Модель 2: исходные + синтетические,9811,93100.0,132712.78797482947
Модель 2: исходные + синтетические,3322,311300.0,231819.16283114892
Модель 2: исходные + синтетические,15537,140800.0,233789.0666200598
Модель 2: исходные + синтетические,10217,90000.0,127235.61307687956
Модель 2: исходные + синтетические,2078,70300.0,38509.85109914636
Модель 2: исходные + синтетические,10006,500001.0,482062.05540072743
Модель 2: исходные + синтетические,11962,100500.0,75756.47775708072
Модель 2: исходные + синтетические,5338,148600.0,96441.61655688281
Модель 2: исходные + синтетические,12320,72900.0,103430.93371101122
Модель 2: исходные + синтетические,861,79800.0,110575.41253043557
Модель 2: исходные + синтетические,14915,500001.0,441818.6556054787
Модель 2: исходные + синтетические,13452,235600.0,218701.955875738
Модель 2: исходные + синтетические,7080,436800.0,243017.46144581627
Модель 2: исходные + синтетические,12626,450000.0,294394.8696044407
Модель 2: исходные + синтетические,5949,152500.0,153304.74457052824
Модель 2: исходные + синтетические,3549,500001.0,229271.41855112548
Модель 2: исходные + синтетические,2192,123800.0,169775.65621314244
Модель 2: исходные + синтетические,15698,208300.0,279622.43913831195
Модель 2: исходные + синтетические,664,109800.0,165726.43764422758
Модель 2: исходные + синтетические,8586,271200.0,286901.98426408
Модель 2: исходные + синтетические,1845,215700.0,163800.22547162184
Модель 2: исходные + синтетические,12797,190000.0,284221.9906240049
Модель 2: исходные + синтетические,8629,500001.0,425124.57380174415
Модель 2: исходные + синтетические,2958,500001.0,354334.2621665553
Модель 2: исходные + синтетические,11031,139100.0,64453.78504443101
Модель 2: исходные + синтетические,12189,67600.0,31370.008190677636
Модель 2: исходные + синтетические,13667,226700.0,243119.4014905006
Модель 2: исходные + синтетические,8986,190500.0,174159.30969978668
Модель 2: исходные + синтетические,12852,330800.0,300727.75730837975
Модель 2: исходные + синтетические,10038,93000.0,132290.8747742838
Модель 2: исходные + синтетические,13543,210500.0,290454.8910544442
Модель 2: исходные + синтетические,4957,243200.0,201513.69226341232
Модель 2: исходные + синтетические,6894,273400.0,277311.99985030055
Модель 2: исходные + синтетические,13209,185300.0,257392.25645553644
Модель 2: исходные + синтетические,14780,94800.0,158305.31896779852
Модель 2: исходные + синтетические,11880,131300.0,162420.9864867522
Модель 2: исходные + синтетические,2846,118100.0,159183.2713955227
Модель 2: исходные + синтетические,3351,158500.0,237090.3275467353
Модель 2: исходные + синтетические,3918,160800.0,155014.58316563393
Модель 2: исходные + синтетические,12038,156300.0,89667.851125382
Модель 2: исходные + синтетические,6936,220000.0,203488.1800328653
Модель 2: исходные + синтетические,11570,93600.0,88001.4195361045
Модель 2: исходные + синтетические,3936,311100.0,275816.0653555239
Модель 2: исходные + синтетические,9802,100200.0,127009.65038067583
Модель 2: исходные + синтетические,14903,92800.0,185267.2811871212
Модель 2: исходные + синтетические,15914,500001.0,464538.43364501186
Модель 2: исходные + синтетические,9561,104200.0,91620.92048094976
Модель 2: исходные + синтетические,15557,67900.0,34906.792917034436
Модель 2: исходные + синтетические,2495,247100.0,180355.41823929822
Модель 2: исходные + синтетические,6633,90600.0,175780.39447446782
Модель 2: исходные + синтетические,149,60600.0,43350.77054184925
Модель 2: исходные + синтетические,7366,237500.0,258719.73868535145
Модель 2: исходные + синтетические,9674,63900.0,83748.83898322754
Модель 2: исходные + синтетические,10085,276400.0,318173.6928523405
Модель 2: исходные + синтетические,3023,230600.0,236622.20816029495
Модель 2: исходные + синтетические,7180,234600.0,226262.24101490754
Модель 2: исходные + синтетические,6901,361500.0,328769.7292628252
Модель 2: исходные + синтетические,11364,151900.0,112239.80002433792
Модель 2: исходные + синтетические,12527,100000.0,150196.70460775518
Модель 2: исходные + синтетические,1301,92200.0,226129.81107622889
Модель 2: исходные + синтетические,15293,115200.0,177917.46017472763
Модель 2: исходные + синтетические,11588,112500.0,116482.2294974671
Модель 2: исходные + синтетические,16150,261000.0,212568.20832769148
Модель 2: исходные + синтетические,9788,71300.0,111143.85638806909
Модель 2: исходные + синтетические,4693,396700.0,286313.74900886917
Модель 2: исходные + синтетические,2130,206300.0,229676.04440409516
Модель 2: исходные + синтетические,5832,111800.0,145026.54551559623
Модель 2: исходные + синтетические,12616,151400.0,119930.44196979144
Модель 2: исходные + синтетические,6135,90100.0,124780.54575233236
Модель 2: исходные + синтетические,4027,194000.0,242690.4086408128
Модель 2: исходные + синтетические,3276,500001.0,286419.858834967
Модель 2: исходные + синтетические,13468,181300.0,136473.49508994885
Модель 2: исходные + синтетические,10688,295500.0,278066.4231492721
Модель 2: исходные + синтетические,2921,184200.0,262224.17650658044
Модель 2: исходные + синтетические,5562,171000.0,195580.4139819047
Модель 2: исходные + синтетические,13591,101700.0,129645.16816858338
Модель 2: исходные + синтетические,4401,242600.0,215897.889267155
Модель 2: исходные + синтетические,12878,378800.0,326122.2095759331
Модель 2: исходные + синтетические,5933,133900.0,177291.70600377856
Модель 2: исходные + синтетические,12214,77500.0,90896.21636153659
Модель 2: исходные + синтетические,2549,275900.0,267219.5067567214
Модель 2: исходные + синтетические,9875,72200.0,115726.50179335511
Модель 2: исходные + синтетические,11862,113700.0,158952.83219250475
Модель 2: исходные + синтетические,489,69000.0,104182.71491862602
Модель 2: исходные + синтетические,13035,262400.0,263959.8133217838
Модель 2: исходные + синтетические,5343,55000.0,194330.59967891657
Модель 2: исходные + синтетические,8713,280800.0,275562.65107225184
Модель 2: исходные + синтетические,1234,199800.0,193626.65089135212
Модель 2: исходные + синтетические,4869,210900.0,163065.36802401324
Модель 2: исходные + синтетические,11428,116800.0,127272.17882782326
Модель 2: исходные + синтетические,4258,153800.0,208693.30794326094
Модель 2: исходные + синтетические,6531,191100.0,285257.0237690627
Модель 2: исходные + синтетические,16723,86500.0,95896.00321923074
Модель 2: исходные + синтетические,9708,101600.0,137999.3546225883
Модель 2: исходные + синтетические,10528,181800.0,273240.42611435684
Модель 2: исходные + синтетические,2403,178700.0,197643.4559253762
Модель 2: исходные + синтетические,2971,268200.0,276648.3399259416
Модель 2: исходные + синтетические,11765,146400.0,120665.99545158916
Модель 2: исходные + синтетические,13865,341900.0,333275.91873204225
Модель 2: исходные + синтетические,16199,256600.0,222804.98614418457
Модель 2: исходные + синтетические,5496,222500.0,207745.98746505805
Модель 2: исходные + синтетические,460,270700.0,283766.07610020303
Модель 2: исходные + синтетические,2414,137600.0,151217.32562368477
Модель 2: исходные + синтетические,6816,322200.0,180738.49048440473
Модель 2: исходные + синтетические,12074,196700.0,245399.3961930938
Модель 2: исходные + синтетические,3303,190700.0,199646.6667979987
Модель 2: исходные + синтетические,14793,500001.0,393616.75749944884
Модель 2: исходные + синтетические,7917,481500.0,352741.9752089903
Модель 2: исходные + синтетические,9913,92600.0,134043.7339149583
Модель 2: исходные + синтетические,8192,139600.0,182563.0400542258
Модель 2: исходные + синтетические,7015,325200.0,329689.03610411834
Модель 2: исходные + синтетические,7113,104300.0,200922.54437601543
Модель 2: исходные + синтетические,12699,107200.0,138543.88682378232
Модель 2: исходные + синтетические,7084,291500.0,210934.92030038135
Модель 2: исходные + синтетические,12856,196300.0,233887.8207584659
Модель 2: исходные + синтетические,11674,143000.0,167043.82611500224
Модель 2: исходные + синтетические,8624,240300.0,243977.1352026918
Модель 2: исходные + синтетические,3871,180000.0,172033.98861406452
Модель 2: исходные + синтетические,13614,281900.0,395522.7482392985
Модель 2: исходные + синтетические,14197,283900.0,328972.3430982086
Модель 2: исходные + синтетические,13930,311400.0,303478.79467529093
Модель 2: исходные + синтетические,14722,140500.0,202833.25623641795
Модель 2: исходные + синтетические,7687,500001.0,487528.268762878
Модель 2: исходные + синтетические,11245,138400.0,94393.24137722705
Модель 2: исходные + синтетические,12105,108300.0,139178.72732470185
Модель 2: исходные + синтетические,11238,212500.0,154508.22549123212
Модель 2: исходные + синтетические,8928,211800.0,232749.5941354587
Модель 2: исходные + синтетические,13993,273600.0,254665.84246381407
Модель 2: исходные + синтетические,1184,166500.0,187605.09216222595
Модель 2: исходные + синтетические,16979,70200.0,130824.44835408533
Модель 2: исходные + синтетические,2334,126100.0,149704.7774189204
Модель 2: исходные + синтетические,5147,188200.0,201210.8307639884
Модель 2: исходные + синтетические,15291,147900.0,143745.82501959964
Модель 2: исходные + синтетические,11852,146400.0,117163.40451951916
Модель 2: исходные + синтетические,16905,99200.0,122643.84304982443
Модель 2: исходные + синтетические,12772,118800.0,-215115.357093803
Модель 2: исходные + синтетические,1768,208300.0,225655.60524968713
Модель 2: исходные + синтетические,12531,288100.0,277732.5855032234
Модель 2: исходные + синтетические,6418,120700.0,198098.75845097328
Модель 2: исходные + синтетические,4665,120300.0,155526.40319252716
Модель 2: исходные + синтетические,15913,500001.0,354276.6462163728
Модель 2: исходные + синтетические,7729,207700.0,164606.40723823517
Модель 2: исходные + синтетические,11873,126900.0,185767.62933357852
Модель 2: исходные + синтетические,2208,140500.0,146207.45756656045
Модель 2: исходные + синтетические,588,185700.0,206876.69056370266
Модель 2: исходные + синтетические,13544,244100.0,224754.04669638645
Модель 2: исходные + синтетические,15319,397900.0,297052.93332318676
Модель 2: исходные + синтетические,6956,138400.0,111412.70755686137
Модель 2: исходные + синтетические,12405,99100.0,77136.4249092583
Модель 2: исходные + синтетические,20,44400.0,-18944.008297331202
Модель 2: исходные + синтетические,16151,209500.0,203329.1809351602
Модель 2: исходные + синтетические,3095,238300.0,228109.9800864358
Модель 2: исходные + синтетические,13222,302900.0,298743.82193740254
Модель 2: исходные + синтетические,13393,500001.0,465375.295694141
Модель 2: исходные + синтетические,6456,306800.0,258595.7705320619
Модель 2: исходные + синтетические,13087,368400.0,277690.990805305
Модель 2: исходные + синтетические,2260,69500.0,76293.01554428843
Модель 2: исходные + синтетические,14830,80600.0,152466.1731674708
Модель 2: исходные + синтетические,14997,240900.0,232489.2403187858
Модель 2: исходные + синтетические,10212,229500.0,263484.5947119016
Модель 2: исходные + синтетические,12000,126200.0,143040.39261839393
Модель 2: исходные + синтетические,11913,173300.0,184457.05684154583
Модель 2: исходные + синтетические,6489,129200.0,116982.91396783946
Модель 2: исходные + синтетические,9198,57000.0,167110.3139783495
Модель 2: исходные + синтетические,8371,334700.0,242725.65458788283
Модель 2: исходные + синтетические,8381,81200.0,114424.82358579447
Модель 2: исходные + синтетические,7969,327300.0,262153.8292249915
Модель 2: исходные + синтетические,7224,230800.0,288314.9163382741
Модель 2: исходные + синтетические,3318,186000.0,224202.11516395226
Модель 2: исходные + синтетические,10043,64500.0,110390.13727165923
Модель 2: исходные + синтетические,16653,252100.0,262956.941516758
Модель 2: исходные + синтетические,15021,109800.0,179849.17684929995
Модель 2: исходные + синтетические,5458,137500.0,139556.1301563901
Модель 2: исходные + синтетические,5460,142800.0,137237.1287301909
Модель 2: исходные + синтетические,15678,140400.0,120539.63880124858
Модель 2: исходные + синтетические,4898,204300.0,240264.2744470332
Модель 2: исходные + синтетические,2912,139200.0,155266.45735894164
Модель 2: исходные + синтетические,15231,207900.0,199293.87715501516
Модель 2: исходные + синтетические,13278,247900.0,243154.03611431026
Модель 2: исходные + синтетические,16539,350000.0,276747.6977249779
Модель 2: исходные + синтетические,7322,202100.0,216185.25962759438
Модель 2: исходные + синтетические,6790,256800.0,192437.87312252604
Модель 2: исходные + синтетические,15106,133300.0,178367.92705776598
Модель 2: исходные + синтетические,14540,205200.0,244940.67447576407
Модель 2: исходные + синтетические,7417,157500.0,168642.9334229265
Модель 2: исходные + синтетические,6848,95800.0,146700.3223345399
Модель 2: исходные + синтетические,9044,58000.0,121822.04027419853
Модель 2: исходные + синтетические,10887,138400.0,100404.26639360051
Модель 2: исходные + синтетические,15833,274500.0,293513.02579271357
Модель 2: исходные + синтетические,44,88400.0,21397.60333349238
Модель 2: исходные + синтетические,7502,254700.0,220124.43795425183
Модель 2: исходные + синтетические,15311,173400.0,196256.17315803346
Модель 2: исходные + синтетические,12671,34200.0,-28564.427276132155
Модель 2: исходные + синтетические,25,100000.0,145854.8146212591
Модель 2: исходные + синтетические,1061,263600.0,260394.03566733518
Модель 2: исходные + синтетические,4156,168300.0,126342.95712323506
Модель 2: исходные + синтетические,16488,265600.0,272535.0471960738
Модель 2: исходные + синтетические,3497,201600.0,240946.26492559718
Модель 2: исходные + синтетические,2653,237400.0,274062.9963937287
Модель 2: исходные + синтетические,13016,178900.0,275964.676292624
Модель 2: исходные + синтетические,391,118900.0,176574.06458603792
Модель 2: исходные + синтетические,12922,387500.0,356385.61890803935
Модель 2: исходные + синтетические,6775,300000.0,250844.18899089468
Модель 2: исходные + синтетические,9931,50000.0,94488.59164466352
Модель 2: исходные + синтетические,7906,377200.0,322126.05569102865
Модель 2: исходные + синтетические,16110,350000.0,256913.50562623565
Модель 2: исходные + синтетические,15645,111400.0,97619.0004363801
Модель 2: исходные + синтетические,11855,133800.0,224472.48995268825
Модель 2: исходные + синтетические,16917,82100.0,117504.20450018343
Модель 2: исходные + синтетические,3146,203200.0,226882.71151003835
Модель 2: исходные + синтетические,8532,241100.0,251407.5417272255
Модель 2: исходные + синтетические,7073,330300.0,236585.16233162905
Модель 2: исходные + синтетические,16745,100300.0,104480.54819414913
Модель 2: исходные + синтетические,14327,185300.0,232866.48382222035
Модель 2: исходные + синтетические,3195,189900.0,225017.52574014972
Модель 2: исходные + синтетические,4445,229600.0,225799.5033829601
Модель 2: исходные + синтетические,13942,190900.0,245692.63677306267
Модель 2: исходные + синтетические,15362,156900.0,188913.80895761502
Модель 2: исходные + синтетические,1536,277500.0,269450.586553621
Модель 2: исходные + синтетические,11850,114000.0,129222.06530688201
Модель 2: исходные + синтетические,875,127700.0,151596.94727906055
Модель 2: исходные + синтетические,16853,64500.0,110574.1607018573
Модель 2: исходные + синтетические,16187,281300.0,240123.32394076383
Модель 2: исходные + синтетические,15236,372000.0,321796.54831818043
Модель 2: исходные + синтетические,2268,119500.0,135552.2381151908
Модель 2: исходные + синтетические,5844,135200.0,175928.38841168775
Модель 2: исходные + синтетические,7009,194700.0,208000.3563070423
Модель 2: исходные + синтетические,1426,284700.0,211516.0570587316
Модель 2: исходные + синтетические,2152,133200.0,159363.36830777535
Модель 2: исходные + синтетические,3651,318700.0,263968.45300739416
Модель 2: исходные + синтетические,5748,142300.0,157305.04481047648
Модель 2: исходные + синтетические,11832,114300.0,122782.7662220336
Модель 2: исходные + синтетические,2689,124300.0,139540.54286064106
Модель 2: исходные + синтетические,16128,228600.0,268178.09716583433
Модель 2: исходные + синтетические,13455,244400.0,223294.80125882817
Модель 2: исходные + синтетические,5776,107300.0,132468.62627069224
Модель 2: исходные + синтетические,727,137800.0,201771.98165914396
Модель 2: исходные + синтетические,10291,500001.0,347860.72669331543
Модель 2: исходные + синтетические,590,217100.0,280421.4187821766
Модель 2: исходные + синтетические,12349,91200.0,153476.2338100725
Модель 2: исходные + синтетические,2062,116700.0,115669.50261347897
Модель 2: исходные + синтетические,14245,500001.0,505825.6413146336
Модель 2: исходные + синтетические,10437,153500.0,72197.85477548972
Модель 2: исходные + синтетические,12020,145400.0,144813.80376120514
Модель 2: исходные + синтетические,7945,175900.0,179461.00303986625
Модель 2: исходные + синтетические,7487,243800.0,241223.1782592799
Модель 2: исходные + синтетические,8787,333100.0,316840.90911291155
Модель 2: исходные + синтетические,15920,316700.0,231798.12737097996
Модель 2: исходные + синтетические,14932,118100.0,161204.02248507197
Модель 2: исходные + синтетические,16961,74100.0,127403.17182621005
Модель 2: исходные + синтетические,16670,250800.0,203266.29307011387
Модель 2: исходные + синтетические,3213,216700.0,196589.853527493
Модель 2: исходные + синтетические,13785,224200.0,210026.54835932344
Модель 2: исходные + синтетические,10608,60900.0,35778.11499775212
Модель 2: исходные + синтетические,12726,204300.0,159634.82330901353
Модель 2: исходные + синтетические,8982,204200.0,255108.19742452554
Модель 2: исходные + синтетические,12564,193100.0,234083.1048581531
Модель 2: исходные + синтетические,136,84700.0,48285.754474026435
Модель 2: исходные + синтетические,9123,63700.0,127976.56355472824
Модель 2: исходные + синтетические,1500,192200.0,222231.29302809222
Модель 2: исходные + синтетические,7272,225000.0,305781.24596206355
Модель 2: исходные + синтетические,2948,379800.0,342242.0812065174
Модель 2: исходные + синтетические,4762,68500.0,194293.50367369305
Модель 2: исходные + синтетические,4449,216600.0,231555.23996285128
Модель 2: исходные + синтетические,14284,174100.0,252118.480285665
Модель 2: исходные + синтетические,9747,106300.0,114502.14025312835
Модель 2: исходные + синтетические,11780,186900.0,211154.01613057053
Модель 2: исходные + синтетические,3529,252000.0,271710.20641230943
Модель 2: исходные + синтетические,13409,257600.0,234019.3727664809
Модель 2: исходные + синтетические,3623,150500.0,206768.5995507408
Модель 2: исходные + синтетические,1908,97300.0,194573.24273745943
Модель 2: исходные + синтетические,14336,165600.0,292436.5106707204
Модель 2: исходные + синтетические,5126,319100.0,183335.5693542485
Модель 2: исходные + синтетические,6199,98600.0,147915.5858230225
Модель 2: исходные + синтетические,1687,245800.0,209676.50221934728
Модель 2: исходные + синтетические,5614,200400.0,234261.5137779429
Модель 2: исходные + синтетические,14680,96700.0,155274.77882887976
Модель 2: исходные + синтетические,6325,105800.0,194623.11218584864
Модель 2: исходные + синтетические,2807,345700.0,279624.10599837615
Модель 2: исходные + синтетические,9345,167400.0,175828.30187251137
Модель 2: исходные + синтетические,4350,233700.0,241144.79051543263
Модель 2: исходные + синтетические,10311,48000.0,62972.6683509391
Модель 2: исходные + синтетические,5681,148100.0,175418.20411467797
Модель 2: исходные + синтетические,8663,246400.0,267575.4765055795
Модель 2: исходные + синтетические,11670,115400.0,140639.7534064374
Модель 2: исходные + синтетические,8072,458600.0,243990.24473961195
Модель 2: исходные + синтетические,1931,259800.0,270181.08227070316
Модель 2: исходные + синтетические,9300,207700.0,244602.5658594039
Модель 2: исходные + синтетические,15282,196400.0,252138.73514147248
Модель 2: исходные + синтетические,2510,238000.0,208493.84537110277
Модель 2: исходные + синтетические,1871,97400.0,174444.73538660587
Модель 2: исходные + синтетические,8363,500001.0,254828.85245816477
Модель 2: исходные + синтетические,11061,185100.0,226304.951423707
Модель 2: исходные + синтетические,2224,88100.0,106051.27056950884
Модель 2: исходные + синтетические,16944,130600.0,187134.41076873968
Модель 2: исходные + синтетические,6455,230600.0,228936.3687908381
Модель 2: исходные + синтетические,9408,223600.0,228640.04508311444
Модель 2: исходные + синтетические,11149,145000.0,158176.99354773184
Модель 2: исходные + синтетические,9806,93800.0,92251.20977810353
Модель 2: исходные + синтетические,7446,232700.0,187108.13305668306
Модель 2: исходные + синтетические,899,95300.0,159249.95120357632
Модель 2: исходные + синтетические,15132,191300.0,219376.30843104012
Модель 2: исходные + синтетические,16014,455900.0,391330.23185925814
Модель 2: исходные + синтетические,6928,211100.0,173665.144735751
Модель 2: исходные + синтетические,8112,178700.0,193925.6154273824
Модель 2: исходные + синтетические,3947,341300.0,279347.5925039935
Модель 2: исходные + синтетические,6746,162800.0,153928.64009108275
Модель 2: исходные + синтетические,16421,500001.0,399678.98313514923
Модель 2: исходные + синтетические,7972,310000.0,234847.68633038568
Модель 2: исходные + синтетические,694,278600.0,287883.77245742537
Модель 2: исходные + синтетические,6933,254500.0,167190.2246351616
Модель 2: исходные + синтетические,10507,139800.0,250507.92107618667
Модель 2: исходные + синтетические,4234,174400.0,198769.7780814203
Модель 2: исходные + синтетические,1553,77200.0,119948.85250310466
Модель 2: исходные + синтетические,15200,211300.0,231222.45214091192
Модель 2: исходные + синтетические,8810,162900.0,197579.2492651701
Модель 2: исходные + синтетические,13918,186000.0,256488.56864694788
Модель 2: исходные + синтетические,7911,330700.0,319585.0696750661
Модель 2: исходные + синтетические,1581,237300.0,272013.7942008405
Модель 2: исходные + синтетические,14367,172700.0,233658.577565529
Модель 2: исходные + синтетические,15974,500001.0,338439.8436920476
Модель 2: исходные + синтетические,3343,500001.0,337670.6126279109
Модель 2: исходные + синтетические,13257,332600.0,266040.22762787546
Модель 2: исходные + синтетические,6665,208300.0,171423.4925821798
Модель 2: исходные + синтетические,2294,113800.0,89564.61142980543
Модель 2: исходные + синтетические,6833,108000.0,138959.15077081198
Модель 2: исходные + синтетические,4671,284200.0,259693.07420361083
Модель 2: исходные + синтетические,16646,179200.0,223208.52409418378
Модель 2: исходные + синтетические,14749,500001.0,472156.54204864544
Модель 2: исходные + синтетические,15517,111100.0,103786.2280086712
Модель 2: исходные + синтетические,11612,65900.0,83890.70981144911
Модель 2: исходные + синтетические,6918,349300.0,228494.69736626677
Модель 2: исходные + синтетические,15905,500001.0,297361.4120638445
Модель 2: исходные + синтетические,566,293900.0,302602.7625174537
Модель 2: исходные + синтетические,858,131400.0,151964.7406993227
Модель 2: исходные + синтетические,2568,113200.0,127742.37182332952
Модель 2: исходные + синтетические,2666,183300.0,147177.7507621606
Модель 2: исходные + синтетические,16023,391900.0,281113.87196075264
Модель 2: исходные + синтетические,13731,337000.0,254529.71612908284
Модель 2: исходные + синтетические,14347,273300.0,357276.43145875575
Модель 2: исходные + синтетические,9000,500001.0,380791.4121480189
Модель 2: исходные + синтетические,4324,207400.0,291153.8479160301
Модель 2: исходные + синтетические,1861,405200.0,266900.413392721
Модель 2: исходные + синтетические,1510,90900.0,131068.92746397151
Модель 2: исходные + синтетические,8865,193400.0,266162.4438517645
Модель 2: исходные + синтетические,8024,163700.0,126606.34650663189
Модель 2: исходные + синтетические,6170,282600.0,205971.52012665998
Модель 2: исходные + синтетические,1577,363600.0,364467.42075653793
Модель 2: исходные + синтетические,753,261500.0,268048.6267207944
Модель 2: исходные + синтетические,14837,500001.0,542616.562623137
Модель 2: исходные + синтетические,9617,63300.0,35988.973341837285
Модель 2: исходные + синтетические,14422,500001.0,429018.0118478082
Модель 2: исходные + синтетические,10783,109900.0,91052.65627976453
Модель 2: исходные + синтетические,16297,262500.0,291597.7231943493
Модель 2: исходные + синтетические,5777,99500.0,130786.66198665112
Модель 2: исходные + синтетические,7989,266700.0,235907.28405509313
Модель 2: исходные + синтетические,7588,178400.0,224519.17760338963
Модель 2: исходные + синтетические,1603,163300.0,173483.34393547714
Модель 2: исходные + синтетические,3443,216200.0,235095.37316779414
Модель 2: исходные + синтетические,16117,500001.0,331731.1175036559
Модель 2: исходные + синтетические,8685,221000.0,271823.09832643496
Модель 2: исходные + синтетические,14060,324200.0,265052.63318604586
Модель 2: исходные + синтетические,12524,130400.0,162508.8349169543
Модель 2: исходные + синтетические,824,184000.0,250117.75345180213
Модель 2: исходные + синтетические,11481,201800.0,210167.24244968363
Модель 2: исходные + синтетические,13879,195300.0,197784.4179412358
Модель 2: исходные + синтетические,3290,220000.0,242154.47881077393
Модель 2: исходные + синтетические,4726,171400.0,164310.28452970655
Модель 2: исходные + синтетические,13682,342000.0,305148.0471619193
Модель 2: исходные + синтетические,13996,430100.0,290689.78790795367
Модель 2: исходные + синтетические,16998,85800.0,59852.298348622164
Модель 2: исходные + синтетические,1360,177300.0,160436.75563038708
Модель 2: исходные + синтетические,12309,80000.0,84273.83508743618
Модель 2: исходные + синтетические,10790,181400.0,219529.75794662672
Модель 2: исходные + синтетические,11390,151200.0,145819.37977734965
Модель 2: исходные + синтетические,5093,173800.0,238692.60794824982
Модель 2: исходные + синтетические,14869,141700.0,186937.75298583653
Модель 2: исходные + синтетические,12557,263100.0,209189.18199694296
Модель 2: исходные + синтетические,7681,366900.0,326616.9942948042
Модель 2: исходные + синтетические,16764,117000.0,209315.0633871766
Модель 2: исходные + синтетические,4777,260100.0,237563.0910313579
Модель 2: исходные + синтетические,16228,314700.0,263095.0620773374
Модель 2: исходные + синтетические,12083,95700.0,118255.1567090762
Модель 2: исходные + синтетические,9283,121000.0,197539.03301058212
Модель 2: исходные + синтетические,2252,125000.0,138367.71132127332
Модель 2: исходные + синтетические,12835,111400.0,122448.38406576029
Модель 2: исходные + синтетические,4388,231200.0,271179.1392041454
Модель 2: исходные + синтетические,9946,74300.0,108896.08702690483
Модель 2: исходные + синтетические,7278,500001.0,358625.9147785672
Модель 2: исходные + синтетические,1530,467600.0,390357.2393583455
Модель 2: исходные + синтетические,9562,108100.0,147288.67144282899
Модель 2: исходные + синтетические,13670,261800.0,231841.24021729088
Модель 2: исходные + синтетические,11186,163400.0,118271.28481270239
Модель 2: исходные + синтетические,14458,159400.0,165227.9401619537
Модель 2: исходные + синтетические,16876,116200.0,177535.54545813572
Модель 2: исходные + синтетические,10744,249600.0,227634.29620234104
Модель 2: исходные + синтетические,12792,221500.0,240644.16512123618
Модель 2: исходные + синтетические,11069,172200.0,324969.60629579297
Модель 2: исходные + синтетические,1571,183900.0,170363.435243032
Модель 2: исходные + синтетические,1454,172000.0,227602.77927184053
Модель 2: исходные + синтетические,11903,118800.0,103131.40101475704
Модель 2: исходные + синтетические,15315,293200.0,280811.04988605314
Модель 2: исходные + синтетические,10888,126800.0,142214.54750772627
Модель 2: исходные + синтетические,8933,94600.0,170601.5829074449
Модель 2: исходные + синтетические,4841,253900.0,246951.74046321592
Модель 2: исходные + синтетические,959,84400.0,135267.39726011627
Модель 2: исходные + синтетические,10732,117200.0,146613.0178764551
Модель 2: исходные + синтетические,7904,432100.0,310364.2116521453
Модель 2: исходные + синтетические,13174,281900.0,241540.1913061769
Модель 2: исходные + синтетические,14054,211300.0,275958.2454304953
Модель 2: исходные + синтетические,688,264700.0,163077.56862513084
Модель 2: исходные + синтетические,2944,500001.0,482110.3670816525
Модель 2: исходные + синтетические,7838,500001.0,403834.6702346266
Модель 2: исходные + синтетические,698,429300.0,455904.70257796714
Модель 2: исходные + синтетические,13305,239200.0,257394.81513248818
Модель 2: исходные + синтетические,6151,117700.0,177144.93810333553
Модель 2: исходные + синтетические,15917,460000.0,301632.6332240867
Модель 2: исходные + синтетические,4103,189600.0,252724.8457495968
Модель 2: исходные + синтетические,8119,175500.0,196810.6988181047
Модель 2: исходные + синтетические,4177,212600.0,246358.27197158875
Модель 2: исходные + синтетические,13461,264600.0,251306.8785942256
Модель 2: исходные + синтетические,6532,166900.0,231761.13947080044
Модель 2: исходные + синтетические,4222,178100.0,115318.07214643629
Модель 2: исходные + синтетические,306,163100.0,202493.89162760763
Модель 2: исходные + синтетические,259,235600.0,228177.8437683195
Модель 2: исходные + синтетические,3902,265000.0,235605.6241612224
Модель 2: исходные + синтетические,14043,234700.0,350186.2097965099
Модель 2: исходные + синтетические,3900,284600.0,320798.08526778634
Модель 2: исходные + синтетические,11785,102800.0,126491.24871735406
Модель 2: исходные + синтетические,561,132300.0,138870.9327553445
Модель 2: исходные + синтетические,11927,88200.0,123273.89576511437
Модель 2: исходные + синтетические,11024,63600.0,109379.11898318636
Модель 2: исходные + синтетические,10293,47100.0,77539.40669326701
Модель 2: исходные + синтетические,7562,332600.0,281039.8373449696
Модель 2: исходные + синтетические,11798,55000.0,135859.0959658053
Модель 2: исходные + синтетические,12872,241000.0,291098.3099213616
Модель 2: исходные + синтетические,13576,265300.0,234818.27134476334
Модель 2: исходные + синтетические,2494,294200.0,278736.93441683776
Модель 2: исходные + синтетические,1139,116100.0,181206.56096716778
Модель 2: исходные + синтетические,10654,79900.0,81618.66717425387
Модель 2: исходные + синтетические,7349,205400.0,299138.5629538453
Модель 2: исходные + синтетические,12652,95300.0,61447.0055148856
Модель 2: исходные + синтетические,10473,104800.0,107267.97140917757
Модель 2: исходные + синтетические,6403,100000.0,133930.78757884257
Модель 2: исходные + синтетические,197,194500.0,282903.8939173479
Модель 2: исходные + синтетические,15035,371400.0,155888.34680461543
Модель 2: исходные + синтетические,15437,118400.0,91658.5967748444
Модель 2: исходные + синтетические,8527,251800.0,255405.43932462827
Модель 2: исходные + синтетические,7242,302200.0,248194.50230696696
Модель 2: исходные + синтетические,16759,262500.0,222354.5334661074
Модель 2: исходные + синтетические,380,211900.0,186371.85690534816
Модель 2: исходные + синтетические,200,73300.0,50550.55465890293
Модель 2: исходные + синтетические,4799,272600.0,295390.6476588285
Модель 2: исходные + синтетические,7902,328100.0,309810.91283342516
Модель 2: исходные + синтетические,8379,500001.0,456437.4569419127
Модель 2: исходные + синтетические,11229,113800.0,59724.534639861675
Модель 2: исходные + синтетические,4528,476700.0,187420.68763990013
Модель 2: исходные + синтетические,7353,172600.0,208766.9390688865
Модель 2: исходные + синтетические,13207,237500.0,219670.25400321354
Модель 2: исходные + синтетические,1544,289600.0,209272.34878369473
Модель 2: исходные + синтетические,4743,123400.0,155402.1932887382
Модель 2: исходные + синтетические,4252,202800.0,189636.33500067188
Модель 2: исходные + синтетические,3657,220000.0,192035.83332206355
Модель 2: исходные + синтетические,13323,243200.0,266662.07647825126
Модель 2: исходные + синтетические,5327,238900.0,269342.80256938445
Модель 2: исходные + синтетические,3524,166400.0,201007.7561389785
Модель 2: исходные + синтетические,13362,292500.0,277239.42714299087
Модель 2: исходные + синтетические,3611,335700.0,262246.8874119891
Модель 2: исходные + синтетические,7893,319400.0,219246.09082188905
Модель 2: исходные + синтетические,12300,77700.0,98350.97927139877
Модель 2: исходные + синтетические,8840,302000.0,303124.42451808025
Модель 2: исходные + синтетические,13218,296600.0,307099.9343290515
Модель 2: исходные + синтетические,16827,60300.0,72251.6336856277
Модель 2: исходные + синтетические,8567,229200.0,277283.0669028001
Модель 2: исходные + синтетические,16423,362500.0,272053.23054500413
Модель 2: исходные + синтетические,9354,83300.0,107215.41555655267
Модель 2: исходные + синтетические,12510,134000.0,47905.00556790381
Модель 2: исходные + синтетические,1883,152700.0,48518.10176267229
Модель 2: исходные + синтетические,9126,80900.0,158654.24138102992
Модель 2: исходные + синтетические,1453,417500.0,253496.07953267483
Модель 2: исходные + синтетические,11920,88200.0,124209.9958982872
Модель 2: исходные + синтетические,16264,318500.0,216906.70945510338
Модель 2: исходные + синтетические,14979,127000.0,180377.04186056266
Модель 2: исходные + синтетические,2387,131500.0,144431.5202109983
Модель 2: исходные + синтетические,14760,378100.0,381018.65912292316
Модель 2: исходные + синтетические,8734,154600.0,-142450.5799653573
Модель 2: исходные + синтетические,15196,287500.0,255952.6301992597
Модель 2: исходные + синтетические,7459,328900.0,307453.9677844522
Модель 2: исходные + синтетические,4669,344700.0,277175.0959740824
Модель 2: исходные + синтетические,10561,66000.0,136004.87831036086
Модель 2: исходные + синтетические,12906,165300.0,190521.32711267247
Модель 2: исходные + синтетические,7716,500001.0,257990.67289893405
Модель 2: исходные + синтетические,10618,138000.0,250497.8259051163
Модель 2: исходные + синтетические,4951,500001.0,541154.8287323685
Модель 2: исходные + синтетические,1848,122400.0,199964.38711900715
Модель 2: исходные + синтетические,9693,84800.0,87888.12046590183
Модель 2: исходные + синтетические,12146,180400.0,199398.50089997306
Модель 2: исходные + синтетические,3782,195400.0,214440.14500307784
Модель 2: исходные + синтетические,11701,102800.0,113715.25033736661
Модель 2: исходные + синтетические,9733,67500.0,72204.33969453661
Модель 2: исходные + синтетические,3377,237400.0,204155.79276895098
Модель 2: исходные + синтетические,5676,425500.0,234413.9748707929
Модель 2: исходные + синтетические,7612,500001.0,230245.50518866876
Модель 2: исходные + синтетические,4155,151100.0,173526.40680128426
Модель 2: исходные + синтетические,15363,132500.0,169632.50676412322
Модель 2: исходные + синтетические,10314,88200.0,130395.79947888394
Модель 2: исходные + синтетические,9947,70400.0,118304.64728650598
Модель 2: исходные + синтетические,12354,55100.0,55896.84509948415
Модель 2: исходные + синтетические,16710,204600.0,217718.9718952256
Модель 2: исходные + синтетические,13598,98500.0,171149.46192944003
Модель 2: исходные + синтетические,2306,91100.0,62058.83917755796
Модель 2: исходные + синтетические,5918,472700.0,383774.3298519833
Модель 2: исходные + синтетические,15576,350000.0,175919.26420140782
Модель 2: исходные + синтетические,15745,238000.0,202268.93929903558
Модель 2: исходные + синтетические,1137,147500.0,206831.38351403418
Модель 2: исходные + синтетические,12460,70300.0,35263.5608283859
Модель 2: исходные + синтетические,2753,162500.0,192470.89623206432
Модель 2: исходные + синтетические,1442,152400.0,203576.32211884155
Модель 2: исходные + синтетические,9361,234300.0,244214.35283440916
Модель 2: исходные + синтетические,13192,122200.0,114985.72191621036
Модель 2: исходные + синтетические,503,195800.0,269479.68643278786
Модель 2: исходные + синтетические,8798,253000.0,316877.18309619447
Модель 2: исходные + синтетические,13439,253600.0,277811.20680211706
Модель 2: исходные + синтетические,3776,366700.0,239031.50442919714
Модель 2: исходные + синтетические,7162,450000.0,247228.75694243453
Модель 2: исходные + синтетические,1497,161400.0,197582.07565963047
Модель 2: исходные + синтетические,13537,294400.0,313089.19099376793
Модель 2: исходные + синтетические,16516,112500.0,309985.4377832467
Модель 2: исходные + синтетические,8158,500001.0,243800.21005020823
Модель 2: исходные + синтетические,8725,224900.0,222369.20773024322
Модель 2: исходные + синтетические,9508,186800.0,245924.13281121745
Модель 2: исходные + синтетические,4092,324900.0,260380.49200603855
Модель 2: исходные + синтетические,9271,58400.0,34369.2580610069
Модель 2: исходные + синтетические,4115,180200.0,179216.28255610281
Модель 2: исходные + синтетические,12247,70500.0,105415.94555576175
Модель 2: исходные + синтетические,8555,243800.0,270495.4863039775
Модель 2: исходные + синтетические,14601,405900.0,281348.9423966734
Модель 2: исходные + синтетические,10863,165800.0,170671.39626776282
Модель 2: исходные + синтетические,16466,368700.0,333595.3937019873
Модель 2: исходные + синтетические,16197,334600.0,270757.4572781156
Модель 2: исходные + синтетические,6948,190600.0,141641.56651249854
Модель 2: исходные + синтетические,524,150300.0,243634.19229945767
Модель 2: исходные + синтетические,15475,352800.0,234806.2268255489
Модель 2: исходные + синтетические,9346,175800.0,191622.89481419558
Модель 2: исходные + синтетические,5062,211800.0,148209.41537066302
Модель 2: исходные + синтетические,11792,88800.0,161765.51720796493
Модель 2: исходные + синтетические,14691,79700.0,159425.7894065827
Модель 2: исходные + синтетические,11817,130600.0,196389.6472394279
Модель 2: исходные + синтетические,10280,113100.0,82737.57659482978
Модель 2: исходные + синтетические,9728,133300.0,128680.18614560246
Модель 2: исходные + синтетические,13523,286800.0,306938.31773307914
Модель 2: исходные + синтетические,3070,334600.0,339533.63182096265
Модель 2: исходные + синтетические,13625,288300.0,315101.56730492366
Модель 2: исходные + синтетические,13213,200000.0,238917.88664845057
Модель 2: исходные + синтетические,613,174400.0,223577.89451431445
Модель 2: исходные + синтетические,11420,150000.0,72976.04156921836
Модель 2: исходные + синтетические,2612,113600.0,174148.29321959073
Модель 2: исходные + синтетические,1787,154600.0,114718.16634832174
Модель 2: исходные + синтетические,13549,356000.0,354483.83569850796
Модель 2: исходные + синтетические,7724,334100.0,258794.20449676385
Модель 2: исходные + синтетические,7782,223800.0,200816.4391587766
Модель 2: исходные + синтетические,9003,299400.0,305495.0574085624
Модель 2: исходные + синтетические,23,71300.0,58839.057374391625
Модель 2: исходные + синтетические,410,94500.0,132899.0925468829
Модель 2: исходные + синтетические,14405,196400.0,245843.97159946553
Модель 2: исходные + синтетические,12106,119800.0,181295.65751294888
Модель 2: исходные + синтетические,5740,134200.0,129780.94656523048
Модель 2: исходные + синтетические,1724,137300.0,125911.24584892507
Модель 2: исходные + синтетические,15624,175400.0,239481.96017068555
Модель 2: исходные + синтетические,1398,81900.0,105887.89894080238
Модель 2: исходные + синтетические,11886,189900.0,242305.05048210133
Модель 2: исходные + синтетические,10615,128100.0,222817.45177823375
Модель 2: исходные + синтетические,4374,205200.0,278951.1353518165
Модель 2: исходные + синтетические,15096,281100.0,267807.00214514206
Модель 2: исходные + синтетические,8385,325200.0,233795.55399207087
Модель 2: исходные + синтетические,16398,211700.0,226178.3456502943
Модель 2: исходные + синтетические,2891,112500.0,139559.77860059685
Модель 2: исходные + синтетические,15115,357300.0,409003.3978296105
Модель 2: исходные + синтетические,13804,500001.0,435524.68687409
Модель 2: исходные + синтетические,15458,177800.0,268620.01902880514
Модель 2: исходные + синтетические,5703,483700.0,354675.26161366823
Модель 2: исходные + синтетические,5629,137500.0,141087.7015637622
Модель 2: исходные + синтетические,7059,434400.0,265172.77122564736
Модель 2: исходные + синтетические,12862,231400.0,148279.2595774175
Модель 2: исходные + синтетические,1344,200000.0,232642.3957201154
Модель 2: исходные + синтетические,15304,137500.0,181369.00691561718
Модель 2: исходные + синтетические,1977,89400.0,98016.44101606218
Модель 2: исходные + синтетические,4068,281500.0,278355.53181016434
Модель 2: исходные + синтетические,16320,270200.0,277490.19115160167
Модель 2: исходные + синтетические,4026,198100.0,213157.7291055448
Модель 2: исходные + синтетические,8908,399400.0,293463.0474072785
Модель 2: исходные + синтетические,4334,500001.0,493049.92255440715
Модель 2: исходные + синтетические,5476,127100.0,145081.73726147818
Модель 2: исходные + синтетические,10247,107200.0,55371.19017205961
Модель 2: исходные + синтетические,3698,156800.0,238341.15809041125
Модель 2: исходные + синтетические,4429,179800.0,226274.9897962019
Модель 2: исходные + синтетические,4208,216400.0,255901.10545339133
Модель 2: исходные + синтетические,8487,319400.0,328449.7889226318
Модель 2: исходные + синтетические,627,103000.0,173738.09334619727
Модель 2: исходные + синтетические,2756,252200.0,255985.5474844327
Модель 2: исходные + синтетические,6929,240600.0,179916.31943458455
Модель 2: исходные + синтетические,15013,108500.0,83358.2867775389
Модель 2: исходные + синтетические,12331,158300.0,178808.02849885495
Модель 2: исходные + синтетические,5763,160800.0,197688.26086480878
Модель 2: исходные + синтетические,13403,112500.0,262503.34363769647
Модель 2: исходные + синтетические,12612,283100.0,271055.12263473653
Модель 2: исходные + синтетические,6555,257400.0,198923.340767886
Модель 2: исходные + синтетические,4413,162100.0,139878.5595966196
Модель 2: исходные + синтетические,9579,123800.0,42362.34976923552
Модель 2: исходные + синтетические,8589,418500.0,193629.69937023663
Модель 2: исходные + синтетические,8206,234900.0,185085.0929210122
Модель 2: исходные + синтетические,16332,246300.0,198230.33605330493
Модель 2: исходные + синтетические,7048,118800.0,193917.37880505458
Модель 2: исходные + синтетические,445,112100.0,105932.82357182291
Модель 2: исходные + синтетические,11618,187500.0,202899.5276585673
Модель 2: исходные + синтетические,1192,162500.0,187538.72981265275
Модель 2: исходные + синтетические,12485,65300.0,82151.30520003347
Модель 2: исходные + синтетические,6986,136100.0,206435.42952884818
Модель 2: исходные + синтетические,15161,311800.0,360079.00036360684
Модель 2: исходные + синтетические,13538,89600.0,98477.29869592731
Модель 2: исходные + синтетические,11495,182400.0,141790.49416803196
Модель 2: исходные + синтетические,10016,53500.0,128207.64118830592
Модель 2: исходные + синтетические,5976,151200.0,186045.06088973823
Модель 2: исходные + синтетические,7258,450000.0,228241.56699214783
Модель 2: исходные + синтетические,4911,156400.0,199222.65415284623
Модель 2: исходные + синтетические,5262,341100.0,196075.27522274596
Модель 2: исходные + синтетические,10670,102000.0,-9014.521492344666
Модель 2: исходные + синтетические,13703,118800.0,148921.13108312848
Модель 2: исходные + синтетические,3912,159400.0,213772.20759976152
Модель 2: исходные + синтетические,5213,500001.0,259153.87558622687
Модель 2: исходные + синтетические,12593,221000.0,249079.24248210285
Модель 2: исходные + синтетические,15854,162500.0,255511.81640045356
Модель 2: исходные + синтетические,13568,287100.0,236485.70043751926
Модель 2: исходные + синтетические,2356,154700.0,180607.96398305846
Модель 2: исходные + синтетические,16888,150000.0,148962.5520257449
Модель 2: исходные + синтетические,4187,169000.0,212757.19944245697
Модель 2: исходные + синтетические,13688,442500.0,419646.9412861214
Модель 2: исходные + синтетические,15995,475000.0,232421.8584552167
Модель 2: исходные + синтетические,6604,95000.0,129792.96647070066
Модель 2: исходные + синтетические,13944,440500.0,300789.33899763436
Модель 2: исходные + синтетические,6087,431800.0,295451.93461065326
Модель 2: исходные + синтетические,1368,157600.0,177657.1013482779
Модель 2: исходные + синтетические,9402,305800.0,308844.0118718387
Модель 2: исходные + синтетические,1424,408500.0,298374.7576150974
Модель 2: исходные + синтетические,15266,346800.0,283178.47111900273
Модель 2: исходные + синтетические,1319,149900.0,237106.11443548428
Модель 2: исходные + синтетические,9792,54400.0,114547.93391747068
Модель 2: исходные + синтетические,467,316700.0,259552.69353808655
Модель 2: исходные + синтетические,2812,128800.0,147584.4229224311
Модель 2: исходные + синтетические,8700,419900.0,396171.82670257444
Модель 2: исходные + синтетические,15727,112500.0,230182.3582631416
Модель 2: исходные + синтетические,10550,275100.0,354361.3595577401
Модель 2: исходные + синтетические,1197,130600.0,211239.97727540194
Модель 2: исходные + синтетические,13557,196200.0,248309.58881749856
Модель 2: исходные + синтетические,12266,103900.0,114130.86097441145
Модель 2: исходные + синтетические,10996,58000.0,-546.2725909359916
Модель 2: исходные + синтетические,12176,98700.0,137824.2190162578
Модель 2: исходные + синтетические,7090,121500.0,219935.08451970527
Модель 2: исходные + синтетические,76,107200.0,142373.72077571455
Модель 2: исходные + синтетические,12719,293800.0,208091.90061753045
Модель 2: исходные + синтетические,8712,500001.0,534381.4178966171
Модель 2: исходные + синтетические,11100,162500.0,51440.558524032254
Модель 2: исходные + синтетические,12341,32500.0,90420.8076402254
Модель 2: исходные + синтетические,62,60300.0,55894.67263510312
Модель 2: исходные + синтетические,33,113800.0,86094.0265461298
Модель 2: исходные + синтетические,14395,364500.0,318242.3253841045
Модель 2: исходные + синтетические,7786,265200.0,268737.981815184
Модель 2: исходные + синтетические,9666,297400.0,244574.07260783124
Модель 2: исходные + синтетические,10854,101000.0,82422.1156476969
Модель 2: исходные + синтетические,1317,135800.0,175943.7009377903
Модель 2: исходные + синтетические,3641,198200.0,227726.46032832915
Модель 2: исходные + синтетические,1295,168300.0,212241.4550571304
Модель 2: исходные + синтетические,10796,172100.0,220422.9917581449
Модель 2: исходные + синтетические,4309,185700.0,205903.59252581943
Модель 2: исходные + синтетические,12242,123500.0,101858.96810996535
Модель 2: исходные + синтетические,1159,131600.0,189257.58209996525
Модель 2: исходные + синтетические,14777,121600.0,207225.96497623425
Модель 2: исходные + синтетические,2,85700.0,-22768.91347149626
Модель 2: исходные + синтетические,3587,177900.0,192386.33677260033
Модель 2: исходные + синтетические,5181,191600.0,251204.6318908986
Модель 2: исходные + синтетические,1080,126300.0,176460.49651298643
Модель 2: исходные + синтетические,10572,150000.0,193084.10567800477
Модель 2: исходные + синтетические,14116,498800.0,404846.26350238646
Модель 2: исходные + синтетические,2075,100500.0,99010.5521286968
Модель 2: исходные + синтетические,9787,88400.0,130207.19645494982
Модель 2: исходные + синтетические,7951,237900.0,261761.1252984204
Модель 2: исходные + синтетические,16368,470500.0,431358.36542208336
Модель 2: исходные + синтетические,5916,500001.0,315108.01316295937
Модель 2: исходные + синтетические,6434,195800.0,241083.68818426278
Модель 2: исходные + синтетические,474,151700.0,195646.78183224853
Модель 2: исходные + синтетические,7825,314900.0,289133.494550021
Модель 2: исходные + синтетические,7154,315100.0,242404.13925428683
Модель 2: исходные + синтетические,3003,500001.0,597634.7079933678
Модель 2: исходные + синтетические,6244,372900.0,289458.0894122674
Модель 2: исходные + синтетические,12252,137500.0,121371.88316883302
Модель 2: исходные + синтетические,12282,137500.0,232120.20661042968
Модель 2: исходные + синтетические,5157,227300.0,194613.18160451902
Модель 2: исходные + синтетические,3229,209500.0,156251.44604149772
Модель 2: исходные + синтетические,11471,134500.0,147895.77825425426
Модель 2: исходные + синтетические,10182,81100.0,119050.37247075354
Модель 2: исходные + синтетические,7626,500001.0,271758.2196010763
Модель 2: исходные + синтетические,16025,261900.0,314253.7681330963
Модель 2: исходные + синтетические,6966,127100.0,93140.35688749855
Модель 2: исходные + синтетические,9528,65200.0,50760.43421956247
Модель 2: исходные + синтетические,14484,204200.0,254254.50414773167
Модель 2: исходные + синтетические,4153,145900.0,123536.17327411938
Модель 2: исходные + синтетические,924,149100.0,200606.0739821624
Модель 2: исходные + синтетические,13808,500001.0,492867.26550675486
Модель 2: исходные + синтетические,13765,144900.0,207691.15170398442
Модель 2: исходные + синтетические,12327,191900.0,179134.82989318343
Модель 2: исходные + синтетические,12888,146400.0,188069.9799126319
Модель 2: исходные + синтетические,13890,166600.0,244230.4424274669
Модель 2: исходные + синтетические,5852,154700.0,179866.53376874473
Модель 2: исходные + синтетические,3074,216900.0,182528.10952952522
Модель 2: исходные + синтетические,12793,184400.0,188913.62072794422
Модель 2: исходные + синтетические,15016,54100.0,57014.234844194405
Модель 2: исходные + синтетические,4672,220100.0,178556.04969888632
Модель 2: исходные + синтетические,8352,387500.0,322489.7827591801
Модель 2: исходные + синтетические,12816,343000.0,275488.5598483839
Модель 2: исходные + синтетические,8839,335000.0,297451.429120679
Модель 2: исходные + синтетические,1432,255200.0,274674.0119579107
Модель 2: исходные + синтетические,14098,350000.0,230609.21921690824
Модель 2: исходные + синтетические,16375,327200.0,260606.8270312551
Модель 2: исходные + синтетические,10009,128300.0,160235.45678607965
Модель 2: исходные + синтетические,10512,146700.0,252636.47362864335
Модель 2: исходные + синтетические,12877,169100.0,231755.46103090307
Модель 2: исходные + синтетические,9671,55900.0,105988.7777098845
Модель 2: исходные + синтетические,7147,382100.0,251499.42857355127
Модель 2: исходные + синтетические,14391,500001.0,471987.44119082764
Модель 2: исходные + синтетические,12383,60600.0,22639.468722537153
Модель 2: исходные + синтетические,13672,270300.0,284367.98810208385
Модель 2: исходные + синтетические,14079,107200.0,171971.42099771457
Модель 2: исходные + синтетические,10929,127100.0,150230.4727768397
Модель 2: исходные + синтетические,13842,301100.0,224288.16892052375
Модель 2: исходные + синтетические,14047,310600.0,228973.0356956793
Модель 2: исходные + синтетические,13857,365700.0,398474.1550822241
Модель 2: исходные + синтетические,7133,188000.0,223332.25100197777
Модель 2: исходные + синтетические,7467,194900.0,185447.53569022944
Модель 2: исходные + синтетические,7615,393600.0,318269.9146533229
Модель 2: исходные + синтетические,2267,96600.0,142283.49961765733
Модель 2: исходные + синтетические,3523,164100.0,119918.91704963111
Модель 2: исходные + синтетические,2245,102000.0,132760.52606203256
Модель 2: исходные + синтетические,14129,197100.0,254461.01215062488
Модель 2: исходные + синтетические,13528,430900.0,318373.6201254402
Модель 2: исходные + синтетические,605,113500.0,125014.36686195662
Модель 2: исходные + синтетические,1447,187500.0,130626.71539568476
Модель 2: исходные + синтетические,6129,151600.0,163854.8941403273
Модель 2: исходные + синтетические,16984,70000.0,116158.23280013038
Модель 2: исходные + синтетические,8903,321800.0,322368.9778135393
Модель 2: исходные + синтетические,14037,182000.0,194175.7821980708
Модель 2: исходные + синтетические,5721,166300.0,178738.22469032198
Модель 2: исходные + синтетические,1797,278300.0,289635.9315922043
Модель 2: исходные + синтетические,7441,225000.0,207060.0842184471
Модель 2: исходные + синтетические,4571,410400.0,344168.82892237266
Модель 2: исходные + синтетические,10612,183800.0,331436.66617557337
Модель 2: исходные + синтетические,2335,127300.0,114581.39624550255
Модель 2: исходные + синтетические,2856,500001.0,445998.55853247823
Модель 2: исходные + синтетические,9615,107600.0,130083.87789824192
Модель 2: исходные + синтетические,3603,213400.0,227907.50622389757
Модель 2: исходные + синтетические,9060,49400.0,51684.085009154034
Модель 2: исходные + синтетические,11975,145900.0,164248.84538273932
Модель 2: исходные + синтетические,8435,270100.0,248963.94437298574
Модель 2: исходные + синтетические,4920,242000.0,263437.63531126763
Модель 2: исходные + синтетические,13435,142100.0,168159.74372709278
Модель 2: исходные + синтетические,14900,145800.0,248089.58782304183
Модель 2: исходные + синтетические,4603,178000.0,218361.687291254
Модель 2: исходные + синтетические,8302,421900.0,255962.8348149016
Модель 2: исходные + синтетические,1629,316700.0,313781.5955042436
Модель 2: исходные + синтетические,9115,60700.0,101019.8192508875
Модель 2: исходные + синтетические,11556,54400.0,79287.41644500534
Модель 2: исходные + синтетические,6384,114800.0,149069.27606520717
Модель 2: исходные + синтетические,16527,171200.0,134006.60803970997
Модель 2: исходные + синтетические,5028,104000.0,99409.89223197436
Модель 2: исходные + синтетические,11326,274500.0,216297.24425068026
Модель 2: исходные + синтетические,4722,161200.0,233457.6994294368
Модель 2: исходные + синтетические,9676,57100.0,61418.10393733762
Модель 2: исходные + синтетические,7930,380800.0,350189.4908099138
Модель 2: исходные + синтетические,14323,180900.0,209084.6231886367
Модель 2: исходные + синтетические,2785,129200.0,185125.21474662639
Модель 2: исходные + синтетические,5523,156500.0,140251.67548594114
Модель 2: исходные + синтетические,1488,92400.0,168940.25983343323
Модель 2: исходные + синтетические,8763,120800.0,180599.61278362613
Модель 2: исходные + синтетические,3325,102500.0,139334.89023504284
Модель 2: исходные + синтетические,10242,91500.0,60086.734561999896
Модель 2: исходные + синтетические,12061,87600.0,67445.03729754135
Модель 2: исходные + синтетические,12513,73500.0,73681.14871596254
Модель 2: исходные + синтетические,7163,300000.0,276036.7269805767
Модель 2: исходные + синтетические,3908,500001.0,315722.79123317054
Модель 2: исходные + синтетические,7636,333300.0,162338.0641841834
Модель 2: исходные + синтетические,2960,445600.0,300724.1000506819
Модель 2: исходные + синтетические,8828,500001.0,449228.5627608622
Модель 2: исходные + синтетические,8812,350000.0,298023.52236671373
Модель 2: исходные + синтетические,10985,196300.0,174537.39551039532
Модель 2: исходные + синтетические,10762,174200.0,197856.86784757357
Модель 2: исходные + синтетические,12745,82100.0,118747.15988531026
Модель 2: исходные + синтетические,9191,50000.0,88637.13853384086
Модель 2: исходные + синтетические,1523,196000.0,165560.3655837783
Модель 2: исходные + синтетические,750,278000.0,257016.0764352238
Модель 2: исходные + синтетические,6564,219200.0,216745.82103981596
Модель 2: исходные + синтетические,8993,104600.0,176105.64831710473
Модель 2: исходные + синтетические,10505,91900.0,89036.72176828232
Модель 2: исходные + синтетические,1971,151900.0,176511.44903932937
Модель 2: исходные + синтетические,3124,500001.0,436011.88523738796
Модель 2: исходные + синтетические,9348,186200.0,212527.74381168614
Модель 2: исходные + синтетические,1800,393500.0,261797.38418675846
Модель 2: исходные + синтетические,9093,55500.0,140111.6344535174
Модель 2: исходные + синтетические,14805,155700.0,244786.38222164923
Модель 2: исходные + синтетические,15296,126900.0,243332.44861658526
Модель 2: исходные + синтетические,14082,189600.0,231744.14249311417
Модель 2: исходные + синтетические,7853,154300.0,206393.60907884268
Модель 2: исходные + синтетические,12138,109300.0,149258.66518175812
Модель 2: исходные + синтетические,1832,85700.0,126802.68559801143
Модель 2: исходные + синтетические,14515,334000.0,284530.6365686767
Модель 2: исходные + синтетические,2929,374000.0,355118.0992067314
Модель 2: исходные + синтетические,13745,373400.0,295132.33357912593
Модель 2: исходные + синтетические,3001,487200.0,487917.46161583223
Модель 2: исходные + синтетические,5593,181300.0,201916.80763490687
Модель 2: исходные + синтетические,5315,398100.0,282549.33529011044
Модель 2: исходные + синтетические,2541,293200.0,290215.5040218245
Модель 2: исходные + синтетические,4233,401000.0,326953.46769325115
Модель 2: исходные + синтетические,3562,204200.0,231744.7902986888
Модель 2: исходные + синтетические,15400,149700.0,208256.39688182375
Модель 2: исходные + синтетические,10993,189200.0,182657.21497118156
Модель 2: исходные + синтетические,14017,238600.0,319703.7389805359
Модель 2: исходные + синтетические,6717,128600.0,193473.08294479808
Модель 2: исходные + синтетические,8168,324000.0,261366.84779988072
Модель 2: исходные + синтетические,11891,116100.0,117070.94162261394
Модель 2: исходные + синтетические,10030,100800.0,197073.6301598048
Модель 2: исходные + синтетические,10295,52500.0,96495.76906613699
Модель 2: исходные + синтетические,14433,150800.0,192851.30119010445
Модель 2: исходные + синтетические,16261,500001.0,355713.2959405659
Модель 2: исходные + синтетические,15983,500001.0,413427.7933887359
Модель 2: исходные + синтетические,13202,441000.0,384011.1274556071
Модель 2: исходные + синтетические,12373,74300.0,108683.34658531926
Модель 2: исходные + синтетические,12972,78100.0,54783.70029781027
Модель 2: исходные + синтетические,7261,500001.0,274264.22332537343
Модель 2: исходные + синтетические,11102,217500.0,178471.87635852548
Модель 2: исходные + синтетические,15650,81300.0,130956.07495648107
Модель 2: исходные + синтетические,10741,49500.0,71879.27459525339
Модель 2: исходные + синтетические,6635,110000.0,183519.50946025897
Модель 2: исходные + синтетические,4516,294900.0,335582.4566000456
Модель 2: исходные + синтетические,14424,500001.0,405423.04572259245
Модель 2: исходные + синтетические,5003,218900.0,257458.30910908536
Модель 2: исходные + синтетические,16009,488900.0,266991.6605385709
Модель 2: исходные + синтетические,5427,149200.0,135741.93110732667
Модель 2: исходные + синтетические,15761,500001.0,253557.40354093793
Модель 2: исходные + синтетические,7131,210300.0,244889.07642369397
Модель 2: исходные + синтетические,5035,148500.0,156963.23561577118
Модель 2: исходные + синтетические,6277,100800.0,129406.14583658549
Модель 2: исходные + синтетические,12575,213500.0,198339.48344217127
Модель 2: исходные + синтетические,817,281600.0,247512.80964880044
Модель 2: исходные + синтетические,14658,161300.0,216697.40384679948
Модель 2: исходные + синтетические,11814,109400.0,125370.41286995872
Модель 2: исходные + синтетические,15637,104200.0,132887.9969924173
Модель 2: исходные + синтетические,6773,332800.0,280456.8141354523
Модель 2: исходные + синтетические,1079,122700.0,165506.9278829823
Модель 2: исходные + синтетические,16752,62000.0,36305.71951789525
Модель 2: исходные + синтетические,11883,94400.0,163918.96042574145
Модель 2: исходные + синтетические,11282,241100.0,250123.47716272424
Модель 2: исходные + синтетические,11801,114300.0,156200.1580151928
Модель 2: исходные + синтетические,9216,69900.0,199097.82318071296
Модель 2: исходные + синтетические,4192,160900.0,190833.06767294646
Модель 2: исходные + синтетические,2697,314000.0,377851.17373634776
Модель 2: исходные + синтетические,9394,281100.0,303301.4959310375
Модель 2: исходные + синтетические,4842,247300.0,298471.165075235
Модель 2: исходные + синтетические,9486,37500.0,137229.62603539228
Модель 2: исходные + синтетические,9331,195100.0,226537.80205477832
Модель 2: исходные + синтетические,905,86200.0,126655.90148630399
Модель 2: исходные + синтетические,11931,139300.0,172934.20509728827
Модель 2: исходные + синтетические,11115,80900.0,107863.86088108634
Модель 2: исходные + синтетические,12090,101300.0,141226.33199213442
Модель 2: исходные + синтетические,16544,202700.0,183398.59932350973
Модель 2: исходные + синтетические,3527,180700.0,176007.03684994532
Модель 2: исходные + синтетические,6712,123200.0,184439.14468827195
Модель 2: исходные + синтетические,13231,295200.0,280357.5071045712
Модель 2: исходные + синтетические,11198,154900.0,11170.37210330644
Модель 2: исходные + синтетические,9317,234800.0,307733.8379703215
Модель 2: исходные + синтетические,808,142300.0,177165.80818994305
Модель 2: исходные + синтетические,16718,174000.0,182379.96419890434
Модель 2: исходные + синтетические,1887,98600.0,139139.11335489334
Модель 2: исходные + синтетические,9381,199500.0,247063.2963824693
Модель 2: исходные + синтетические,4269,279700.0,235276.4479741228
Модель 2: исходные + синтетические,3786,161200.0,161984.62810416854
Модель 2: исходные + синтетические,13121,247000.0,272337.4200371091
Модель 2: исходные + синтетические,15080,289400.0,284584.9832009047
Модель 2: исходные + синтетические,6829,147900.0,162121.60688873695
Модель 2: исходные + синтетические,7858,186300.0,204932.0265534062
Модель 2: исходные + синтетические,14235,340000.0,286492.52604539105
Модель 2: исходные + синтетические,3816,199200.0,244307.08960003575
Модель 2: исходные + синтетические,16280,297800.0,300026.94111083006
Модель 2: исходные + синтетические,10202,74500.0,126594.16053281788
Модель 2: исходные + синтетические,5018,231600.0,283029.0021565874
Модель 2: исходные + синтетические,11266,187500.0,121168.67102241126
Модель 2: исходные + синтетические,16868,77100.0,108076.27763766008
Модель 2: исходные + синтетические,4925,226200.0,261337.22719796377
Модель 2: исходные + синтетические,10714,102100.0,131810.7195073963
Модель 2: исходные + синтетические,97,64400.0,89336.56305106592
Модель 2: исходные + синтетические,8304,440100.0,312619.9179396077
Модель 2: исходные + синтетические,10593,72300.0,102339.11593131529
Модель 2: исходные + синтетические,13878,166700.0,169727.71530214167
Модель 2: исходные + синтетические,4517,338800.0,315500.3132025928
Модель 2: исходные + синтетические,14951,80600.0,98103.09797577106
Модель 2: исходные + синтетические,7476,366100.0,270377.5823089092
Модель 2: исходные + синтетические,12993,188100.0,234687.90329132887
Модель 2: исходные + синтетические,5691,162500.0,236771.6797990478
Модель 2: исходные + синтетические,11929,86000.0,90006.94745172962
Модель 2: исходные + синтетические,12983,367900.0,325183.28684085456
Модель 2: исходные + синтетические,11275,102200.0,122403.69004850021
Модель 2: исходные + синтетические,484,162300.0,235659.51087545612
Модель 2: исходные + синтетические,3725,241700.0,244067.54441083173
Модель 2: исходные + синтетические,6854,120000.0,203087.89590019162
Модель 2: исходные + синтетические,7300,296800.0,234764.36359408934
Модель 2: исходные + синтетические,13820,216400.0,258205.52178453057
Модель 2: исходные + синтетические,3496,267600.0,271699.0344768702
Модель 2: исходные + синтетические,8418,480100.0,329439.1379832832
Модель 2: исходные + синтетические,3161,187600.0,203670.7995858641
Модель 2: исходные + синтетические,15848,500001.0,361293.14017517853
Модель 2: исходные + синтетические,2241,73400.0,40489.142327083944
Модель 2: исходные + синтетические,1640,263800.0,246433.28501419743
Модель 2: исходные + синтетические,15077,430300.0,323234.03820746596
Модель 2: исходные + синтетические,4728,158000.0,199111.7438608328
Модель 2: исходные + синтетические,3977,196300.0,160995.69229739901
Модель 2: исходные + синтетические,4107,218100.0,267538.22871290427
Модель 2: исходные + синтетические,1315,73800.0,64912.456089341285
Модель 2: исходные + синтетические,10595,223100.0,323353.8742095283
Модель 2: исходные + синтетические,13827,178200.0,226225.6030792705
Модель 2: исходные + синтетические,15969,342300.0,282253.1818716313
Модель 2: исходные + синтетические,5947,155000.0,178327.2446551221
Модель 2: исходные + синтетические,14723,164400.0,259777.76650196087
Модель 2: исходные + синтетические,8128,341800.0,294436.0445403289
Модель 2: исходные + синтетические,3742,189900.0,183172.12544252916
Модель 2: исходные + синтетические,16541,194300.0,171418.1241931215
Модель 2: исходные + синтетические,5796,142600.0,135651.30293945214
Модель 2: исходные + синтетические,8880,404700.0,350024.2490830838
Модель 2: исходные + синтетические,11199,117100.0,82478.65992986523
Модель 2: исходные + синтетические,2116,122500.0,133393.83992363303
Модель 2: исходные + синтетические,15199,210200.0,230956.7112552672
Модель 2: исходные + синтетические,3308,297100.0,143839.91520117983
Модель 2: исходные + синтетические,16304,349200.0,326982.58407853823
Модель 2: исходные + синтетические,10204,72500.0,117341.04056754662
Модель 2: исходные + синтетические,2923,263700.0,271764.79893556924
Модель 2: исходные + синтетические,5998,160700.0,180574.48183405038
Модель 2: исходные + синтетические,8581,500001.0,259138.48896864947
Модель 2: исходные + синтетические,1740,296200.0,292062.53662004694
Модель 2: исходные + синтетические,3114,223000.0,247720.82979558123
Модель 2: исходные + синтетические,61,70700.0,88593.94954517773
Модель 2: исходные + синтетические,6792,500001.0,354217.1084836347
Модель 2: исходные + синтетические,9180,78000.0,90168.10629582884
Модель 2: исходные + синтетические,13945,255400.0,222853.68645698123
Модель 2: исходные + синтетические,13225,263600.0,287349.5982072877
Модель 2: исходные + синтетические,12864,219400.0,257688.76934446834
Модель 2: исходные + синтетические,12028,105200.0,137984.75534482213
Модель 2: исходные + синтетические,7794,500001.0,354585.5126096265
Модель 2: исходные + синтетические,128,62800.0,125439.66154822065
Модель 2: исходные + синтетические,6492,95800.0,157363.8065170056
Модель 2: исходные + синтетические,3101,454300.0,443077.915234284
Модель 2: исходные + синтетические,11615,119400.0,121263.91589052643
Модель 2: исходные + синтетические,1954,115700.0,165229.57437487607
Модель 2: исходные + синтетические,13354,300000.0,202313.72360889116
Модель 2: исходные + синтетические,11379,92300.0,22148.728269029954
Модель 2: исходные + синтетические,16163,366700.0,279932.8147025694
Модель 2: исходные + синтетические,2562,145600.0,199963.94144106665
Модель 2: исходные + синтетические,10997,153800.0,97830.51002536253
Модель 2: исходные + синтетические,2577,251900.0,287646.38679080806
Модель 2: исходные + синтетические,6030,112500.0,479093.29078646115
Модель 2: исходные + синтетические,2423,245200.0,192752.45982527552
Модель 2: исходные + синтетические,8695,500001.0,361239.66138226015
Модель 2: исходные + синтетические,12209,107900.0,89468.63635721724
Модель 2: исходные + синтетические,14492,194100.0,228434.56609617942
Модель 2: исходные + синтетические,6395,95000.0,131943.63725597388
Модель 2: исходные + синтетические,8198,178200.0,193292.9191159182
Модель 2: исходные + синтетические,1995,129300.0,203723.60803399884
Модель 2: исходные + синтетические,5793,160400.0,174449.3908307582
Модель 2: исходные + синтетические,1292,158900.0,118111.16729999935
Модель 2: исходные + синтетические,12731,174600.0,202660.7470789408
Модель 2: исходные + синтетические,5099,188000.0,202330.98771862182
Модель 2: исходные + синтетические,1955,133800.0,180171.218623628
Модель 2: исходные + синтетические,6963,105800.0,124947.03154001398
Модель 2: исходные + синтетические,9698,97400.0,98678.29349283795
Модель 2: исходные + синтетические,15305,112500.0,169307.50479357663
Модель 2: исходные + синтетические,12471,154400.0,177771.93781472018
Модель 2: исходные + синтетические,13247,225800.0,241549.85359223658
Модель 2: исходные + синтетические,15689,81300.0,33343.56045216324
Модель 2: исходные + синтетические,8263,152000.0,195010.7408702319
Модель 2: исходные + синтетические,8556,301700.0,311263.6555393653
Модель 2: исходные + синтетические,10841,68900.0,70226.95135409693
Модель 2: исходные + синтетические,13681,339600.0,302626.96435095253
Модель 2: исходные + синтетические,12949,182200.0,91979.8740355837
Модель 2: исходные + синтетические,5246,225000.0,372273.24105143244
Модель 2: исходные + синтетические,10416,87500.0,156914.32368752823
Модель 2: исходные + синтетические,2525,108300.0,156225.15898289354
Модель 2: исходные + синтетические,229,90900.0,93820.1637650402
Модель 2: исходные + синтетические,2913,109800.0,158915.53613499674
Модель 2: исходные + синтетические,382,119000.0,178155.9452977623
Модель 2: исходные + синтетические,10748,258900.0,270913.20197878557
Модель 2: исходные + синтетические,3931,158100.0,222215.32049676936
Модель 2: исходные + синтетические,9042,46800.0,85717.42752900084
Модель 2: исходные + синтетические,9073,90400.0,210941.0612581187
Модель 2: исходные + синтетические,13127,225900.0,252886.41131038358
Модель 2: исходные + синтетические,9426,500001.0,360333.69214673986
Модель 2: исходные + синтетические,14876,114800.0,183094.86573898932
Модель 2: исходные + синтетические,16430,320100.0,298379.84770379594
Модель 2: исходные + синтетические,12599,225000.0,91358.43489970178
Модель 2: исходные + синтетические,11725,135700.0,139716.55624804442
Модель 2: исходные + синтетические,6327,113100.0,166747.66753092245
Модель 2: исходные + синтетические,11595,110700.0,127618.92761705264
Модель 2: исходные + синтетические,13171,331600.0,305086.3043903152
Модель 2: исходные + синтетические,4084,160300.0,204889.29341389713
Модель 2: исходные + синтетические,14435,426100.0,459601.78407334076
Модель 2: исходные + синтетические,3159,115100.0,113452.74757820615
Модель 2: исходные + синтетические,7530,170800.0,234729.6310215925
Модель 2: исходные + синтетические,4053,183900.0,208134.25192614712
Модель 2: исходные + синтетические,13715,179000.0,201647.76077518435
Модель 2: исходные + синтетические,2788,222100.0,192554.00444602844
Модель 2: исходные + синтетические,7374,288900.0,180694.0969215499
Модель 2: исходные + синтетические,16349,336700.0,253401.26732125948
Модель 2: исходные + синтетические,2329,125000.0,125588.61347085466
Модель 2: исходные + синтетические,6011,274600.0,295165.3865393959
Модель 2: исходные + синтетические,6926,218200.0,187045.72764166864
Модель 2: исходные + синтетические,5516,354700.0,249344.67712158023
Модель 2: исходные + синтетические,7891,500001.0,448427.43771476863
Модель 2: исходные + синтетические,5252,231000.0,200267.0680825838
Модель 2: исходные + синтетические,8580,228100.0,213373.47469109157
Модель 2: исходные + синтетические,6744,145200.0,202984.44986464558
Модель 2: исходные + синтетические,4464,445200.0,255420.54747937972
Модель 2: исходные + синтетические,16196,319200.0,235869.16501070507
Модель 2: исходные + синтетические,8618,230400.0,218171.65669797803
Модель 2: исходные + синтетические,14513,500001.0,498937.640293954
Модель 2: исходные + синтетические,16841,76900.0,189037.66961061684
Модель 2: исходные + синтетические,10450,200000.0,37063.38477499378
Модель 2: исходные + синтетические,11743,105300.0,105636.46487137032
Модель 2: исходные + синтетические,8775,210100.0,234591.47570468433
Модель 2: исходные + синтетические,308,147800.0,307116.18181368633
Модель 2: исходные + синтетические,2168,216600.0,323703.101519172
Модель 2: исходные + синтетические,4093,333500.0,286717.66257275484
Модель 2: исходные + синтетические,15765,375000.0,262858.4575112579
Модель 2: исходные + синтетические,4349,226000.0,112980.17546628871
Модель 2: исходные + синтетические,2312,121400.0,165774.73704634412
Модель 2: исходные + синтетические,14090,186500.0,293345.6727202157
Модель 2: исходные + синтетические,10391,137900.0,176625.39057647804
Модель 2: исходные + синтетические,11002,290500.0,272826.06824174273
Модель 2: исходные + синтетические,1974,122200.0,169646.95259995217
Модель 2: исходные + синтетические,10002,69100.0,127652.1800286606
Модель 2: исходные + синтетические,10124,66900.0,93252.09321324519
Модель 2: исходные + синтетические,13763,131300.0,191230.2157237676
Модель 2: исходные + синтетические,15433,391000.0,304028.9171429887
Модель 2: исходные + синтетические,12970,362500.0,216247.1084819617
Модель 2: исходные + синтетические,11220,169400.0,96625.78751078989
Модель 2: исходные + синтетические,2696,500001.0,632873.921395708
Модель 2: исходные + синтетические,10718,328800.0,361243.0524742791
Модель 2: исходные + синтетические,15565,133400.0,197067.929530255
Модель 2: исходные + синтетические,10099,57100.0,125806.43467293991
Модель 2: исходные + синтетические,1764,385300.0,286623.2395977981
Модель 2: исходные + синтетические,14295,359000.0,309704.17315165745
Модель 2: исходные + синтетические,9503,101900.0,182680.04393745863
Модель 2: исходные + синтетические,6657,287500.0,186119.18983716634
Модель 2: исходные + синтетические,11157,68000.0,121877.55254542005
Модель 2: исходные + синтетические,6495,101500.0,131922.22791308397
Модель 2: исходные + синтетические,1560,113700.0,140048.63785871837
Модель 2: исходные + синтетические,10334,117300.0,74800.84213757596
Модель 2: исходные + синтетические,5659,131900.0,173867.0319670131
Модель 2: исходные + синтетические,5363,204300.0,204778.26986059416
Модель 2: исходные + синтетические,4235,203700.0,268303.0514947452
Модель 2: исходные + синтетические,12899,183800.0,197478.6423119343
Модель 2: исходные + синтетические,10511,149800.0,251610.63864136103
Модель 2: исходные + синтетические,5631,145800.0,172937.53239645556
Модель 2: исходные + синтетические,12360,178900.0,174054.38948569266
Модель 2: исходные + синтетические,1242,171200.0,216012.35707177155
Модель 2: исходные + синтетические,35,107800.0,108841.63310062519
Модель 2: исходные + синтетические,7931,430000.0,335241.5523562127
Модель 2: исходные + синтетические,6259,217800.0,194514.16634551476
Модель 2: исходные + синтетические,4341,307400.0,205985.79751715728
Модель 2: исходные + синтетические,736,136900.0,202551.3613137386
Модель 2: исходные + синтетические,1202,185300.0,248200.765162014
Модель 2: исходные + синтетические,2673,142500.0,175117.86409084965
Модель 2: исходные + синтетические,7108,118600.0,154751.09790766833
Модель 2: исходные + синтетические,6770,254300.0,236074.90218781016
Модель 2: исходные + синтетические,3894,201200.0,213214.2389938026
Модель 2: исходные + синтетические,14702,73600.0,105403.01443751967
Модель 2: исходные + синтетические,8742,178800.0,195783.4762339819
Модель 2: исходные + синтетические,5542,125500.0,142331.61553479385
Модель 2: исходные + синтетические,2752,150000.0,115937.13817608349
Модель 2: исходные + синтетические,9294,156300.0,114122.63519699236
Модель 2: исходные + синтетические,3331,155500.0,237988.13620420432
Модель 2: исходные + синтетические,6718,105800.0,157562.95629209813
Модель 2: исходные + синтетические,3219,225000.0,248302.12979912283
Модель 2: исходные + синтетические,11249,78100.0,13599.282804462191
Модель 2: исходные + синтетические,4465,500001.0,261989.88656395
Модель 2: исходные + синтетические,11730,326700.0,245256.15528158148
Модель 2: исходные + синтетические,14527,245400.0,228961.68399452537
Модель 2: исходные + синтетические,1697,298600.0,241472.20247040258
Модель 2: исходные + синтетические,10563,129300.0,206552.15621535075
Модель 2: исходные + синтетические,11759,162500.0,56118.11124684239
Модель 2: исходные + синтетические,4892,156700.0,189937.6292507434
Модель 2: исходные + синтетические,950,169700.0,190091.86393662912
Модель 2: исходные + синтетические,5387,184200.0,238585.73986489413
Модель 2: исходные + синтетические,4871,238300.0,223388.61119230374
Модель 2: исходные + синтетические,11192,92700.0,85638.93614218339
Модель 2: исходные + синтетические,14164,244300.0,296728.323481573
Модель 2: исходные + синтетические,5279,302000.0,269541.69320908864
Модель 2: исходные + синтетические,9714,69700.0,115417.29125022926
Модель 2: исходные + синтетические,10166,274300.0,259150.39624849538
Модель 2: исходные + синтетические,2371,182900.0,172392.81377291284
Модель 2: исходные + синтетические,15656,350000.0,276001.5862419299
Модель 2: исходные + синтетические,3047,223400.0,213381.6252617862
Модель 2: исходные + синтетические,9160,67900.0,151978.16883074524
Модель 2: исходные + синтетические,16716,78800.0,138643.96864660634
Модель 2: исходные + синтетические,970,108300.0,159927.95386456157
Модель 2: исходные + синтетические,4749,236500.0,181257.1851224269
Модель 2: исходные + синтетические,15125,257400.0,252904.2767017918
Модель 2: исходные + синтетические,7899,344300.0,267696.59969856293
Модель 2: исходные + синтетические,10001,92500.0,161589.73948242134
Модель 2: исходные + синтетические,6506,86400.0,117083.03597823327
Модель 2: исходные + синтетические,12532,222500.0,220444.33293982488
Модель 2: исходные + синтетические,16086,251500.0,265667.95236090187
Модель 2: исходные + синтетические,9713,55200.0,51517.091169908526
Модель 2: исходные + синтетические,558,178100.0,206650.6711476547
Модель 2: исходные + синтетические,5558,165500.0,226379.19214710407
Модель 2: исходные + синтетические,4035,161700.0,194383.0161737648
Модель 2: исходные + синтетические,12646,156000.0,205746.98589547598
Модель 2: исходные + синтетические,8870,222100.0,264172.7015598505
Модель 2: исходные + синтетические,7866,312700.0,235303.7067125507
Модель 2: исходные + синтетические,15835,500001.0,293586.10811217857
Модель 2: исходные + синтетические,11537,149000.0,131576.65156401784
Модель 2: исходные + синтетические,4785,210400.0,202118.6447765461
Модель 2: исходные + синтетические,1281,64800.0,69889.51268854529
Модель 2: исходные + синтетические,6480,225000.0,242006.7282317328
Модель 2: исходные + синтетические,3334,275000.0,250686.59704546037
Модель 2: исходные + синтетические,12876,420000.0,215109.96233285754
Модель 2: исходные + синтетические,7779,192000.0,195597.77866705894
Модель 2: исходные + синтетические,12312,209800.0,270541.51983339794
Модель 2: исходные + синтетические,11719,82100.0,61662.3817076013
Модель 2: исходные + синтетические,10179,81300.0,89746.81500380758
Модель 2: исходные + синтетические,14860,270100.0,256145.74675388928
Модель 2: исходные + синтетические,3721,137500.0,165017.83031259282
Модель 2: исходные + синтетические,1591,345700.0,385304.28943859757
Модель 2: исходные + синтетические,16980,67000.0,119156.78497601699
Модель 2: исходные + синтетические,891,222800.0,245196.27236664723
Модель 2: исходные + синтетические,8762,137200.0,151181.55682323757
Модель 2: исходные + синтетические,15706,181300.0,194370.0299695642
Модель 2: исходные + синтетические,8766,285200.0,256524.25611257993
Модель 2: исходные + синтетические,7,48500.0,-48407.113936288995
Модель 2: исходные + синтетические,16442,285600.0,316299.8879101284
Модель 2: исходные + синтетические,16069,500001.0,348033.3319376035
Модель 2: исходные + синтетические,5749,147800.0,166633.0414890373
Модель 2: исходные + синтетические,15486,174200.0,276576.7836439365
Модель 2: исходные + синтетические,13053,278500.0,282130.85109517083
Модель 2: исходные + синтетические,16314,295600.0,266974.4875503119
Модель 2: исходные + синтетические,1562,109200.0,103470.2497903437
Модель 2: исходные + синтетические,10262,103600.0,72841.58098239684
Модель 2: исходные + синтетические,13922,252400.0,279202.4606106205
Модель 2: исходные + синтетические,6179,257700.0,209110.22768493465
Модель 2: исходные + синтетические,9144,76000.0,135845.59462130358
Модель 2: исходные + синтетические,4051,162200.0,159107.9254380558
Модель 2: исходные + синтетические,12215,106300.0,89690.35358854549
Модель 2: исходные + синтетические,7107,119800.0,178975.6131970505
Модель 2: исходные + синтетические,12093,72100.0,124504.95653061081
Модель 2: исходные + синтетические,7538,226800.0,239306.14350042265
Модель 2: исходные + синтетические,7489,383300.0,186324.21508435096
Модель 2: исходные + синтетические,4513,241000.0,265496.2765479344
Модель 2: исходные + синтетические,14939,306300.0,318487.3008258477
Модель 2: исходные + синтетические,15343,288200.0,300487.605504364
Модель 2: исходные + синтетические,16886,110400.0,187316.39988357396
Модель 2: исходные + синтетические,11576,143200.0,134373.7608272894
Модель 2: исходные + синтетические,3038,325500.0,301879.93074319605
Модель 2: исходные + синтетические,3834,273800.0,264816.4625063328
Модель 2: исходные + синтетические,5725,137500.0,136000.66773139595
Модель 2: исходные + синтетические,707,180400.0,203291.46085557799
Модель 2: исходные + синтетические,7478,500001.0,414841.7479269885
Модель 2: исходные + синтетические,3063,233500.0,255967.71647679823
Модель 2: исходные + синтетические,11698,175000.0,80348.42542422566
Модель 2: исходные + синтетические,328,166700.0,156203.40902690808
Модель 2: исходные + синтетические,4393,331900.0,289207.7700155933
Модель 2: исходные + синтетические,7935,203400.0,240974.4246308842
Модель 2: исходные + синтетические,5084,323800.0,270506.7598490802
Модель 2: исходные + синтетические,15334,162500.0,152997.5206766206
Модель 2: исходные + синтетические,15585,464600.0,371442.740220016
Модель 2: исходные + синтетические,6114,136100.0,183645.39679898447
Модель 2: исходные + синтетические,5820,171300.0,239794.99260577137
Модель 2: исходные + синтетические,16757,79600.0,51197.551720090385
Модель 2: исходные + синтетические,15224,97500.0,146695.30176639903
Модель 2: исходные + синтетические,16289,433300.0,238882.39344043328
Модель 2: исходные + синтетические,3289,173300.0,204964.76482615157
Модель 2: исходные + синтетические,11153,81800.0,80825.32216767712
Модель 2: исходные + синтетические,7719,500001.0,342193.0303848758
Модель 2: исходные + синтетические,6551,358000.0,289171.95286238275
Модель 2: исходные + синтетические,13065,194500.0,224736.81890108358
Модель 2: исходные + синтетические,12614,57600.0,51125.40942439835
Модель 2: исходные + синтетические,8313,420800.0,319967.41067042097
Модель 2: исходные + синтетические,16096,344600.0,336563.0137159399
Модель 2: исходные + синтетические,14613,438000.0,342936.1078630369
Модель 2: исходные + синтетические,8892,53900.0,91676.76333499959
Модель 2: исходные + синтетические,6159,254200.0,310013.04278540163
Модель 2: исходные + синтетические,11184,201700.0,78905.29189086256
Модель 2: исходные + синтетические,671,225600.0,216707.47751088787
Модель 2: исходные + синтетические,8566,262500.0,244453.85823387955
Модель 2: исходные + синтетические,2412,158900.0,193004.51256323874
Модель 2: исходные + синтетические,3954,189200.0,211292.00643011509
Модель 2: исходные + синтетические,14117,380800.0,334471.3321727825
Модель 2: исходные + синтетические,3844,150800.0,160569.58244094194
Модель 2: исходные + синтетические,9437,139200.0,130233.5144527874
Модель 2: исходные + синтетические,5842,143800.0,142236.2938590086
Модель 2: исходные + синтетические,447,73200.0,86804.11263801005
Модель 2: исходные + синтетические,5221,439300.0,300195.32972578733
Модель 2: исходные + синтетические,1037,110600.0,154287.82876204135
Модель 2: исходные + синтетические,11418,89200.0,124994.2424473501
Модель 2: исходные + синтетические,6476,275000.0,255551.2767551274
Модель 2: исходные + синтетические,201,74400.0,144240.28837454366
Модель 2: исходные + синтетические,5737,146900.0,169570.95861689394
Модель 2: исходные + синтетические,11183,144300.0,83105.80042154583
Модель 2: исходные + синтетические,16282,317700.0,283153.7640301258
Модель 2: исходные + синтетические,10720,69100.0,113641.38262497971
Модель 2: исходные + синтетические,16688,293900.0,260149.05486137062
Модель 2: исходные + синтетические,3632,195500.0,179423.20965859096
Модель 2: исходные + синтетические,1631,406300.0,388333.6664418108
Модель 2: исходные + синтетические,16283,315200.0,295472.9950567825
Модель 2: исходные + синтетические,13926,500001.0,317434.7747506779
Модель 2: исходные + синтетические,2634,189600.0,210548.6830774194
Модель 2: исходные + синтетические,13183,459200.0,387716.1283716079
Модель 2: исходные + синтетические,15639,374200.0,328621.05808315193
Модель 2: исходные + синтетические,16546,220300.0,206652.23333083955
Модель 2: исходные + синтетические,14144,295200.0,272347.4511897612
Модель 2: исходные + синтетические,15023,103100.0,192005.11260051458
Модель 2: исходные + синтетические,224,104200.0,103284.01520845674
Модель 2: исходные + синтетические,10641,87500.0,223535.5316027827
Модель 2: исходные + синтетические,2941,353100.0,330992.79036936053
Модель 2: исходные + синтетические,10912,193800.0,149145.65398872632
Модель 2: исходные + синтетические,1123,238300.0,256296.5401849595
Модель 2: исходные + синтетические,973,100000.0,140307.12615556456
Модель 2: исходные + синтетические,27,80900.0,36684.319893856016
Модель 2: исходные + синтетические,14339,276000.0,229703.4565964784
Модель 2: исходные + синтетические,7244,223100.0,194929.64918391107
Модель 2: исходные + синтетические,5674,371700.0,251304.04995420386
Модель 2: исходные + синтетические,13911,164900.0,209439.5134549178
Модель 2: исходные + синтетические,7436,264500.0,233838.93791016584
Модель 2: исходные + синтетические,13710,192300.0,265081.2250471085
Модель 2: исходные + синтетические,4022,441900.0,335024.3352543927
Модель 2: исходные + синтетические,8448,197400.0,196755.97488566666
Модель 2: исходные + синтетические,11768,158500.0,169410.38674150547
Модель 2: исходные + синтетические,6035,155000.0,200447.52059371883
Модель 2: исходные + синтетические,403,95300.0,122639.8073319556
Модель 2: исходные + синтетические,15627,107800.0,159285.47178088996
Модель 2: исходные + синтетические,11215,187200.0,93444.26222488451
Модель 2: исходные + синтетические,8881,399200.0,368508.8208505111
Модель 2: исходные + синтетические,1258,129200.0,222288.89753484653
Модель 2: исходные + синтетические,7367,225000.0,357704.40810159605
Модель 2: исходные + синтетические,16513,57500.0,1840.5728507591648
Модель 2: исходные + синтетические,9759,124100.0,67428.72630722314
Модель 2: исходные + синтетические,3876,217800.0,237390.05928518838
Модель 2: исходные + синтетические,12139,95900.0,146067.05722410008
Модель 2: исходные + синтетические,3505,187100.0,226613.5060241435
Модель 2: исходные + синтетические,2250,88600.0,92630.53874756178
Модель 2: исходные + синтетические,360,159500.0,208270.4453425617
Модель 2: исходные + синтетические,7733,222100.0,194547.35938907426
Модель 2: исходные + синтетические,13814,229400.0,225207.85764107193
Модель 2: исходные + синтетические,15290,93800.0,188213.9400060737
Модель 2: исходные + синтетические,10027,45300.0,57345.51541091313
Модель 2: исходные + синтетические,15318,438000.0,298456.93566015223
Модель 2: исходные + синтетические,13194,136000.0,197671.5960211131
Модель 2: исходные + синтетические,8923,139700.0,109265.87392249196
Модель 2: исходные + синтетические,11430,158300.0,200672.02379873648
Модель 2: исходные + синтетические,4636,251200.0,208732.44318872906
Модель 2: исходные + синтетические,13045,147000.0,96196.64745960155
Модель 2: исходные + синтетические,10055,44100.0,65602.39759776912
Модель 2: исходные + синтетические,15785,325000.0,205434.07673834718
Модель 2: исходные + синтетические,327,140000.0,84076.16776640591
Модель 2: исходные + синтетические,704,228600.0,264184.9867421385
Модель 2: исходные + синтетические,8079,365900.0,308093.44585189054
Модель 2: исходные + синтетические,1937,500001.0,361031.1275976937
Модель 2: исходные + синтетические,13819,388500.0,228599.8328257973
Модель 2: исходные + синтетические,16083,228900.0,197825.03047922533
Модель 2: исходные + синтетические,2698,500001.0,448247.61545371084
Модель 2: исходные + синтетические,16020,316200.0,347338.01757599326
Модель 2: исходные + синтетические,10738,104000.0,75470.05166621815
Модель 2: исходные + синтетические,3710,202800.0,168789.34155389544
Модель 2: исходные + синтетические,8819,204600.0,245094.09607613727
Модель 2: исходные + синтетические,15256,83100.0,54350.940110618234
Модель 2: исходные + синтетические,15456,212200.0,254179.5664567318
Модель 2: исходные + синтетические,2800,144300.0,257007.6549923605
Модель 2: исходные + синтетические,79,69400.0,40316.805020150474
Модель 2: исходные + синтетические,5490,211000.0,204888.8496051935
Модель 2: исходные + синтетические,16949,103100.0,-19862.303591777534
Модель 2: исходные + синтетические,14153,210800.0,236356.843265488
Модель 2: исходные + синтетические,14762,311500.0,309258.5958340291
Модель 2: исходные + синтетические,7766,410300.0,411080.6244965338
Модель 2: исходные + синтетические,12805,105100.0,154862.10183970115
Модель 2: исходные + синтетические,14120,258300.0,320228.4246854436
Модель 2: исходные + синтетические,3185,230400.0,226260.35077386195
Модель 2: исходные + синтетические,3690,471300.0,288386.42620809685
Модель 2: исходные + синтетические,15921,287500.0,241186.40188187733
Модель 2: исходные + синтетические,7768,500001.0,406693.5671314738
Модель 2: исходные + синтетические,4678,228200.0,285451.89255857683
Модель 2: исходные + синтетические,5544,143800.0,152550.76719672815
Модель 2: исходные + синтетические,14529,198300.0,228620.0169687707
Модель 2: исходные + синтетические,9286,194100.0,181238.4512813464
Модель 2: исходные + синтетические,2430,190300.0,266311.2526374217
Модель 2: исходные + синтетические,15620,64800.0,58327.15794516707
Модель 2: исходные + синтетические,3537,192600.0,282829.74100915506
Модель 2: исходные + синтетические,4105,220700.0,230669.45547095084
Модель 2: исходные + синтетические,7066,450000.0,192492.1468768624
Модель 2: исходные + синтетические,5010,232800.0,231480.2035819525
Модель 2: исходные + синтетические,13659,282500.0,320659.9887802719
Модель 2: исходные + синтетические,13630,272600.0,303505.42460485996
Модель 2: исходные + синтетические,10050,45000.0,67301.27405396619
Модель 2: исходные + синтетические,958,118800.0,117751.98357114948
Модель 2: исходные + синтетические,10199,80200.0,124339.29552710206
Модель 2: исходные + синтетические,12380,57600.0,72985.14620356893
Модель 2: исходные + синтетические,6886,268300.0,278174.77270706865
Модель 2: исходные + синтетические,5510,140300.0,211232.4061043412
Модель 2: исходные + синтетические,3087,383900.0,439964.1068505416
Модель 2: исходные + синтетические,12940,126100.0,183365.05882740027
Модель 2: исходные + синтетические,7356,230400.0,212543.87354660156
Модель 2: исходные + синтетические,6529,200500.0,219860.35853292482
Модель 2: исходные + синтетические,8660,445400.0,380730.45312699367
Модель 2: исходные + синтетические,856,67500.0,149260.71637452397
Модель 2: исходные + синтетические,13028,177300.0,146239.71870190476
Модель 2: исходные + синтетические,14145,254900.0,287194.4329251871
Модель 2: исходные + синтетические,5411,207800.0,231376.02935658788
Модель 2: исходные + синтетические,5645,169400.0,153706.07751172883
Модель 2: исходные + синтетические,11953,243000.0,188923.33302348884
Модель 2: исходные + синтетические,13588,234600.0,243297.50383380536
Модель 2: исходные + синтетические,8040,359700.0,308214.6192416539
Модель 2: исходные + синтетические,10840,138500.0,69906.0453075427
Модель 2: исходные + синтетические,13702,173400.0,254634.65137311723
Модель 2: исходные + синтетические,6088,361000.0,244586.5533154514
Модель 2: исходные + синтетические,262,321900.0,130352.2947384348
Модель 2: исходные + синтетические,5024,346400.0,336781.1181901137
Модель 2: исходные + синтетические,9328,185600.0,232514.68671316112
Модель 2: исходные + синтетические,16753,166300.0,191428.37525851402
Модель 2: исходные + синтетические,9943,109400.0,172219.9471033435
Модель 2: исходные + синтетические,9535,47800.0,64688.90727075007
Модель 2: исходные + синтетические,14713,335200.0,390195.43328704586
Модель 2: исходные + синтетические,13024,174100.0,183907.90069791194
Модель 2: исходные + синтетические,8398,392500.0,267538.49354955106
Модель 2: исходные + синтетические,1394,90300.0,115217.13274278597
Модель 2: исходные + синтетические,14456,166700.0,265650.14618086355
Модель 2: исходные + синтетические,10355,61700.0,91292.27298987404
Модель 2: исходные + синтетические,12629,137500.0,83907.23689506961
Модель 2: исходные + синтетические,814,294100.0,259076.72127306796
Модель 2: исходные + синтетические,6307,95500.0,102352.727732651
Модель 2: исходные + синтетические,2489,176000.0,188724.9556139214
Модель 2: исходные + синтетические,13768,165500.0,195263.29789458652
Модель 2: исходные + синтетические,6912,349600.0,254219.7375780628
Модель 2: исходные + синтетические,16601,167200.0,209598.473711417
Модель 2: исходные + синтетические,14490,181700.0,228913.22431173953
Модель 2: исходные + синтетические,13387,120100.0,203589.65767885742
Модель 2: исходные + синтетические,3076,252800.0,236036.22060266038
Модель 2: исходные + синтетические,11060,110900.0,119938.05248377187
Модель 2: исходные + синтетические,6116,181300.0,206052.482874737
Модель 2: исходные + синтетические,11766,114500.0,154524.66809356274
Модель 2: исходные + синтетические,758,222000.0,255238.16589062396
Модель 2: исходные + синтетические,1579,190200.0,294840.6877153037
Модель 2: исходные + синтетические,11371,172100.0,194200.79780314508
Модель 2: исходные + синтетические,6983,111700.0,287738.2755692021
Модель 2: исходные + синтетические,10889,106500.0,123616.82782694102
Модель 2: исходные + синтетические,5860,166200.0,151363.4561993604
Модель 2: исходные + синтетические,16103,500001.0,325030.9255391399
Модель 2: исходные + синтетические,7523,195800.0,206504.95873207727
Модель 2: исходные + синтетические,7676,339000.0,349331.4087048368
Модель 2: исходные + синтетические,11598,107400.0,135396.16655486403
Модель 2: исходные + синтетические,14119,131300.0,26121.653011036775
Модель 2: исходные + синтетические,11465,151800.0,25492.658816383715
Модель 2: исходные + синтетические,3584,170800.0,128352.47952597152
Модель 2: исходные + синтетические,2258,118500.0,167771.6143054488
Модель 2: исходные + синтетические,13419,214100.0,248535.0021264823
Модель 2: исходные + синтетические,15156,500001.0,306485.61712958274
Модель 2: исходные + синтетические,16861,140700.0,168686.83115630137
Модель 2: исходные + синтетические,9014,228800.0,249101.9340059618
Модель 2: исходные + синтетические,9205,181300.0,194939.54468883696
Модель 2: исходные + синтетические,6557,360500.0,292252.36762463016
Модель 2: исходные + синтетические,15646,76900.0,68683.09645245134
Модель 2: исходные + синтетические,3036,247200.0,259601.67600832466
Модель 2: исходные + синтетические,11795,88100.0,120339.9927071538
Модель 2: исходные + синтетические,9901,138800.0,174627.2980723385
Модель 2: исходные + синтетические,2378,116400.0,118975.23720261933
Модель 2: исходные + синтетические,13041,156300.0,259191.17666978482
Модель 2: исходные + синтетические,9248,106300.0,251312.22283042793
Модель 2: исходные + синтетические,4168,160500.0,243579.45518787493
Модель 2: исходные + синтетические,5138,173100.0,191388.1661333006
Модель 2: исходные + синтетические,4387,195800.0,192086.9041268572
Модель 2: исходные + синтетические,12484,74000.0,123407.05980886977
Модель 2: исходные + синтетические,15393,154600.0,164806.9105594301
Модель 2: исходные + синтетические,16312,324700.0,277583.8794343819
Модель 2: исходные + синтетические,16378,400000.0,391348.5267485099
Модель 2: исходные + синтетические,4922,209100.0,202680.12487694868
Модель 2: исходные + синтетические,5726,122900.0,148000.85024001342
Модель 2: исходные + синтетические,10886,124800.0,153360.89000321802
Модель 2: исходные + синтетические,15990,500000.0,271548.0520655558
Модель 2: исходные + синтетические,9424,229300.0,249548.79422429862
Модель 2: исходные + синтетические,2560,136400.0,177249.85535850158
Модель 2: исходные + синтетические,7927,500001.0,298745.2698421297
Модель 2: исходные + синтетические,2588,239300.0,289431.74970036175
Модель 2: исходные + синтетические,14832,225000.0,213940.6348868113
Модель 2: исходные + синтетические,10361,309800.0,202909.2847116722
Модель 2: исходные + синтетические,1410,165100.0,216056.83597989095
Модель 2: исходные + синтетические,1298,166700.0,144836.5835899946
Модель 2: исходные + синтетические,2066,187800.0,206232.24314929883
Модель 2: исходные + синтетические,6757,162900.0,198081.20724376055
Модель 2: исходные + синтетические,14563,196100.0,268112.1479635462
Модель 2: исходные + синтетические,14626,100400.0,210194.12147574616
Модель 2: исходные + синтетические,14240,353600.0,238205.2569389452
Модель 2: исходные + синтетические,5000,216300.0,251917.98208830328
Модель 2: исходные + синтетические,6105,185800.0,250097.78553651858
Модель 2: исходные + синтетические,13766,161000.0,223337.0577737392
Модель 2: исходные + синтетические,15616,75800.0,17944.30597010145
Модель 2: исходные + синтетические,16628,146000.0,121737.01645300002
Модель 2: исходные + синтетические,204,78000.0,89361.23955877722
Модель 2: исходные + синтетические,646,342300.0,380478.4300478966
Модель 2: исходные + синтетические,5626,126500.0,131509.815595687
Модель 2: исходные + синтетические,3528,260500.0,256605.94684987015
Модель 2: исходные + синтетические,11788,101500.0,113754.75804628209
Модель 2: исходные + синтетические,4260,211700.0,205658.91634964885
Модель 2: исходные + синтетические,7924,500001.0,404241.13549142407
Модель 2: исходные + синтетические,10980,123100.0,147613.9467516539
Модель 2: исходные + синтетические,16874,113300.0,236103.70557213356
Модель 2: исходные + синтетические,8238,386000.0,332498.5598840157
Модель 2: исходные + синтетические,2608,139600.0,168958.04281550457
Модель 2: исходные + синтетические,12495,260700.0,225054.60422453433
Модель 2: исходные + синтетические,7985,363500.0,313277.8695365874
Модель 2: исходные + синтетические,12923,288400.0,191707.0841148821
Модель 2: исходные + синтетические,16313,307700.0,261067.4386880116
Модель 2: исходные + синтетические,6399,98200.0,150612.77663605713
Модель 2: исходные + синтетические,8386,190000.0,202233.12095895145
Модель 2: исходные + синтетические,16554,202900.0,237358.69702746562
Модель 2: исходные + синтетические,2457,233900.0,257325.5778714712
Модель 2: исходные + синтетические,1068,67500.0,93857.24536392816
Модель 2: исходные + синтетические,12451,270000.0,302522.02663972776
Модель 2: исходные + синтетические,12254,141700.0,156185.6418383623
Модель 2: исходные + синтетические,16582,240500.0,241934.07687688273
Модель 2: исходные + синтетические,10393,227900.0,270574.3644390683
Модель 2: исходные + синтетические,11022,97400.0,142192.52874997578
Модель 2: исходные + синтетические,13836,351200.0,347523.1957887382
Модель 2: исходные + синтетические,10296,65200.0,98199.4364740935
Модель 2: исходные + синтетические,14277,135400.0,226156.14078287233
Модель 2: исходные + синтетические,1902,40400.0,139901.30476720328
Модель 2: исходные + синтетические,15090,177500.0,195879.23707819852
Модель 2: исходные + синтетические,4013,155700.0,150926.84678478286
Модель 2: исходные + синтетические,15193,371100.0,382051.4470104656
Модель 2: исходные + синтетические,2207,119800.0,146105.275573463
Модель 2: исходные + синтетические,16800,120800.0,152083.97210093203
Модель 2: исходные + синтетические,7456,354200.0,263122.0959590948
Модель 2: исходные + синтетические,6982,106600.0,164129.9764047856
Модель 2: исходные + синтетические,9441,56500.0,87194.80800702279
Модель 2: исходные + синтетические,13635,500001.0,432573.31197427225
Модель 2: исходные + синтетические,16964,85400.0,151325.54377344673
Модель 2: исходные + синтетические,7979,285300.0,218891.93343156078
Модель 2: исходные + синтетические,13158,204200.0,191571.63515538708
Модель 2: исходные + синтетические,2754,163000.0,162576.84825981484
Модель 2: исходные + синтетические,10189,67900.0,104692.81742391609
Модель 2: исходные + синтетические,10954,155100.0,81635.96607233192
Модель 2: исходные + синтетические,7054,366700.0,325453.7147441502
Модель 2: исходные + синтетические,8380,500001.0,505427.16354197863
Модель 2: исходные + синтетические,2534,137000.0,203047.3145707739
Модель 2: исходные + синтетические,14926,106300.0,160528.1897739819
Модель 2: исходные + синтетические,13112,194400.0,197184.92885055396
Модель 2: исходные + синтетические,9776,118800.0,184213.84032290478
Модель 2: исходные + синтетические,6640,179700.0,156238.59417839997
Модель 2: исходные + синтетические,10070,78400.0,138200.58387499742
Модель 2: исходные + синтетические,7425,146900.0,132163.96146195687
Модель 2: исходные + синтетические,2863,135700.0,171618.16254639224
Модель 2: исходные + синтетические,85,140300.0,150339.2511066736
Модель 2: исходные + синтетические,13587,228600.0,198765.08856226134
Модель 2: исходные + синтетические,7338,331900.0,278995.4522551085
Модель 2: исходные + синтетические,16543,196400.0,234067.07818045418
Модель 2: исходные + синтетические,9080,49300.0,76798.97732771299
Модель 2: исходные + синтетические,15351,232200.0,307145.24502874183
Модель 2: исходные + синтетические,13296,285400.0,334024.5115043755
Модель 2: исходные + синтетические,16237,314200.0,306060.78395219496
Модель 2: исходные + синтетические,5692,193800.0,232561.49168906003
Модель 2: исходные + синтетические,1897,193800.0,244687.75141954608
Модель 2: исходные + синтетические,801,160600.0,193589.61326005327
Модель 2: исходные + синтетические,620,129700.0,177737.35911833035
Модель 2: исходные + синтетические,5348,204500.0,222770.51321924117
Модель 2: исходные + синтетические,749,262500.0,196622.77083375677
Модель 2: исходные + синтетические,9432,229100.0,275940.62287247623
Модель 2: исходные + синтетические,12893,152400.0,217690.24934233524
Модель 2: исходные + синтетические,8092,194600.0,307393.5533955041
Модель 2: исходные + синтетические,4154,145800.0,120931.29281589022
Модель 2: исходные + синтетические,6096,446600.0,394871.8388572066
Модель 2: исходные + синтетические,11201,185100.0,124935.35652464903
Модель 2: исходные + синтетические,4367,179500.0,223051.36312947195
Модель 2: исходные + синтетические,14639,86500.0,167009.6909097993
Модель 2: исходные + синтетические,7069,250000.0,166105.13821556317
Модель 2: исходные + синтетические,16567,168300.0,201475.98570614037
Модель 2: исходные + синтетические,10704,146300.0,168611.49148081755
Модель 2: исходные + синтетические,1448,296100.0,193210.95513286616
Модель 2: исходные + синтетические,11657,61800.0,121649.52372298684
Модель 2: исходные + синтетические,528,189100.0,315565.7815212426
Модель 2: исходные + синтетические,7440,232400.0,265786.2696990046
Модель 2: исходные + синтетические,12256,114300.0,110638.95934557689
Модель 2: исходные + синтетические,9770,111300.0,138599.83300954298
Модель 2: исходные + синтетические,11924,87000.0,109491.5966821748
Модель 2: исходные + синтетические,576,134700.0,171142.42970504216
Модель 2: исходные + синтетические,746,174800.0,190539.18380731263
Модель 2: исходные + синтетические,4999,219500.0,223012.70546966165
Модель 2: исходные + синтетические,4928,225700.0,257496.3585840984
Модель 2: исходные + синтетические,6902,253400.0,232763.54576680553
Модель 2: исходные + синтетические,7342,446800.0,283328.44582353474
Модель 2: исходные + синтетические,2153,118500.0,139424.55724560533
Модель 2: исходные + синтетические,8836,196100.0,257298.23162334962
Модель 2: исходные + синтетические,584,177200.0,213482.80268610615
Модель 2: исходные + синтетические,6777,185900.0,227088.98483487082
Модель 2: исходные + синтетические,6190,350000.0,188969.0659968284
Модель 2: исходные + синтетические,11967,126900.0,143029.25729790787
Модель 2: исходные + синтетические,16246,273000.0,300994.1992528696
Модель 2: исходные + синтетические,15279,182300.0,198658.24677678305
Модель 2: исходные + синтетические,3240,299200.0,322051.0259056931
Модель 2: исходные + синтетические,3778,219400.0,254028.66327073367
Модель 2: исходные + синтетические,8591,203300.0,270899.2212103609
Модель 2: исходные + синтетические,6856,94000.0,131706.90464481144
Модель 2: исходные + синтетические,15532,129400.0,230616.65201128766
Модель 2: исходные + синтетические,9079,57400.0,87227.50171756807
Модель 2: исходные + синтетические,3330,174000.0,180783.3252793335
Модель 2: исходные + синтетические,12325,164800.0,177899.30309368006
Модель 2: исходные + синтетические,15149,228100.0,227762.676065015
Модель 2: исходные + синтетические,14933,112500.0,181013.9899648627
Модель 2: исходные + синтетические,1015,94800.0,127379.47410567054
Модель 2: исходные + синтетические,14958,126900.0,233500.2383286377
Модель 2: исходные + синтетические,15980,500001.0,314777.5373457165
Модель 2: исходные + синтетические,6409,99600.0,144745.83818479476
Модель 2: исходные + синтетические,14024,202000.0,268100.00437354855
Модель 2: исходные + синтетические,16589,257800.0,233987.9237680515
Модель 2: исходные + синтетические,15889,212800.0,133165.02202759893
Модель 2: исходные + синтетические,12847,113400.0,166796.9755270948
Модель 2: исходные + синтетические,3221,170800.0,65527.933236042314
Модель 2: исходные + синтетические,12858,167600.0,215094.97264189197
Модель 2: исходные + синтетические,6768,231700.0,209842.38210506734
Модель 2: исходные + синтетические,16956,79600.0,124007.64643199688
Модель 2: исходные + синтетические,10144,55600.0,75990.84421951794
Модель 2: исходные + синтетические,2314,116100.0,14718.126346875617
Модель 2: исходные + синтетические,6147,84700.0,137648.21567653687
Модель 2: исходные + синтетические,9451,118800.0,77701.74044725129
Модель 2: исходные + синтетические,14016,253100.0,263650.48889243824
Модель 2: исходные + синтетические,6038,139600.0,176946.64695220432
Модель 2: исходные + синтетические,15170,500001.0,397773.7974637701
Модель 2: исходные + синтетические,9808,83600.0,124403.94229640426
Модель 2: исходные + синтетические,9573,68400.0,58313.749791645954
Модель 2: исходные + синтетические,6582,162500.0,173614.39236325098
Модель 2: исходные + синтетические,3494,213200.0,235290.93628195504
Модель 2: исходные + синтетические,15075,252900.0,266099.5810921783
Модель 2: исходные + синтетические,2873,87500.0,190006.18555492852
Модель 2: исходные + синтетические,7359,267900.0,304149.59380973515
Модель 2: исходные + синтетические,16080,225000.0,243027.66099310652
Модель 2: исходные + синтетические,345,127900.0,94944.98259175818
Модель 2: исходные + синтетические,11520,63600.0,142325.51247541132
Модель 2: исходные + синтетические,1950,71500.0,93695.45687297639
Модель 2: исходные + синтетические,10885,208300.0,126897.39733798476
Модель 2: исходные + синтетические,16529,109400.0,125710.86046870984
Модель 2: исходные + синтетические,15356,229200.0,225944.36374008306
Модель 2: исходные + синтетические,14910,347600.0,300659.3193555953
Модель 2: исходные + синтетические,12776,87500.0,80041.03168998752
Модель 2: исходные + синтетические,10324,112500.0,82455.09113555873
Модель 2: исходные + синтетические,5561,145800.0,209156.58581530917
Модель 2: исходные + синтетические,5889,160200.0,222051.17955550298
Модель 2: исходные + синтетические,10348,52600.0,-49622.760666210175
Модель 2: исходные + синтетические,4347,219000.0,239441.89613982517
Модель 2: исходные + синтетические,13272,322300.0,294276.4398711027
Модель 2: исходные + синтетические,10298,163500.0,56845.4800892766
Модель 2: исходные + синтетические,8050,500001.0,699439.444895458
Модель 2: исходные + синтетические,8882,500001.0,351007.4783695983
Модель 2: исходные + синтетические,11964,115300.0,148679.07909241412
Модель 2: исходные + синтетические,16671,192000.0,173211.93129665096
Модель 2: исходные + синтетические,16894,70700.0,100896.34589588872
Модель 2: исходные + синтетические,15535,144600.0,233534.96021855244
Модель 2: исходные + синтетические,15554,65800.0,41450.985612674056
Модель 2: исходные + синтетические,6333,104100.0,156411.7724537413
Модель 2: исходные + синтетические,13095,151900.0,237554.41769296356
Модель 2: исходные + синтетические,4558,159600.0,255507.23596409222
Модель 2: исходные + синтетические,3796,165500.0,218722.04047569708
Модель 2: исходные + синтетические,16338,263800.0,248019.2386752551
Модель 2: исходные + синтетические,13867,500001.0,494533.99752463016
Модель 2: исходные + синтетические,16645,161700.0,173727.87997370932
Модель 2: исходные + синтетические,12686,500001.0,239762.4229254517
Модель 2: исходные + синтетические,13344,366700.0,320552.39093863376
Модель 2: исходные + синтетические,10815,72900.0,114451.29665925479
Модель 2: исходные + синтетические,8651,315900.0,285110.2874956806
Модель 2: исходные + синтетические,2685,121300.0,181947.0376883473
Модель 2: исходные + синтетические,14759,367500.0,374439.71756607085
Модель 2: исходные + синтетические,1259,159400.0,188140.65622491916
Модель 2: исходные + синтетические,15001,350700.0,405805.6267588813
Модель 2: исходные + синтетические,7210,122500.0,198545.9223312275
Модель 2: исходные + синтетические,6243,296200.0,246881.06921951525
Модель 2: исходные + синтетические,886,327900.0,325984.9894391132
Модель 2: исходные + синтетические,15427,337800.0,282888.3741210139
Модель 2: исходные + синтетические,4462,276200.0,245114.56902015166
Модель 2: исходные + синтетические,10053,39600.0,71180.0457337156
Модель 2: исходные + синтетические,9445,303200.0,304397.1498414198
Модель 2: исходные + синтетические,9569,83800.0,142896.41158952488
Модель 2: исходные + синтетические,1836,228900.0,298708.99017621274
Модель 2: исходные + синтетические,14420,500001.0,371620.9120761577
Модель 2: исходные + синтетические,7759,384800.0,260417.42017577883
Модель 2: исходные + синтетические,2607,157200.0,183708.91734844423
Модель 2: исходные + синтетические,11129,151400.0,221322.43269923975
Модель 2: исходные + синтетические,2407,191700.0,126665.233182753
Модель 2: исходные + синтетические,11353,125000.0,160339.202548401
Модель 2: исходные + синтетические,11546,98200.0,120937.1585195586
Модель 2: исходные + синтетические,14858,500001.0,563815.8415501999
Модель 2: исходные + синтетические,11424,155300.0,195227.57424348008
Модель 2: исходные + синтетические,15434,78800.0,26199.591139038177
Модель 2: исходные + синтетические,14578,107900.0,171944.29775810268
Модель 2: исходные + синтетические,9467,53300.0,51673.12905662439
Модель 2: исходные + синтетические,11781,92800.0,189650.1111503461
Модель 2: исходные + синтетические,14593,341700.0,316908.38151702465
Модель 2: исходные + синтетические,11905,144400.0,165511.44986137786
Модель 2: исходные + синтетические,12583,141700.0,131478.491304743
Модель 2: исходные + синтетические,8615,308400.0,379402.5851589257
Модель 2: исходные + синтетические,8310,363200.0,273796.55625245825
Модель 2: исходные + синтетические,5649,152200.0,183549.24630671006
Модель 2: исходные + синтетические,3129,212900.0,222022.34376718546
Модель 2: исходные + синтетические,13181,361600.0,386780.6231896929
Модель 2: исходные + синтетические,1885,114600.0,86788.13639469333
Модель 2: исходные + синтетические,3949,167500.0,214371.76692792313
Модель 2: исходные + синтетические,13596,134800.0,172274.4741899434
Модель 2: исходные + синтетические,781,169800.0,231896.02870143537
Модель 2: исходные + синтетические,13411,225800.0,295674.9827213966
Модель 2: исходные + синтетические,14475,150600.0,199788.51426256984
Модель 2: исходные + синтетические,6107,183800.0,173183.98871546402
Модель 2: исходные + синтетические,12608,385700.0,259305.87784895673
Модель 2: исходные + синтетические,10486,121200.0,89399.25482140327
Модель 2: исходные + синтетические,7191,500001.0,262015.7066612041
Модель 2: исходные + синтетические,12552,123200.0,175450.99097573495
Модель 2: исходные + синтетические,81,58300.0,69068.85893977186
Модель 2: исходные + синтетические,10705,67500.0,98431.85114017
Модель 2: исходные + синтетические,277,161100.0,178693.86397374343
Модель 2: исходные + синтетические,9861,458600.0,286888.9035523069
Модель 2: исходные + синтетические,13006,218000.0,241266.9107735947
Модель 2: исходные + синтетические,5640,206300.0,178401.90912205813
Модель 2: исходные + синтетические,7104,115200.0,169476.1870985282
Модель 2: исходные + синтетические,1669,111300.0,144400.9205853729
Модель 2: исходные + синтетические,15116,371300.0,390387.3832417284
Модель 2: исходные + синтетические,9179,77400.0,98577.2637811538
Модель 2: исходные + синтетические,12118,71000.0,88893.30711110611
Модель 2: исходные + синтетические,1041,87500.0,166142.52668347652
Модель 2: исходные + синтетические,1810,326500.0,223568.93429558421
Модель 2: исходные + синтетические,11750,92600.0,179279.89439732363
Модель 2: исходные + синтетические,13415,332500.0,330316.5192132565
Модель 2: исходные + синтетические,8606,500001.0,642321.8554928086
Модель 2: исходные + синтетические,10345,158300.0,117662.21346226394
Модель 2: исходные + синтетические,9938,353000.0,222627.54821289176
Модель 2: исходные + синтетические,4042,187500.0,201917.88633987933
Модель 2: исходные + синтетические,6354,247500.0,187713.5761126324
Модель 2: исходные + синтетические,7199,161500.0,175220.89250901333
Модель 2: исходные + синтетические,13226,283300.0,331402.9436692281
Модель 2: исходные + синтетические,16041,281300.0,276040.6246714995
Модель 2: исходные + синтетические,2275,134100.0,102349.91632928653
Модель 2: исходные + синтетические,13566,258300.0,328502.3652621991
Модель 2: исходные + синтетические,4982,255400.0,258736.4500912458
Модель 2: исходные + синтетические,5137,169500.0,163258.85903430035
Модель 2: исходные + синтетические,11288,163200.0,191944.65913826914
Модель 2: исходные + синтетические,6045,190600.0,153065.2735533085
Модель 2: исходные + синтетические,16218,348500.0,288772.4920703074
Модель 2: исходные + синтетические,12643,500001.0,281337.23191470414
Модель 2: исходные + синтетические,12558,253500.0,274444.8119291105
Модель 2: исходные + синтетические,16070,500000.0,286969.84596415155
Модель 2: исходные + синтетические,13214,166700.0,259993.85630351072
Модель 2: исходные + синтетические,2616,159900.0,173070.90876597384
Модель 2: исходные + синтетические,16138,235900.0,252690.4864160932
Модель 2: исходные + синтетические,14796,500001.0,487821.7884775987
Модель 2: исходные + синтетические,6853,136300.0,185183.34122421243
Модель 2: исходные + синтетические,13474,500001.0,474135.9497241879
Модель 2: исходные + синтетические,12092,82700.0,131095.7539066981
Модель 2: исходные + синтетические,15685,456300.0,422868.16160405753
Модель 2: исходные + синтетические,52,60800.0,54831.31473118784
Модель 2: исходные + синтетические,13840,443800.0,368842.1343375898
Модель 2: исходные + синтетические,3649,232500.0,231997.3674249723
Модель 2: исходные + синтетические,16815,149300.0,143993.88478873044
Модель 2: исходные + синтетические,6877,200000.0,183999.62041454887
Модель 2: исходные + синтетические,13595,129500.0,141127.06407883036
Модель 2: исходные + синтетические,3807,215400.0,197364.58954847066
Модель 2: исходные + синтетические,11991,160900.0,120397.78308208447
Модель 2: исходные + синтетические,15151,275000.0,283525.95818427665
Модель 2: исходные + синтетические,12744,116300.0,89028.0510302104
Модель 2: исходные + синтетические,2545,348000.0,335121.1892064564
Модель 2: исходные + синтетические,7807,500001.0,298702.35338002874
Модель 2: исходные + синтетические,6610,92300.0,104587.92505717347
Модель 2: исходные + синтетические,2706,106300.0,138144.15095344567
Модель 2: исходные + синтетические,15570,140300.0,209365.28898794367
Модель 2: исходные + синтетические,1173,249500.0,271332.11897639127
Модель 2: исходные + синтетические,2297,112500.0,546962.139092836
Модель 2: исходные + синтетические,4874,208100.0,158361.56083391345
Модель 2: исходные + синтетические,5412,198600.0,238831.97881583098
Модель 2: исходные + синтетические,7645,331800.0,253679.2157502571
Модель 2: исходные + синтетические,227,85200.0,117193.36048884393
Модель 2: исходные + синтетические,16631,94200.0,15787.036904685527
Модель 2: исходные + синтетические,2769,298500.0,299934.54372458847
Модель 2: исходные + синтетические,1252,188600.0,257893.36292705918
Модель 2: исходные + синтетические,8002,500001.0,288159.55912689725
Модель 2: исходные + синтетические,9871,326800.0,286027.2486023964
Модель 2: исходные + синтетические,1824,83800.0,139249.33266040368
Модель 2: исходные + синтетические,9238,113700.0,107731.89533096831
Модель 2: исходные + синтетические,2798,74800.0,190117.72848492264
Модель 2: исходные + синтетические,4185,180800.0,153863.75229562144
Модель 2: исходные + синтетические,16226,318400.0,283653.1333768
Модель 2: исходные + синтетические,1911,90000.0,126626.03334124708
Модель 2: исходные + синтетические,7364,385900.0,245475.4206949361
Модель 2: исходные + синтетические,7850,151600.0,188525.57850490953
Модель 2: исходные + синтетические,6813,175000.0,245525.83869466535
Модель 2: исходные + синтетические,2157,91300.0,91073.13703317496
Модель 2: исходные + синтетические,11331,112500.0,94736.0170196641
Модель 2: исходные + синтетические,8686,215600.0,228494.6103575607
Модель 2: исходные + синтетические,6996,131000.0,202238.84652897954
Модель 2: исходные + синтетические,14833,247200.0,196861.1657433297
Модель 2: исходные + синтетические,7909,411200.0,292568.0467465865
Модель 2: исходные + синтетические,2648,167500.0,137996.09174415152
Модель 2: исходные + синтетические,7305,179400.0,228266.8189922386
Модель 2: исходные + синтетические,1371,145200.0,178365.5996227308
Модель 2: исходные + синтетические,1513,224700.0,227538.2800108081
Модель 2: исходные + синтетические,15593,243100.0,261520.6185638018
Модель 2: исходные + синтетические,3368,225000.0,167577.53613887302
Модель 2: исходные + синтетические,16842,71500.0,101013.62296670424
Модель 2: исходные + синтетические,5992,162500.0,244073.41188489093
Модель 2: исходные + синтетические,14074,101000.0,77715.72716837825
Модель 2: исходные + синтетические,10362,259800.0,269050.0426662731
Модель 2: исходные + синтетические,948,170000.0,218621.58247952868
Модель 2: исходные + синтетические,3477,138200.0,191549.25537652927
Модель 2: исходные + синтетические,4487,165600.0,161544.4620068944
Модель 2: исходные + синтетические,6593,156300.0,192601.1309885977
Модель 2: исходные + синтетические,15707,192300.0,226960.37960357624
Модель 2: исходные + синтетические,16785,171900.0,180058.08955652424
Модель 2: исходные + синтетические,16533,172600.0,203948.34937416794
Модель 2: исходные + синтетические,15230,187500.0,208406.3371494539
Модель 2: исходные + синтетические,3142,196000.0,207901.6223954016
Модель 2: исходные + синтетические,5375,170500.0,137545.8860014362
Модель 2: исходные + синтетические,10277,97600.0,46793.91512040155
Модель 2: исходные + синтетические,9934,61800.0,27340.663483234726
Модель 2: исходные + синтетические,2817,161800.0,230541.86489016717
Модель 2: исходные + синтетические,16219,336100.0,295804.22239962395
Модель 2: исходные + синтетические,7849,116100.0,42293.630041689605
Модель 2: исходные + синтетические,13237,289300.0,259883.07954470252
Модель 2: исходные + синтетические,8160,500001.0,277531.01213746844
Модель 2: исходные + синтетические,14173,352500.0,253651.23254200153
Модель 2: исходные + синтетические,1182,196300.0,177562.88460698008
Модель 2: исходные + синтетические,95,96300.0,137137.01063617782
Модель 2: исходные + синтетические,2894,93300.0,92426.02287817793
Модель 2: исходные + синтетические,13487,130600.0,185362.37479033176
Модель 2: исходные + синтетические,1117,232800.0,217127.02177380805
Модель 2: исходные + синтетические,13498,425100.0,414321.1450713941
Модель 2: исходные + синтетические,6644,205100.0,213744.64441915118
Модель 2: исходные + синтетические,3056,150400.0,194808.65083485926
Модель 2: исходные + синтетические,2459,414000.0,252005.98743434538
Модель 2: исходные + синтетические,9199,63200.0,127836.5021344803
Модель 2: исходные + синтетические,15600,114600.0,215445.4993456424
Модель 2: исходные + синтетические,13132,321100.0,348866.9505899117
Модель 2: исходные + синтетические,8952,195700.0,291898.0359030572
Модель 2: исходные + синтетические,6097,429100.0,272233.5321692762
Модель 2: исходные + синтетические,15574,88300.0,142283.388918655
Модель 2: исходные + синтетические,9765,500001.0,359322.17212972516
Модель 2: исходные + синтетические,6050,170900.0,154506.603797636
Модель 2: исходные + синтетические,11277,76200.0,153479.83057158836
Модель 2: исходные + синтетические,14239,373400.0,284238.10690823494
Модель 2: исходные + синтетические,7660,227800.0,239854.3967286456
Модель 2: исходные + синтетические,2440,203400.0,201004.4447688293
Модель 2: исходные + синтетические,1240,241500.0,261691.29099965314
Модель 2: исходные + синтетические,1630,422200.0,289770.7034747332
Модель 2: исходные + синтетические,11949,242000.0,405746.36434228066
Модель 2: исходные + синтетические,14843,500001.0,563146.9268725867
Модель 2: исходные + синтетические,14859,390100.0,423846.6409415647
Модель 2: исходные + синтетические,9373,185400.0,211890.9882472147
Модель 2: исходные + синтетические,15583,500001.0,375425.7464102626
Модель 2: исходные + синтетические,9794,60600.0,102980.98893048835
Модель 2: исходные + синтетические,14698,460200.0,292515.47395769693
Модель 2: исходные + синтетические,11541,173300.0,199224.08047313086
Модель 2: исходные + синтетические,1595,170600.0,182391.49632581742
Модель 2: исходные + синтетические,16951,67500.0,108868.26918517011
Модель 2: исходные + синтетические,10647,71900.0,108377.88357523826
Модель 2: исходные + синтетические,7537,204500.0,212054.4158823279
Модель 2: исходные + синтетические,15313,375700.0,299798.0680952824
Модель 2: исходные + синтетические,11358,135300.0,174336.39103874422
Модель 2: исходные + синтетические,5601,500001.0,683241.290555042
Модель 2: исходные + синтетические,16707,178500.0,208772.37726096943
Модель 2: исходные + синтетические,9600,93200.0,127589.56381860103
Модель 2: исходные + синтетические,5118,461500.0,261943.4244967654
Модель 2: исходные + синтетические,8060,427300.0,280469.71505863237
Модель 2: исходные + синтетические,7565,334400.0,262714.1495818402
Модель 2: исходные + синтетические,4660,147100.0,154815.53044370524
Модель 2: исходные + синтетические,14368,331600.0,199901.3901404912
Модель 2: исходные + синтетические,2715,140200.0,137163.2768759876
Модель 2: исходные + синтетические,3525,178500.0,179218.92020888338
Модель 2: исходные + синтетические,440,120800.0,125394.36567678154
Модель 2: исходные + синтетические,8061,344200.0,213643.49711757168
Модель 2: исходные + синтетические,16000,237500.0,150959.9716766201
Модель 2: исходные + синтетические,1393,71300.0,104157.01906467149
Модель 2: исходные + синтетические,8834,229800.0,294997.6538435303
Модель 2: исходные + синтетические,1900,247700.0,250885.337052123
Модель 2: исходные + синтетические,14752,71000.0,84337.83123389682
Модель 2: исходные + синтетические,16465,193800.0,179367.60015010007
Модель 2: исходные + синтетические,14768,203300.0,241593.16871898185
Модель 2: исходные + синтетические,13108,193000.0,231684.24772159386
Модель 2: исходные + синтетические,432,87000.0,147144.98703616724
Модель 2: исходные + синтетические,7017,216700.0,129516.09774564406
Модель 2: исходные + синтетические,450,76900.0,125182.82276262793
Модель 2: исходные + синтетические,3414,176700.0,187847.41245091686
Модель 2: исходные + синтетические,1564,493300.0,289551.6625286239
Модель 2: исходные + синтетические,8913,500001.0,214239.4624174505
Модель 2: исходные + синтетические,9338,112500.0,241670.16696837632
Модель 2: исходные + синтетические,7032,396400.0,329612.939184085
Модель 2: исходные + синтетические,9612,48000.0,49678.52508664831
Модель 2: исходные + синтетические,5646,154500.0,35898.63403617165
Модель 2: исходные + синтетические,4629,239900.0,201719.17434987036
Модель 2: исходные + синтетические,2778,349100.0,322258.39942022803
Модель 2: исходные + синтетические,10506,98700.0,88093.99391435093
Модель 2: исходные + синтетические,8125,271100.0,186950.18306241403
Модель 2: исходные + синтетические,15550,500001.0,486097.12506646925
Модель 2: исходные + синтетические,12730,168400.0,233784.79132589613
Модель 2: исходные + синтетические,9170,73700.0,147834.21929579088
Модель 2: исходные + синтетические,3475,151400.0,164482.34433351725
Модель 2: исходные + синтетические,12813,374100.0,355177.3993529468
Модель 2: исходные + синтетические,10429,104600.0,86639.71018384286
Модель 2: исходные + синтетические,16389,435200.0,299971.0583522801
Модель 2: исходные + синтетические,16059,333300.0,263150.8048721454
Модель 2: исходные + синтетические,16826,122100.0,200833.74155258085
Модель 2: исходные + синтетические,9053,73100.0,153592.05275733196
Модель 2: исходные + синтетические,8113,173700.0,224090.0468493384
Модель 2: исходные + синтетические,1383,262500.0,198933.21877067373
Модель 2: исходные + синтетические,15950,324300.0,326946.43391389085
Модель 2: исходные + синтетические,13816,232800.0,239218.13041875494
Модель 2: исходные + синтетические,13612,215400.0,263380.29109373485
Модель 2: исходные + синтетические,11639,91100.0,126842.0939129753
Модель 2: исходные + синтетические,7022,361700.0,278828.69675494015
Модель 2: исходные + синтетические,11378,162500.0,146800.68842211433
Модель 2: исходные + синтетические,13139,94600.0,174700.3447244521
Модель 2: исходные + синтетические,1735,131300.0,144098.7932181114
Модель 2: исходные + синтетические,1532,254400.0,219629.6962789832
Модель 2: исходные + синтетические,9815,88300.0,87201.11624255184
Модель 2: исходные + синтетические,998,96000.0,109710.49360734438
Модель 2: исходные + синтетические,15471,272900.0,218536.5117472619
Модель 2: исходные + синтетические,1499,200000.0,243206.81988015567
Модель 2: исходные + синтетические,1508,90900.0,160143.61199211093
Модель 2: исходные + синтетические,279,66300.0,94685.74961287148
Модель 2: исходные + синтетические,14303,500001.0,483403.5577050046
Модель 2: исходные + синтетические,8151,500001.0,334439.00229446136
Модель 2: исходные + синтетические,16972,70500.0,125070.87965423652
Модель 2: исходные + синтетические,12055,102800.0,80312.02064709803
Модель 2: исходные + синтетические,15429,376800.0,300819.20698057156
Модель 2: исходные + синтетические,1661,180900.0,197601.83098543866
Модель 2: исходные + синтетические,10417,107100.0,97700.63116046104
Модель 2: исходные + синтетические,4630,326100.0,266816.363367623
Модель 2: исходные + синтетические,7754,384600.0,318964.5387541279
Модель 2: исходные + синтетические,2420,231700.0,194102.95536209168
Модель 2: исходные + синтетические,4831,176300.0,168091.01997858574
Модель 2: исходные + синтетические,15287,119400.0,216916.9543880065
Модель 2: исходные + синтетические,12330,180200.0,215671.85059132602
Модель 2: исходные + синтетические,4263,176000.0,167967.3427276444
Модель 2: исходные + синтетические,15145,130000.0,380077.1397773912
Модель 2: исходные + синтетические,16181,500001.0,541521.3679314033
Модель 2: исходные + синтетические,2361,143400.0,201064.47507262378
Модель 2: исходные + синтетические,2344,141100.0,190655.9236030194
Модель 2: исходные + синтетические,12778,122200.0,132679.67497979305
Модель 2: исходные + синтетические,11984,162700.0,141843.153419011
Модель 2: исходные + синтетические,14879,272800.0,272412.9292305775
Модель 2: исходные + синтетические,12578,222500.0,240719.10664366814
Модель 2: исходные + синтетические,14275,153500.0,209691.75830934514
Модель 2: исходные + синтетические,15246,438800.0,303916.478911245
Модель 2: исходные + синтетические,1058,190500.0,174790.55735906248
Модель 2: исходные + синтетические,14653,85400.0,108510.9191774601
Модель 2: исходные + синтетические,1815,93300.0,89789.11735996623
Модель 2: исходные + синтетические,9231,86200.0,179991.2080917266
Модель 2: исходные + синтетические,6576,225000.0,197944.61824374602
Модель 2: исходные + синтетические,5623,148600.0,148561.0611124773
Модель 2: исходные + синтетические,4924,219600.0,243345.30164125012
Модель 2: исходные + синтетические,10861,201300.0,117683.42871839686
Модель 2: исходные + синтетические,13449,264100.0,245904.504648015
Модель 2: исходные + синтетические,14014,312300.0,269302.31247126474
Модель 2: исходные + синтетические,2499,500001.0,223072.55292925416
Модель 2: исходные + синтетические,16912,150000.0,114615.1409103785
Модель 2: исходные + синтетические,14636,97700.0,180201.83654832887
Модель 2: исходные + синтетические,8944,302700.0,250150.72315769581
Модель 2: исходные + синтетические,16303,187500.0,183134.44474765708
Модель 2: исходные + синтетические,14370,197600.0,277382.32663079415
Модель 2: исходные + синтетические,6090,234800.0,223138.5796078778
Модель 2: исходные + синтетические,15907,500000.0,300377.6796395206
Модель 2: исходные + синтетические,333,146300.0,145609.00469488546
Модель 2: исходные + синтетические,8374,500001.0,257479.87518449422
Модель 2: исходные + синтетические,4783,414800.0,321331.00283630984
Модель 2: исходные + синтетические,7819,322900.0,282473.00303390407
Модель 2: исходные + синтетические,4137,247200.0,282712.08799557126
Модель 2: исходные + синтетические,15726,300000.0,214449.09285463975
Модель 2: исходные + синтетические,3606,307600.0,208878.13809659108
Модель 2: исходные + синтетические,675,139800.0,193243.67352062432
Модель 2: исходные + синтетические,5952,145000.0,164651.01856873758
Модель 2: исходные + синтетические,3375,232000.0,277464.7000553218
Модель 2: исходные + синтетические,437,152500.0,176300.53301446117
Модель 2: исходные + синтетические,491,195900.0,182589.93572720006
Модель 2: исходные + синтетические,13838,287300.0,339721.9829923966
Модель 2: исходные + синтетические,2189,112600.0,151343.78212648668
Модель 2: исходные + синтетические,4802,250200.0,214819.41503250162
Модель 2: исходные + синтетические,5668,213800.0,253945.01258054405
Модель 2: исходные + синтетические,9864,237500.0,265783.90294746327
Модель 3: доход и возраст жилья,8496,262300.0,313179.02620777756
Модель 3: доход и возраст жилья,16161,446900.0,218039.5896425954
Модель 3: доход и возраст жилья,14434,350000.0,154699.96167506548
Модель 3: доход и возраст жилья,7651,262500.0,146276.76267829348
Модель 3: доход и возраст жилья,4609,158000.0,245125.21450363722
Модель 3: доход и возраст жилья,15222,104500.0,119441.26510192364
Модель 3: доход и возраст жилья,15634,72900.0,91708.17515810463
Модель 3: доход и возраст жилья,972,120600.0,162861.73631633006
Модель 3: доход и возраст жилья,11661,63000.0,112797.45371100635
Модель 3: доход и возраст жилья,7721,362500.0,174158.6752405597
Модель 3: доход и возраст жилья,9166,126600.0,151736.91401835703
Модель 3: доход и возраст жилья,405,95900.0,80145.99398856974
Модель 3: доход и возраст жилья,11562,59000.0,137980.03724549589
Модель 3: доход и возраст жилья,11700,117600.0,177318.48285142193
Модель 3: доход и возраст жилья,1794,299600.0,244219.91556568025
Модель 3: доход и возраст жилья,1596,137200.0,220360.531420426
Модель 3: доход и возраст жилья,15885,250300.0,249443.005395479
Модель 3: доход и возраст жилья,9989,81100.0,165716.2452129742
Модель 3: доход и возраст жилья,3901,239200.0,276380.61369058053
Модель 3: доход и возраст жилья,4937,400000.0,260851.54801024802
Модель 3: доход и возраст жилья,9431,54700.0,131163.30317581497
Модель 3: доход и возраст жилья,4837,227300.0,309234.99862357724
Модель 3: доход и возраст жилья,12840,210000.0,177496.50194915858
Модель 3: доход и возраст жилья,3378,187500.0,190300.8600122227
Модель 3: доход и возраст жилья,10635,118300.0,137643.49286576232
Модель 3: доход и возраст жилья,7344,500001.0,388350.50953843835
Модель 3: доход и возраст жилья,3457,183500.0,187913.2577399966
Модель 3: доход и возраст жилья,14761,319300.0,375608.2234229212
Модель 3: доход и возраст жилья,2342,112900.0,142573.38710468556
Модель 3: доход и возраст жилья,13853,327700.0,188770.88212717342
Модель 3: доход и возраст жилья,1994,134500.0,249396.08380402141
Модель 3: доход и возраст жилья,10225,268800.0,295947.07766136015
Модель 3: доход и возраст жилья,4403,437400.0,333925.0518569588
Модель 3: доход и возраст жилья,9613,104700.0,154035.01656731838
Модель 3: доход и возраст жилья,4698,270500.0,220217.62897118687
Модель 3: доход и возраст жилья,13162,184900.0,155149.91384436627
Модель 3: доход и возраст жилья,4682,401700.0,439769.0805999551
Модель 3: доход и возраст жилья,10364,138100.0,251884.78105073026
Модель 3: доход и возраст жилья,15378,298100.0,274387.0391987864
Модель 3: доход и возраст жилья,8968,280200.0,226400.48930235032
Модель 3: доход и возраст жилья,6907,215600.0,314229.29447892786
Модель 3: доход и возраст жилья,10114,144700.0,282865.40962510457
Модель 3: доход и возраст жилья,6218,90000.0,103505.85882607463
Модель 3: доход и возраст жилья,7882,500001.0,732708.494185621
Модель 3: доход и возраст жилья,15502,186900.0,172990.14784806737
Модель 3: доход и возраст жилья,3439,201300.0,151745.1638564456
Модель 3: доход и возраст жилья,9956,283200.0,175518.8484705047
Модель 3: доход и возраст жилья,11783,99100.0,187714.693686815
Модель 3: доход и возраст жилья,9085,59500.0,121322.22015892941
Модель 3: доход и возраст жилья,16687,248600.0,243828.16436094439
Модель 3: доход и возраст жилья,10249,90400.0,147723.65118368252
Модель 3: доход и возраст жилья,7648,179800.0,162712.1784362882
Модель 3: доход и возраст жилья,15641,500001.0,517158.3084545535
Модель 3: доход и возраст жилья,13976,254200.0,302480.5992863695
Модель 3: доход и возраст жилья,11847,134100.0,239863.6272167553
Модель 3: доход и возраст жилья,7504,242000.0,195076.04685894682
Модель 3: доход и возраст жилья,5546,112500.0,127036.87763877145
Модель 3: доход и возраст жилья,14461,500001.0,345824.33837153594
Модель 3: доход и возраст жилья,9900,335000.0,176881.57875880026
Модель 3: доход и возраст жилья,11577,112900.0,144360.9537577165
Модель 3: доход и возраст жилья,16802,214900.0,272461.2294342773
Модель 3: доход и возраст жилья,8428,285000.0,172565.5565705302
Модель 3: доход и возраст жилья,11907,185700.0,251122.3137711
Модель 3: доход и возраст жилья,1057,191100.0,217658.92581695312
Модель 3: доход и возраст жилья,3668,186500.0,200965.67620377854
Модель 3: доход и возраст жилья,8256,69700.0,98144.22770441513
Модель 3: доход и возраст жилья,8235,357600.0,210597.93153862405
Модель 3: доход и возраст жилья,4337,429200.0,211204.9207690044
Модель 3: доход и возраст жилья,1870,122100.0,119911.77992439744
Модель 3: доход и возраст жилья,8166,302900.0,238186.35032963226
Модель 3: доход и возраст жилья,5447,156300.0,205484.85099207875
Модель 3: доход и возраст жилья,1279,77300.0,113709.95134734677
Модель 3: доход и возраст жилья,12602,172900.0,226524.65089517238
Модель 3: доход и возраст жилья,5714,169300.0,153937.00422103883
Модель 3: доход и возраст жилья,9250,52500.0,105029.72454790189
Модель 3: доход и возраст жилья,14556,475000.0,345254.83085398976
Модель 3: доход и возраст жилья,8073,287500.0,150427.3236711096
Модель 3: доход и возраст жилья,14821,142600.0,194463.17285481453
Модель 3: доход и возраст жилья,11914,87100.0,117856.65905490893
Модель 3: доход и возраст жилья,7812,500001.0,384872.33743895096
Модель 3: доход и возраст жилья,11653,22500.0,113057.8092290806
Модель 3: доход и возраст жилья,7307,137700.0,174008.8368778635
Модель 3: доход и возраст жилья,15530,175000.0,255687.9730696456
Модель 3: доход и возраст жилья,3029,231400.0,199569.61566828526
Модель 3: доход и возраст жилья,10907,71300.0,130593.02500121799
Модель 3: доход и возраст жилья,15355,216700.0,243715.26444350166
Модель 3: доход и возраст жилья,2272,125600.0,182494.1255199106
Модель 3: доход и возраст жилья,10899,200000.0,158737.3599655126
Модель 3: доход и возраст жилья,1511,143100.0,130381.65795855549
Модель 3: доход и возраст жилья,2942,266400.0,290379.4387009375
Модель 3: доход и возраст жилья,8311,343100.0,265572.8773520575
Модель 3: доход и возраст жилья,4532,146400.0,182025.69527911904
Модель 3: доход и возраст жилья,3428,190300.0,255999.9095169383
Модель 3: доход и возраст жилья,9898,341800.0,237499.0915628685
Модель 3: доход и возраст жилья,4148,262000.0,242654.48745629474
Модель 3: доход и возраст жилья,9015,254900.0,297690.76995568053
Модель 3: доход и возраст жилья,9040,48000.0,104578.70354116787
Модель 3: доход и возраст жилья,7194,500001.0,732708.494185621
Модель 3: доход и возраст жилья,9523,160500.0,117530.58799577584
Модель 3: доход и возраст жилья,3134,245700.0,233389.8655681405
Модель 3: доход и возраст жилья,15683,500001.0,360741.0202221327
Модель 3: доход и возраст жилья,3881,240700.0,205487.95131801002
Модель 3: доход и возраст жилья,5385,255900.0,195726.91044803773
Модель 3: доход и возраст жилья,1828,70200.0,98916.39764759506
Модель 3: доход и возраст жилья,5616,148800.0,172086.5999159539
Модель 3: доход и возраст жилья,87,63500.0,93738.68809515222
Модель 3: доход и возраст жилья,4619,263000.0,268130.84524469665
Модель 3: доход и возраст жилья,14438,330000.0,284537.76438954036
Модель 3: доход и возраст жилья,5377,285500.0,181123.95144603346
Модель 3: доход и возраст жилья,3874,210900.0,217428.27465029285
Модель 3: доход и возраст жилья,16570,191800.0,209898.8855266284
Модель 3: доход и возраст жилья,1858,500001.0,299560.9358139753
Модель 3: доход и возраст жилья,1056,222400.0,234404.9994930652
Модель 3: доход и возраст жилья,13500,236000.0,186651.0968563312
Модель 3: доход и возраст жилья,7373,236100.0,160001.32494820587
Модель 3: доход и возраст жилья,14211,242200.0,168263.68669182865
Модель 3: доход и возраст жилья,11644,90600.0,208340.13054577372
Модель 3: доход и возраст жилья,12658,183400.0,277748.21300837904
Модель 3: доход и возраст жилья,2619,207900.0,301966.77107049397
Модель 3: доход и возраст жилья,10378,146900.0,178998.54418636562
Модель 3: доход и возраст жилья,3919,151800.0,154882.6047151069
Модель 3: доход и возраст жилья,10148,60000.0,152032.21188864295
Модель 3: доход и возраст жилья,16142,262000.0,225825.83227264683
Модель 3: доход и возраст жилья,11349,143800.0,156113.76502045497
Модель 3: доход и возраст жилья,15823,284100.0,258674.80490855995
Модель 3: доход и возраст жилья,961,95000.0,111723.06768181155
Модель 3: доход и возраст жилья,7795,309200.0,264118.8432414693
Модель 3: доход и возраст жилья,9282,94300.0,211056.90420306416
Модель 3: доход и возраст жилья,13732,368300.0,316605.3722908483
Модель 3: доход и возраст жилья,16983,74600.0,86967.35200055537
Модель 3: доход и возраст жилья,12774,125200.0,225768.6116568747
Модель 3: доход и возраст жилья,8605,500001.0,353971.99609868816
Модель 3: доход и возраст жилья,15474,396900.0,307950.2435982408
Модель 3: доход и возраст жилья,14890,128800.0,204974.36818933257
Модель 3: доход и возраст жилья,338,185300.0,237562.47743504695
Модель 3: доход и возраст жилья,1350,94100.0,98682.96203311409
Модель 3: доход и возраст жилья,7555,230700.0,207187.26138149528
Модель 3: доход и возраст жилья,53,58600.0,107429.88472241069
Модель 3: доход и возраст жилья,9838,418400.0,277301.83364167775
Модель 3: доход и возраст жилья,2280,95300.0,123197.53552938145
Модель 3: доход и возраст жилья,7197,226300.0,174918.26958372886
Модель 3: доход и возраст жилья,4284,212200.0,153357.23307463425
Модель 3: доход и возраст жилья,1613,173200.0,143367.88840461022
Модель 3: доход и возраст жилья,10448,111500.0,147860.65116144167
Модель 3: доход и возраст жилья,16587,168100.0,107285.21356959986
Модель 3: доход и возраст жилья,10156,229200.0,391675.0076877037
Модель 3: доход и возраст жилья,7221,192700.0,109258.26080367711
Модель 3: доход и возраст жилья,11704,87500.0,119645.25914991695
Модель 3: доход и возраст жилья,12120,61000.0,115249.9477740563
Модель 3: доход и возраст жилья,15465,292600.0,224384.0578839589
Модель 3: доход и возраст жилья,946,174100.0,256565.30096430422
Модель 3: доход и возраст жилья,3535,266100.0,302072.9624639497
Модель 3: доход и возраст жилья,7301,314900.0,284483.6264019714
Модель 3: доход и возраст жилья,5429,136100.0,147216.19791595524
Модель 3: доход и возраст жилья,2030,85500.0,169381.91168427787
Модель 3: доход и возраст жилья,9359,218000.0,241770.22364817906
Модель 3: доход и возраст жилья,3986,224800.0,299037.5969285639
Модель 3: доход и возраст жилья,9035,137500.0,169786.50127395077
Модель 3: доход и возраст жилья,826,185500.0,201886.6510676776
Модель 3: доход и возраст жилья,2360,139200.0,196596.07699324822
Модель 3: доход и возраст жилья,103,83200.0,173602.2688928769
Модель 3: доход и возраст жилья,841,153300.0,214346.7404827722
Модель 3: доход и возраст жилья,9889,500001.0,354161.5750521866
Модель 3: доход и возраст жилья,4163,208100.0,204565.17235508308
Модель 3: доход и возраст жилья,2317,101600.0,156960.60020892078
Модель 3: доход и возраст жилья,9865,258300.0,171429.0808960603
Модель 3: доход и возраст жилья,10666,94900.0,150459.88326125656
Модель 3: доход и возраст жилья,1210,199100.0,196643.75154402846
Модель 3: доход и возраст жилья,6461,225000.0,194216.39098327202
Модель 3: доход и возраст жилья,1487,83300.0,121016.69405524126
Модель 3: доход и возраст жилья,9206,162500.0,150412.43609994644
Модель 3: доход и возраст жилья,10346,95300.0,187682.37918386623
Модель 3: доход и возраст жилья,3244,216000.0,268000.2733082701
Модель 3: доход и возраст жилья,568,14999.0,112860.82188545671
Модель 3: доход и возраст жилья,5,74000.0,184454.59715397705
Модель 3: доход и возраст жилья,2396,198800.0,175027.57900084395
Модель 3: доход и возраст жилья,14729,143900.0,225566.94727776188
Модель 3: доход и возраст жилья,10596,207200.0,232776.74647681005
Модель 3: доход и возраст жилья,5819,162000.0,186765.48499469124
Модель 3: доход и возраст жилья,4328,177700.0,133645.0645090667
Модель 3: доход и возраст жилья,13135,179500.0,157650.1532491088
Модель 3: доход и возраст жилья,14792,444500.0,286327.11744387104
Модель 3: доход и возраст жилья,7833,422700.0,374158.0072021308
Модель 3: доход и возраст жилья,7961,500001.0,243883.3003950343
Модель 3: доход и возраст жилья,13695,234600.0,234410.3763946926
Модель 3: доход и возраст жилья,4639,225000.0,207563.58174748727
Модель 3: доход и возраст жилья,6855,100800.0,113764.07163718769
Модель 3: доход и возраст жилья,2138,105100.0,167907.35031597284
Модель 3: доход и возраст жилья,6518,88800.0,126053.30525747282
Модель 3: доход и возраст жилья,13147,231300.0,85916.83864220686
Модель 3: доход и возраст жилья,13875,245000.0,161928.4486373465
Модель 3: доход и возраст жилья,13199,323000.0,302990.60961244744
Модель 3: доход и возраст жилья,2497,240600.0,205484.36081768235
Модель 3: доход и возраст жилья,13374,398500.0,302901.8274530492
Модель 3: доход и возраст жилья,11457,65000.0,115864.11800509192
Модель 3: доход и возраст жилья,3148,296400.0,244351.76603128205
Модель 3: доход и возраст жилья,13072,270300.0,184021.03847448484
Модель 3: доход и возраст жилья,10090,143300.0,283305.86882259767
Модель 3: доход и возраст жилья,11808,105500.0,135563.72866837675
Модель 3: доход и возраст жилья,949,171200.0,229499.95827378109
Модель 3: доход и возраст жилья,5358,192800.0,157539.07512842203
Модель 3: доход и возраст жилья,12424,103800.0,97497.23509830624
Модель 3: доход и возраст жилья,2117,235200.0,391067.51058519894
Модель 3: доход и возраст жилья,1385,187500.0,89491.4109829599
Модель 3: доход и возраст жилья,11982,60000.0,210272.36835161544
Модель 3: доход и возраст жилья,16175,361000.0,259637.34216001717
Модель 3: доход и возраст жилья,388,78500.0,116074.22421630725
Модель 3: доход и возраст жилья,8661,407500.0,214273.63424931603
Модель 3: доход и возраст жилья,5100,156300.0,134023.97732886544
Модель 3: доход и возраст жилья,2073,281300.0,185292.7277254141
Модель 3: доход и возраст жилья,6181,154200.0,86145.89540158129
Модель 3: доход и возраст жилья,7553,295800.0,248832.46106022722
Модель 3: доход и возраст жилья,3246,158500.0,232837.80268010806
Модель 3: доход и возраст жилья,14657,393000.0,368926.9480168979
Модель 3: доход и возраст жилья,13030,112500.0,127026.36892271483
Модель 3: доход и возраст жилья,5116,240700.0,241249.4241233902
Модель 3: доход и возраст жилья,8063,450000.0,144999.71422346492
Модель 3: доход и возраст жилья,14703,55000.0,110979.62174125273
Модель 3: доход и возраст жилья,3678,161700.0,200592.9463381142
Модель 3: доход и возраст жилья,9139,72500.0,167738.00043980876
Модель 3: доход и возраст жилья,2131,91300.0,132848.53172064404
Модель 3: доход и возраст жилья,7166,293300.0,228051.54615201853
Модель 3: доход и возраст жилья,8108,159300.0,202507.47672951594
Модель 3: доход и возраст жилья,14396,416500.0,367996.2173962649
Модель 3: доход и возраст жилья,4578,248100.0,191474.78200407058
Модель 3: доход и возраст жилья,8981,113900.0,154553.73151042502
Модель 3: доход и возраст жилья,3030,290300.0,321551.6954150363
Модель 3: доход и возраст жилья,6015,173800.0,188034.31900688744
Модель 3: доход и возраст жилья,4219,311800.0,327255.0381263147
Модель 3: доход и возраст жилья,1776,496400.0,333271.6489072454
Модель 3: доход и возраст жилья,5114,256300.0,167188.51230785495
Модель 3: доход и возраст жилья,2743,305600.0,261894.91576339747
Модель 3: доход и возраст жилья,13981,241900.0,233266.47463236927
Модель 3: доход и возраст жилья,16940,143400.0,175572.96876034563
Модель 3: доход и возраст жилья,3440,182800.0,203948.70785062318
Модель 3: доход и возраст жилья,14616,157300.0,221998.5047979589
Модель 3: доход и возраст жилья,13004,125000.0,114847.95063819014
Модель 3: доход и возраст жилья,10409,162500.0,142794.7903867364
Модель 3: доход и возраст жилья,942,282200.0,323733.8154183518
Модель 3: доход и возраст жилья,13955,129600.0,154987.5529748435
Модель 3: доход и возраст жилья,8312,325000.0,175188.41625399317
Модель 3: доход и возраст жилья,10661,116100.0,114690.72158309663
Модель 3: доход и возраст жилья,2953,184100.0,178273.31353237134
Модель 3: доход и возраст жилья,14715,263400.0,253473.9933423216
Модель 3: доход и возраст жилья,8972,70600.0,212628.95234779615
Модель 3: доход и возраст жилья,7743,442100.0,257925.98206637372
Модель 3: доход и возраст жилья,471,139300.0,131346.489483437
Модель 3: доход и возраст жилья,11590,112500.0,166704.42383884947
Модель 3: доход и возраст жилья,1194,127100.0,120521.06342820205
Модель 3: доход и возраст жилья,2217,127900.0,244209.1263669692
Модель 3: доход и возраст жилья,41,84700.0,87955.26784150435
Модель 3: доход и возраст жилья,2986,315600.0,287961.2906293343
Модель 3: доход и возраст жилья,12619,253800.0,217229.99107976558
Модель 3: доход и возраст жилья,12303,117000.0,138034.71850064554
Модель 3: доход и возраст жилья,4379,213000.0,275051.7392193353
Модель 3: доход и возраст жилья,1611,125900.0,175175.61326451227
Модель 3: доход и возраст жилья,9696,72300.0,177484.6970061986
Модель 3: доход и возраст жилья,13589,126700.0,157220.7106397968
Модель 3: доход и возраст жилья,13582,445900.0,227378.14151444088
Модель 3: доход и возраст жилья,15710,273100.0,162416.63547880412
Модель 3: доход и возраст жилья,9824,387700.0,306809.42446412053
Модель 3: доход и возраст жилья,1506,140700.0,245429.23468868
Модель 3: доход и возраст жилья,10639,62700.0,65583.0560600221
Модель 3: доход и возраст жилья,3154,296200.0,340729.7712919376
Модель 3: доход и возраст жилья,5521,145800.0,109746.16716248036
Модель 3: доход и возраст жилья,936,171600.0,180897.94191940603
Модель 3: доход и возраст жилья,4486,163300.0,177396.17763172666
Модель 3: доход и возраст жилья,16033,265000.0,224243.4674058722
Модель 3: доход и возраст жилья,288,42500.0,18627.77079339298
Модель 3: доход и возраст жилья,3434,243400.0,286005.68802477076
Модель 3: доход и возраст жилья,16538,75000.0,110691.27748215201
Модель 3: доход и возраст жилья,8688,235100.0,240631.17321763048
Модель 3: доход и возраст жилья,15124,175000.0,139639.06345059822
Модель 3: доход и возраст жилья,8995,194100.0,349951.0443912339
Модель 3: доход и возраст жилья,12285,87900.0,107486.31698340396
Модель 3: доход и возраст жилья,14042,266500.0,173496.05980169305
Модель 3: доход и возраст жилья,8286,478400.0,222124.48818753692
Модель 3: доход и возраст жилья,2285,116500.0,205589.5364668891
Модель 3: доход и возраст жилья,6655,227200.0,149976.03987944926
Модель 3: доход и возраст жилья,2672,95700.0,241304.350465738
Модель 3: доход и возраст жилья,13350,225600.0,185787.3426082043
Модель 3: доход и возраст жилья,83,86200.0,250320.89425544636
Модель 3: доход и возраст жилья,14968,335000.0,269006.91230790806
Модель 3: доход и возраст жилья,16575,292100.0,187886.05735374897
Модель 3: доход и возраст жилья,13619,238700.0,261713.77864200142
Модель 3: доход и возраст жилья,1696,284900.0,243012.61023345028
Модель 3: доход и возраст жилья,8536,200300.0,245833.26331304412
Модель 3: доход и возраст жилья,271,172900.0,149513.26702293952
Модель 3: доход и возраст жилья,3694,500001.0,183831.21443378815
Модель 3: доход и возраст жилья,5301,210800.0,269291.15819455666
Модель 3: доход и возраст жилья,5123,108800.0,204408.9413465105
Модель 3: доход и возраст жилья,6893,290500.0,271459.4417664142
Модель 3: доход и возраст жилья,1968,104000.0,162693.9808474518
Модель 3: доход и возраст жилья,5938,153100.0,146149.0105851438
Модель 3: доход и возраст жилья,1154,84100.0,130087.37583251858
Модель 3: доход и возраст жилья,2347,108200.0,209138.4851309523
Модель 3: доход и возраст жилья,297,100000.0,198043.70076023188
Модель 3: доход и возраст жилья,4201,134800.0,204791.1995794386
Модель 3: доход и возраст жилья,4157,382500.0,325566.51726154046
Модель 3: доход и возраст жилья,159,69400.0,177806.14412302696
Модель 3: доход и возраст жилья,3376,225000.0,186282.4476653909
Модель 3: доход и возраст жилья,3431,288700.0,300785.40529306454
Модель 3: доход и возраст жилья,9634,112500.0,108129.73678691329
Модель 3: доход и возраст жилья,3099,235900.0,288901.75930897315
Модель 3: доход и возраст жилья,14941,241700.0,109155.64221282091
Модель 3: доход и возраст жилья,13428,315200.0,225198.57856947597
Модель 3: доход и возраст жилья,13730,178100.0,177630.68208364086
Модель 3: доход и возраст жилья,5090,207400.0,206778.32833217207
Модель 3: доход и возраст жилья,15840,500001.0,430715.79035900725
Модель 3: доход и возраст жилья,11529,191400.0,211316.26167461745
Модель 3: доход и возраст жилья,796,108800.0,59717.82495588927
Модель 3: доход и возраст жилья,10873,116700.0,96100.12342310775
Модель 3: доход и возраст жилья,4117,174200.0,205092.62731067467
Модель 3: доход и возраст жилья,14669,208100.0,241310.98819881264
Модель 3: доход и возраст жилья,14511,500001.0,627608.9625228887
Модель 3: доход и возраст жилья,16678,248300.0,183084.9486499525
Модель 3: доход и возраст жилья,13909,221200.0,229040.7582198709
Модель 3: доход и возраст жилья,6729,107300.0,140256.5613970352
Модель 3: доход и возраст жилья,16904,98100.0,187800.11273535568
Модель 3: доход и возраст жилья,15643,500001.0,471637.0733083763
Модель 3: доход и возраст жилья,15592,104300.0,158302.295367375
Модель 3: доход и возраст жилья,12694,121000.0,137137.5809121366
Модель 3: доход и возраст жилья,6479,325000.0,109602.77453884481
Модель 3: доход и возраст жилья,14907,452600.0,422520.9305577431
Модель 3: доход и возраст жилья,199,258100.0,216483.46251100366
Модель 3: доход и возраст жилья,256,124100.0,134448.0253388219
Модель 3: доход и возраст жилья,5888,155500.0,143540.53060071944
Модель 3: доход и возраст жилья,6676,254200.0,184268.08313095366
Модель 3: доход и возраст жилья,11338,390800.0,148353.7247301303
Модель 3: доход и возраст жилья,12562,168900.0,164062.10573510284
Модель 3: доход и возраст жилья,6421,197500.0,271646.7087487603
Модель 3: доход и возраст жилья,10397,198400.0,202290.47000029968
Модель 3: доход и возраст жилья,1722,124600.0,181366.40755565374
Модель 3: доход и возраст жилья,4583,260100.0,215581.9637651163
Модель 3: доход и возраст жилья,12226,85900.0,161004.3734475162
Модель 3: доход и возраст жилья,16872,79800.0,119983.09975655386
Модель 3: доход и возраст жилья,2701,322800.0,247884.32120553666
Модель 3: доход и возраст жилья,12188,67000.0,95437.22750158672
Модель 3: доход и возраст жилья,11474,244300.0,196912.90016777194
Модель 3: доход и возраст жилья,16233,371500.0,299243.83215679723
Модель 3: доход и возраст жилья,14854,94800.0,202355.34409339546
Модель 3: доход и возраст жилья,14470,500001.0,560117.5127310955
Модель 3: доход и возраст жилья,2111,146800.0,165848.37616123044
Модель 3: доход и возраст жилья,13208,182500.0,173444.46117474654
Модель 3: доход и возраст жилья,2315,108800.0,85861.42212546256
Модель 3: доход и возраст жилья,8571,500001.0,598952.8485289447
Модель 3: доход и возраст жилья,16693,172900.0,178027.79249227597
Модель 3: доход и возраст жилья,2331,124600.0,194295.4350836644
Модель 3: доход и возраст жилья,7110,101000.0,155910.03375738798
Модель 3: доход и возраст жилья,4030,137500.0,142749.37471392425
Модель 3: доход и возраст жилья,4921,277600.0,270032.5726466174
Модель 3: доход и возраст жилья,15903,92200.0,125184.1741077185
Модель 3: доход и возраст жилья,7243,262900.0,192160.23667180646
Модель 3: доход и возраст жилья,7432,269700.0,232176.4303749605
Модель 3: доход и возраст жилья,7980,500001.0,267541.3183415581
Модель 3: доход и возраст жилья,977,136300.0,215309.7679086259
Модель 3: доход и возраст жилья,4343,222800.0,198565.76111646797
Модель 3: доход и возраст жилья,213,84000.0,126085.39237095148
Модель 3: доход и возраст жилья,9480,423300.0,204888.6863558656
Модель 3: доход и возраст жилья,1187,175300.0,244295.31607256064
Модель 3: доход и возраст жилья,5743,144800.0,167465.05162399568
Модель 3: доход и возраст жилья,702,178600.0,190207.48930597593
Модель 3: доход и возраст жилья,11237,164000.0,211242.89265623494
Модель 3: доход и возраст жилья,6370,187500.0,220931.29976941936
Модель 3: доход и возраст жилья,16056,418400.0,238441.08385888083
Модель 3: доход и возраст жилья,15453,286500.0,289005.6387312765
Модель 3: доход и возраст жилья,7613,400000.0,270791.9219025884
Модель 3: доход и возраст жилья,4889,175200.0,211588.68492057797
Модель 3: доход и возраст жилья,13899,220500.0,150933.21792700724
Модель 3: доход и возраст жилья,11884,152400.0,186753.9605343856
Модель 3: доход и возраст жилья,5519,381400.0,250066.16072619776
Модель 3: доход и возраст жилья,6921,500001.0,405186.87129259406
Модель 3: доход и возраст жилья,16422,463500.0,448132.97439927276
Модель 3: доход и возраст жилья,12447,131300.0,732708.494185621
Модель 3: доход и возраст жилья,5216,500001.0,204470.76820685924
Модель 3: доход и возраст жилья,11035,95500.0,154084.0050427301
Модель 3: доход и возраст жилья,6960,98400.0,132757.1571074391
Модель 3: доход и возраст жилья,5255,208700.0,150270.05922055992
Модель 3: доход и возраст жилья,9531,92600.0,109878.56089566286
Модель 3: доход и возраст жилья,7230,278100.0,332035.9000550487
Модель 3: доход и возраст жилья,6692,290600.0,131988.8581472412
Модель 3: доход и возраст жилья,1628,180100.0,171700.27870602976
Модель 3: доход и возраст жилья,12076,170800.0,101308.64155985396
Модель 3: доход и возраст жилья,15604,91500.0,131236.40940927117
Модель 3: доход и возраст жилья,2216,120700.0,228933.77847163624
Модель 3: доход и возраст жилья,8748,407000.0,330348.13214959716
Модель 3: доход и возраст жилья,4224,167000.0,173176.13630123815
Модель 3: доход и возраст жилья,16443,103100.0,161525.69854215762
Модель 3: доход и возраст жилья,11735,155400.0,101048.75851844806
Модель 3: доход и возраст жилья,13569,287100.0,242404.88574147533
Модель 3: доход и возраст жилья,1003,159500.0,101509.25479926165
Модель 3: доход и возраст жилья,11687,91300.0,125015.36749913509
Модель 3: доход и возраст жилья,10246,47700.0,123165.97398575538
Модель 3: доход и возраст жилья,2835,261800.0,304201.2072646225
Модель 3: доход и возраст жилья,9189,73000.0,153933.6765056375
Модель 3: доход и возраст жилья,3888,181800.0,237047.5803817381
Модель 3: доход и возраст жилья,8665,222500.0,254655.11403255284
Модель 3: доход и возраст жилья,5549,156000.0,178597.0372248959
Модель 3: доход и возраст жилья,12674,133400.0,200962.103401179
Модель 3: доход и возраст жилья,8561,477200.0,368141.151334002
Модель 3: доход и возраст жилья,7695,181700.0,159596.26288186468
Модель 3: доход и возраст жилья,809,444100.0,377063.85194079526
Модель 3: доход и возраст жилья,1833,138200.0,185144.16789189313
Модель 3: доход и возраст жилья,6500,99200.0,123263.9509365788
Модель 3: доход и возраст жилья,8360,473000.0,331691.6137093511
Модель 3: доход и возраст жилья,7052,279300.0,185518.96464151164
Модель 3: доход и возраст жилья,12592,305600.0,252523.80430140498
Модель 3: доход и возраст жилья,4814,163200.0,200140.6468022049
Модель 3: доход и возраст жилья,16778,134100.0,185769.35471110992
Модель 3: доход и возраст жилья,14046,271000.0,158718.89959174988
Модель 3: доход и возраст жилья,8893,57300.0,139478.48898237527
Модель 3: доход и возраст жилья,15652,71600.0,130748.97552713624
Модель 3: доход и возраст жилья,15837,450000.0,263696.54623735644
Модель 3: доход и возраст жилья,1600,73500.0,111435.49407976159
Модель 3: доход и возраст жилья,7098,114200.0,157261.99254470062
Модель 3: доход и возраст жилья,13316,346700.0,331048.229301298
Модель 3: доход и возраст жилья,7256,246900.0,190807.5249251711
Модель 3: доход и возраст жилья,7861,226400.0,164322.7240381034
Модель 3: доход и возраст жилья,7598,262500.0,190323.43645616563
Модель 3: доход и возраст жилья,2345,149900.0,218862.6052533992
Модель 3: доход и возраст жилья,1331,177800.0,135510.36133785854
Модель 3: доход и возраст жилья,2355,191700.0,222269.1947358039
Модель 3: доход и возраст жилья,10781,233700.0,115802.55392966943
Модель 3: доход и возраст жилья,5792,190600.0,190031.99187113368
Модель 3: доход и возраст жилья,4941,483300.0,490766.1076166817
Модель 3: доход и возраст жилья,2194,101600.0,166992.24252809762
Модель 3: доход и возраст жилья,9915,94200.0,136057.04732426358
Модель 3: доход и возраст жилья,3880,195200.0,268770.1312802977
Модель 3: доход и возраст жилья,1377,240000.0,130795.68742685174
Модель 3: доход и возраст жилья,16495,267100.0,260504.98508885424
Модель 3: доход и возраст жилья,3316,249400.0,292460.97160189477
Модель 3: доход и возраст жилья,13767,194000.0,226897.38076083676
Модель 3: доход и возраст жилья,7862,211900.0,171684.37539061767
Модель 3: доход и возраст жилья,8850,343900.0,328159.88228533155
Модель 3: доход и возраст жилья,1936,500001.0,329649.3312247997
Модель 3: доход и возраст жилья,2441,117000.0,106812.42217142989
Модель 3: доход и возраст жилья,3547,500001.0,475878.16746643424
Модель 3: доход и возраст жилья,7241,314900.0,282168.8852760032
Модель 3: доход и возраст жилья,5846,122800.0,181959.73465086194
Модель 3: доход и возраст жилья,14283,184200.0,214191.0173463241
Модель 3: доход и возраст жилья,14524,122000.0,215918.28075537973
Модель 3: доход и возраст жилья,7189,200000.0,211928.85519609533
Модель 3: доход и возраст жилья,6460,230800.0,280234.0550163548
Модель 3: доход и возраст жилья,16510,228800.0,251042.77949631124
Модель 3: доход и возраст жилья,15242,322200.0,245293.7937227505
Модель 3: доход и возраст жилья,12945,195800.0,268342.73785721173
Модель 3: доход и возраст жилья,8701,221900.0,243126.2808079438
Модель 3: доход и возраст жилья,2045,262100.0,253781.6217254201
Модель 3: доход и возраст жилья,7723,417900.0,212448.58588345093
Модель 3: доход и возраст жилья,205,97800.0,146636.9700371313
Модель 3: доход и возраст жилья,15455,261900.0,203799.65784270584
Модель 3: доход и возраст жилья,6586,200000.0,93470.85339604026
Модель 3: доход и возраст жилья,10998,151500.0,141626.77086636852
Модель 3: доход и возраст жилья,10319,94200.0,177711.49488760493
Модель 3: доход и возраст жилья,4622,355600.0,346865.1313686067
Модель 3: доход и возраст жилья,6687,210000.0,113808.71665294904
Модель 3: доход и возраст жилья,13059,273700.0,313785.2447811071
Модель 3: доход и возраст жилья,4278,212300.0,231866.52541616582
Модель 3: доход и возраст жилья,14701,500001.0,492423.89068806486
Модель 3: доход и возраст жилья,3031,242000.0,226287.34429770944
Модель 3: доход и возраст жилья,7758,427200.0,246068.7658114792
Модель 3: доход и возраст жилья,1925,157300.0,124027.69674538431
Модель 3: доход и возраст жилья,3432,467600.0,589584.8373928834
Модель 3: доход и возраст жилья,14704,53500.0,136966.97020452534
Модель 3: доход и возраст жилья,9177,250800.0,254897.81522937134
Модель 3: доход и возраст жилья,16907,119700.0,158662.9752028811
Модель 3: доход и возраст жилья,13335,369100.0,298289.77213289856
Модель 3: доход и возраст жилья,11650,92300.0,132588.613283782
Модель 3: доход и возраст жилья,5113,251400.0,284969.51897000475
Модель 3: доход и возраст жилья,16615,121600.0,140015.4369097745
Модель 3: доход и возраст жилья,5470,238300.0,192770.04574546363
Модель 3: доход и возраст жилья,8218,359100.0,216585.31044480906
Модель 3: доход и возраст жилья,6972,120000.0,162831.69838907747
Модель 3: доход и возраст жилья,6481,275000.0,61517.94951120289
Модель 3: доход и возраст жилья,8976,173400.0,161210.6617689338
Модель 3: доход и возраст жилья,15155,404000.0,315826.003649285
Модель 3: доход и возраст жилья,269,116500.0,148578.7008147807
Модель 3: доход и возраст жилья,11312,139000.0,150594.08109346693
Модель 3: доход и возраст жилья,7512,125900.0,120785.79780138278
Модель 3: доход и возраст жилья,13552,324600.0,325812.03830163577
Модель 3: доход и возраст жилья,459,228900.0,314946.0656030916
Модель 3: доход и возраст жилья,5361,234400.0,221903.5750798825
Модель 3: доход и возраст жилья,4024,215700.0,227376.8452875375
Модель 3: доход и возраст жилья,5134,310900.0,358617.1365788383
Модель 3: доход и возраст жилья,3485,287200.0,376122.8399935757
Модель 3: доход и возраст жилья,13796,346300.0,335579.22673028626
Модель 3: доход и возраст жилья,4261,192800.0,179656.81616558193
Модель 3: доход и возраст жилья,15700,321600.0,275031.1942638904
Модель 3: доход и возраст жилья,12584,162800.0,180070.61824440808
Модель 3: доход и возраст жилья,10771,87500.0,91967.28754245973
Модель 3: доход и возраст жилья,9709,50000.0,141957.16768742388
Модель 3: доход и возраст жилья,6852,117400.0,243089.56975216043
Модель 3: доход и возраст жилья,16331,68800.0,97435.40823795745
Модель 3: доход и возраст жилья,14376,432900.0,311090.8024805614
Модель 3: доход и возраст жилья,16731,276200.0,243572.66017464502
Модель 3: доход и возраст жилья,3088,500001.0,533466.7604741774
Модель 3: доход и возраст жилья,5661,167700.0,271199.5410272802
Модель 3: доход и возраст жилья,16395,292500.0,235998.08276763858
Модель 3: доход и возраст жилья,6027,154200.0,121351.46973140312
Модель 3: доход и возраст жилья,12826,236200.0,189433.51526376817
Модель 3: доход и возраст жилья,2201,184400.0,94054.47782769882
Модель 3: доход и возраст жилья,8301,493400.0,343410.8142422375
Модель 3: доход и возраст жилья,16559,306000.0,205523.34844916195
Модель 3: доход и возраст жилья,14400,144900.0,176281.2626569507
Модель 3: доход и возраст жилья,872,114300.0,127337.79749788297
Модель 3: доход и возраст жилья,6580,275000.0,134590.64730540666
Модель 3: доход и возраст жилья,16765,117100.0,170571.2291194134
Модель 3: доход и возраст жилья,11752,45000.0,144623.62124694305
Модель 3: доход и возраст жилья,13170,283300.0,324612.68462711194
Модель 3: доход и возраст жилья,10773,256700.0,189028.19041250064
Модель 3: доход и возраст жилья,11790,94600.0,82022.30740554271
Модель 3: доход и возраст жилья,13898,202300.0,259642.99954429903
Модель 3: доход и возраст жилья,12632,200200.0,182984.90481517496
Модель 3: доход и возраст жилья,3226,14999.0,261402.57745630338
Модель 3: доход и возраст жилья,16115,367700.0,305695.54293132166
Модель 3: доход и возраст жилья,15339,209800.0,257775.91631420737
Модель 3: доход и возраст жилья,548,160200.0,135269.9898099205
Модель 3: доход и возраст жилья,12219,65800.0,114330.00635213431
Модель 3: доход и возраст жилья,9992,61900.0,91727.66897384441
Модель 3: доход и возраст жилья,6571,190000.0,146911.4424693179
Модель 3: доход и возраст жилья,5633,132200.0,146270.8602068135
Модель 3: доход и возраст жилья,7072,380400.0,214816.69433993724
Модель 3: доход и возраст жилья,7928,469800.0,269615.4251546619
Модель 3: доход и возраст жилья,11602,69900.0,171985.7677263975
Модель 3: доход и возраст жилья,6849,93300.0,149937.56012009422
Модель 3: доход и возраст жилья,9278,66200.0,133398.52772472237
Модель 3: доход и возраст жилья,12191,60900.0,168477.61079284173
Модель 3: доход и возраст жилья,1731,142600.0,207060.78781752088
Модель 3: доход и возраст жилья,8458,500001.0,613634.2906660325
Модель 3: доход и возраст жилья,1990,88300.0,116481.87873645518
Модель 3: доход и возраст жилья,7593,184400.0,166315.2473901923
Модель 3: доход и возраст жилья,2473,219000.0,258152.79764550817
Модель 3: доход и возраст жилья,4003,160100.0,207867.60193253003
Модель 3: доход и возраст жилья,6237,213100.0,237727.16797345015
Модель 3: доход и возраст жилья,8039,225600.0,172755.15322175674
Модель 3: доход и возраст жилья,14519,196900.0,320911.86611185456
Модель 3: доход и возраст жилья,7747,337600.0,346577.5400688287
Модель 3: доход и возраст жилья,4556,313100.0,300931.1098878524
Модель 3: доход и возраст жилья,15047,299200.0,238109.63589812032
Модель 3: доход и возраст жилья,7717,375000.0,163151.63958726043
Модель 3: доход и возраст жилья,1337,199100.0,148238.5305392633
Модель 3: доход и возраст жилья,12454,102900.0,131492.45686315122
Модель 3: доход и возраст жилья,14678,93800.0,248890.41693759392
Модель 3: доход и возраст жилья,6556,397500.0,314565.08589933877
Модель 3: доход и возраст жилья,16306,441100.0,281310.0000573793
Модель 3: доход и возраст жилья,14598,425000.0,254319.5500016121
Модель 3: доход и возраст жилья,16387,500001.0,233457.83998716748
Модель 3: доход и возраст жилья,4488,182100.0,132786.6871625672
Модель 3: доход и возраст жилья,766,129200.0,179042.9087194726
Модель 3: доход и возраст жилья,6046,171300.0,246957.91634682592
Модель 3: доход и возраст жилья,3383,151800.0,71192.53789065739
Модель 3: доход и возраст жилья,8445,273100.0,325005.20648889855
Модель 3: доход и возраст жилья,12200,68500.0,131889.28678913196
Модель 3: доход и возраст жилья,11892,175200.0,272571.274112987
Модель 3: доход и возраст жилья,6264,210000.0,233800.8124082336
Модель 3: доход и возраст жилья,4145,383900.0,318460.40549078176
Модель 3: доход и возраст жилья,10833,250600.0,160367.4347785237
Модель 3: доход и возраст жилья,16106,500001.0,243761.6958605628
Модель 3: доход и возраст жилья,7996,337500.0,225912.79263528914
Модель 3: доход и возраст жилья,9136,57400.0,131330.3056853705
Модель 3: доход и возраст жилья,6380,500001.0,257215.86637301266
Модель 3: доход и возраст жилья,4881,178800.0,170854.9671339375
Модель 3: доход и возраст жилья,14305,222600.0,239985.19635577057
Модель 3: доход и возраст жилья,10587,122600.0,146906.32835261675
Модель 3: доход и возраст жилья,14040,179300.0,137512.13257455692
Модель 3: доход и возраст жилья,6760,329400.0,222132.43984524297
Модель 3: доход и возраст жилья,4725,162800.0,187457.63048868594
Модель 3: доход и возраст жилья,16477,189100.0,148394.76154783592
Модель 3: доход и возраст жилья,16141,284700.0,250802.95123595386
Модель 3: доход и возраст жилья,532,131000.0,218860.03049732055
Модель 3: доход и возраст жилья,15728,350000.0,156096.0399082869
Модель 3: доход и возраст жилья,11902,32500.0,102768.3330547239
Модель 3: доход и возраст жилья,6122,112500.0,148067.65704672574
Модель 3: доход и возраст жилья,8184,193800.0,253417.3159941301
Модель 3: доход и возраст жилья,3025,354900.0,368993.64390674955
Модель 3: доход и возраст жилья,14615,140600.0,242320.46473945555
Модель 3: доход и возраст жилья,14471,350000.0,240950.5711482328
Модель 3: доход и возраст жилья,4661,157700.0,224485.39794563985
Модель 3: доход и возраст жилья,9089,73000.0,153039.39415586158
Модель 3: доход и возраст жилья,2637,288100.0,255303.91073768958
Модель 3: доход и возраст жилья,5333,154900.0,205644.16462885452
Модель 3: доход и возраст жилья,5927,241700.0,214039.6553672544
Модель 3: доход и возраст жилья,912,118200.0,154012.1773384492
Модель 3: доход и возраст жилья,16230,311800.0,239278.426075539
Модель 3: доход и возраст жилья,848,172800.0,224055.9553363279
Модель 3: доход и возраст жилья,7071,175000.0,146610.01473808187
Модель 3: доход и возраст жилья,13064,335600.0,321088.1342037477
Модель 3: доход и возраст жилья,3613,500001.0,451025.71796807373
Модель 3: доход и возраст жилья,13495,500001.0,539807.6205174851
Модель 3: доход и возраст жилья,11268,182700.0,200216.6082743941
Модель 3: доход и возраст жилья,15329,76400.0,98217.59672279764
Модель 3: доход и возраст жилья,11040,139100.0,144435.84639247245
Модель 3: доход и возраст жилья,13577,277300.0,254893.19128706658
Модель 3: доход и возраст жилья,13694,256300.0,247024.36714947943
Модель 3: доход и возраст жилья,1823,97600.0,242824.0647219289
Модель 3: доход и возраст жилья,2188,127600.0,148020.22758314371
Модель 3: доход и возраст жилья,12736,338400.0,346381.813556652
Модель 3: доход и возраст жилья,14820,137000.0,159089.82535838636
Модель 3: доход и возраст жилья,14571,145800.0,190988.62665111094
Модель 3: доход и возраст жилья,14204,259300.0,272778.80556812364
Модель 3: доход и возраст жилья,14334,187200.0,186011.28525087758
Модель 3: доход и возраст жилья,2377,103000.0,162348.9415424315
Модель 3: доход и возраст жилья,4604,177600.0,260375.4111989486
Модель 3: доход и возраст жилья,9588,50200.0,92258.45164483732
Модель 3: доход и возраст жилья,5319,500001.0,276744.3761542898
Модель 3: доход и возраст жилья,5236,226500.0,223211.41442128635
Модель 3: доход и возраст жилья,14498,186900.0,261549.3331907965
Модель 3: доход и возраст жилья,13749,275000.0,210541.25419043258
Модель 3: доход и возраст жилья,10628,60400.0,85993.27259106438
Модель 3: доход и возраст жилья,13466,262500.0,253883.94213589383
Модель 3: доход и возраст жилья,9010,54700.0,132285.6619361725
Модель 3: доход и возраст жилья,4894,160100.0,236149.18196178196
Модель 3: доход и возраст жилья,2435,139300.0,120742.97458237738
Модель 3: доход и возраст жилья,16522,193300.0,176582.9708708411
Модель 3: доход и возраст жилья,12039,79000.0,188348.8479079868
Модель 3: доход и возраст жилья,16722,261500.0,252725.67837225986
Модель 3: доход и возраст жилья,7545,205000.0,188322.41817878996
Модель 3: доход и возраст жилья,5414,266300.0,174651.73111152026
Модель 3: доход и возраст жилья,7222,181800.0,202035.43829066865
Модель 3: доход и возраст жилья,55,67500.0,92496.79168427737
Модель 3: доход и возраст жилья,3573,267100.0,246988.72493112928
Модель 3: доход и возраст жилья,222,134600.0,150652.56254068625
Модель 3: доход и возраст жилья,14756,197000.0,286416.9153475183
Модель 3: доход и возраст жилья,4236,214400.0,221489.28282665994
Модель 3: доход и возраст жилья,389,153500.0,122292.20119596826
Модель 3: доход и возраст жилья,14534,192600.0,201592.91220922137
Модель 3: доход и возраст жилья,12436,264700.0,239019.10399944187
Модель 3: доход и возраст жилья,4863,324400.0,222532.61518435317
Модель 3: доход и возраст жилья,5320,56800.0,132827.21610814834
Модель 3: доход и возраст жилья,2946,375700.0,327767.6409061993
Модель 3: доход и возраст жилья,3866,184900.0,234176.6602975573
Модель 3: доход и возраст жилья,14959,166900.0,236124.29354668668
Модель 3: доход и возраст жилья,10973,133100.0,162498.49942247334
Модель 3: доход и возраст жилья,2243,105500.0,193364.44167810513
Модель 3: доход и возраст жилья,15784,193800.0,192282.59416560063
Модель 3: доход и возраст жилья,16953,86400.0,184282.70791719048
Модель 3: доход и возраст жилья,3555,149500.0,228490.48173313818
Модель 3: доход и возраст жилья,5463,176600.0,148349.590962222
Модель 3: доход и возраст жилья,5780,156700.0,218035.4912701433
Модель 3: доход и возраст жилья,10895,103800.0,114780.25670181755
Модель 3: доход и возраст жилья,1303,179800.0,173360.05787045485
Модель 3: доход и возраст жилья,544,121900.0,162016.96801181842
Модель 3: доход и возраст жилья,3990,333300.0,351411.7693280808
Модель 3: доход и возраст жилья,10374,110900.0,199177.6193763512
Модель 3: доход и возраст жилья,12332,52800.0,150306.45439823272
Модель 3: доход и возраст жилья,12442,73800.0,121449.98994980719
Модель 3: доход и возраст жилья,5059,215600.0,151229.23336115963
Модель 3: доход и возраст жилья,11688,90700.0,131515.80396414493
Модель 3: доход и возраст жилья,16427,250500.0,234681.55650693405
Модель 3: доход и возраст жилья,1980,68500.0,133145.3178118473
Модель 3: доход и возраст жилья,3406,141300.0,225662.91043781536
Модель 3: доход и возраст жилья,6287,105000.0,122215.48676445632
Модель 3: доход и возраст жилья,6361,238200.0,245968.4414940473
Модель 3: доход и возраст жилья,9626,90500.0,195313.37115413786
Модель 3: доход и возраст жилья,4854,103500.0,186659.03081630918
Модель 3: доход и возраст жилья,2758,355600.0,285865.8859014629
Модель 3: доход и возраст жилья,4002,143900.0,175144.80468020888
Модель 3: доход и возраст жилья,5008,218100.0,293979.67011383665
Модель 3: доход и возраст жилья,376,95600.0,100484.1200304048
Модель 3: доход и возраст жилья,9857,88300.0,127384.2466126722
Модель 3: доход и возраст жилья,8681,196800.0,204863.78024304225
Модель 3: доход и возраст жилья,14162,222000.0,221292.5405702343
Модель 3: доход и возраст жилья,390,137600.0,117901.81194279478
Модель 3: доход и возраст жилья,16507,151600.0,223072.89082715375
Модель 3: доход и возраст жилья,5471,179800.0,211973.2374269304
Модель 3: доход и возраст жилья,9859,384400.0,292920.67952792946
Модель 3: доход и возраст жилья,6233,103000.0,156213.52837257818
Модель 3: доход и возраст жилья,15733,214600.0,168270.06163997698
Модель 3: доход и возраст жилья,6092,200000.0,154879.27699970556
Модель 3: доход и возраст жилья,564,120800.0,185813.99972687123
Модель 3: доход и возраст жилья,13683,344100.0,325697.089197967
Модель 3: доход и возраст жилья,6925,67500.0,118169.87403137688
Модель 3: доход и возраст жилья,7097,189700.0,219460.04841878763
Модель 3: доход и возраст жилья,2591,42100.0,134712.51462480443
Модель 3: доход и возраст жилья,9587,68300.0,90071.9881818715
Модель 3: доход и возраст жилья,6745,155500.0,279715.8656431008
Модель 3: доход и возраст жилья,3857,267900.0,236167.66003327278
Модель 3: доход и возраст жилья,315,187200.0,233882.93913682914
Модель 3: доход и возраст жилья,16929,73600.0,184658.29302158786
Модель 3: доход и возраст жилья,14822,137500.0,206497.91803304933
Модель 3: доход и возраст жилья,14266,253500.0,272605.1299300373
Модель 3: доход и возраст жилья,14383,500001.0,602702.1830429453
Модель 3: доход и возраст жилья,7025,277900.0,218395.94371617935
Модель 3: доход и возраст жилья,7518,313700.0,281023.44219957833
Модель 3: доход и возраст жилья,13126,204700.0,176795.6518381351
Модель 3: доход и возраст жилья,12821,253100.0,288683.96422497806
Модель 3: доход и возраст жилья,6232,92600.0,108671.78113328553
Модель 3: доход и возраст жилья,16742,163500.0,180939.22382430983
Модель 3: доход и возраст жилья,8250,500001.0,339026.83533266856
Модель 3: доход и возраст жилья,12141,151300.0,225144.19549470875
Модель 3: доход и возраст жилья,14603,202300.0,267813.4965003204
Модель 3: доход и возраст жилья,13888,157700.0,251896.83108088849
Модель 3: доход и возраст жилья,744,94400.0,156151.96429715568
Модель 3: доход и возраст жилья,2747,121800.0,189778.29178386214
Модель 3: доход и возраст жилья,8099,153500.0,192096.3606252316
Модель 3: доход и возраст жилья,5069,205600.0,156686.07468354993
Модель 3: доход и возраст жилья,16796,84700.0,102111.33960468289
Модель 3: доход и возраст жилья,2010,91700.0,55503.65070142459
Модель 3: доход и возраст жилья,15394,154000.0,200868.43451454976
Модель 3: доход и возраст жилья,15792,275900.0,243438.97021455914
Модель 3: доход и возраст жилья,5034,102600.0,100475.39771564795
Модель 3: доход и возраст жилья,15529,112500.0,165816.83231533246
Модель 3: доход и возраст жилья,9986,85500.0,192453.7304430645
Модель 3: доход и возраст жилья,4121,199600.0,198334.356990485
Модель 3: доход и возраст жилья,2592,85700.0,188384.78830671942
Модель 3: доход и возраст жилья,14123,173400.0,192277.2526594294
Модель 3: доход и возраст жилья,16955,100600.0,177140.42835822905
Модель 3: доход и возраст жилья,11874,123300.0,193700.00570904586
Модель 3: доход и возраст жилья,14891,86400.0,120997.20023950147
Модель 3: доход и возраст жилья,13527,339300.0,218208.93951875952
Модель 3: доход и возраст жилья,7783,240200.0,189080.4889055856
Модель 3: доход и возраст жилья,4400,352200.0,270968.39968622354
Модель 3: доход и возраст жилья,5988,126800.0,133620.9467510222
Модель 3: доход и возраст жилья,4294,290800.0,315266.4792779429
Модель 3: доход и возраст жилья,3313,231400.0,209290.10989494828
Модель 3: доход и возраст жилья,8043,386100.0,191483.5043188274
Модель 3: доход и возраст жилья,16458,71300.0,204043.39248150142
Модель 3: доход и возраст жилья,1040,134700.0,150524.7927498085
Модель 3: доход и возраст жилья,12848,165200.0,229639.79579254516
Модель 3: доход и возраст жилья,6832,187500.0,133466.50214374936
Модель 3: доход и возраст жилья,15766,225000.0,162024.88427406832
Модель 3: доход и возраст жилья,5983,110700.0,218119.12391738422
Модель 3: доход и возраст жилья,2621,237900.0,282313.85460919654
Модель 3: доход и возраст жилья,1140,150000.0,105635.92542350336
Модель 3: доход и возраст жилья,2554,239000.0,321191.5057539265
Модель 3: доход и возраст жилья,587,163000.0,193249.51027216442
Модель 3: доход и возраст жилья,6490,116100.0,130380.34403392402
Модель 3: доход и возраст жилья,4150,153000.0,152115.84453588387
Модель 3: доход и возраст жилья,1321,187300.0,163799.15776322194
Модель 3: доход и возраст жилья,2332,105600.0,188214.42268630632
Модель 3: доход и возраст жилья,7182,17500.0,159191.4282049936
Модель 3: доход и возраст жилья,8067,335400.0,196333.0936259111
Модель 3: доход и возраст жилья,2142,82200.0,164181.6256878921
Модель 3: доход и возраст жилья,12725,139900.0,229862.7226909695
Модель 3: доход и возраст жилья,914,123800.0,139648.83690506025
Модель 3: доход и возраст жилья,15481,185200.0,266006.45372927777
Модель 3: доход и возраст жилья,9438,62200.0,78154.4863807298
Модель 3: доход и возраст жилья,15971,354300.0,228908.39988214456
Модель 3: доход и возраст жилья,3233,180600.0,185117.75586042437
Модель 3: доход и возраст жилья,5136,176700.0,147130.77886741454
Модель 3: доход и возраст жилья,8180,67900.0,106020.98580198029
Модель 3: доход и возраст жилья,15365,75000.0,340154.30820972717
Модель 3: доход и возраст жилья,2779,239500.0,270659.8086520603
Модель 3: доход и возраст жилья,252,125200.0,201328.9661908195
Модель 3: доход и возраст жилья,9104,50900.0,134878.4836923829
Модель 3: доход и возраст жилья,1172,80000.0,108605.87359821271
Модель 3: доход и возраст жилья,10772,112500.0,128570.48141960456
Модель 3: доход и возраст жилья,16930,90200.0,138344.60576171213
Модель 3: доход и возраст жилья,11646,65400.0,175661.20765216317
Модель 3: доход и возраст жилья,16532,190300.0,199462.63592005058
Модель 3: доход и возраст жилья,16090,267000.0,241927.2253138024
Модель 3: доход и возраст жилья,11635,132500.0,192273.90724629996
Модель 3: доход и возраст жилья,10279,88100.0,121680.62341873936
Модель 3: доход и возраст жилья,3769,185400.0,160471.05141590082
Модель 3: доход и возраст жилья,15523,287500.0,236169.9720044251
Модель 3: доход и возраст жилья,13975,349100.0,374174.9439595201
Модель 3: доход и возраст жилья,6443,354700.0,311968.91872999887
Модель 3: доход и возраст жилья,4623,500001.0,475842.2624631578
Модель 3: доход и возраст жилья,2081,103800.0,121098.54030118241
Модель 3: доход и возраст жилья,7627,500001.0,320993.43187514134
Модель 3: доход и возраст жилья,16077,264200.0,299353.36896338244
Модель 3: доход и возраст жилья,2763,80600.0,147901.6879791473
Модель 3: доход и возраст жилья,1468,411600.0,345908.7239780996
Модель 3: доход и возраст жилья,5045,490400.0,334495.57511875394
Модель 3: доход и возраст жилья,12431,61200.0,113470.35047645953
Модель 3: доход и возраст жилья,5801,187500.0,89673.30106367859
Модель 3: доход и возраст жилья,3536,275900.0,323155.56788832066
Модель 3: доход и возраст жилья,13093,87000.0,180363.81383528365
Модель 3: доход и возраст жилья,11389,213800.0,217528.09109560028
Модель 3: доход и возраст жилья,4081,152500.0,163831.4545684426
Модель 3: доход и возраст жилья,14357,369900.0,335410.68290662917
Модель 3: доход и возраст жилья,3655,170100.0,205708.04067542937
Модель 3: доход и возраст жилья,15153,351800.0,286897.90349059255
Модель 3: доход и возраст жилья,60,62200.0,106519.43627229634
Модель 3: доход и возраст жилья,2230,148900.0,273144.8800029853
Модель 3: доход и возраст жилья,2552,354000.0,393630.0847224147
Модель 3: доход и возраст жилья,12927,142100.0,168354.74542692304
Модель 3: доход и возраст жилья,4716,163900.0,173546.30910855194
Модель 3: доход и возраст жилья,12277,93800.0,201893.58698113466
Модель 3: доход и возраст жилья,10252,62300.0,146083.08535234287
Модель 3: доход и возраст жилья,3020,174600.0,173076.8631235114
Модель 3: доход и возраст жилья,13465,260000.0,190842.92205632303
Модель 3: доход и возраст жилья,246,89600.0,157471.36349432135
Модель 3: доход и возраст жилья,15912,500001.0,244551.06534605823
Модель 3: доход и возраст жилья,9221,158300.0,137498.52353256903
Модель 3: доход и возраст жилья,180,91800.0,152767.21599709927
Модель 3: доход и возраст жилья,184,100000.0,167920.43378810812
Модель 3: доход и возраст жилья,10835,128600.0,115188.40139636189
Модель 3: доход и возраст жилья,11760,111300.0,126885.28827023163
Модель 3: доход и возраст жилья,16734,105700.0,141582.63372273164
Модель 3: доход и возраст жилья,6292,100300.0,126049.4519722189
Модель 3: доход и возраст жилья,12056,89600.0,104322.9542676703
Модель 3: доход и возраст жилья,2009,500001.0,554314.3358767816
Модель 3: доход и возраст жилья,6911,446200.0,345941.0738765045
Модель 3: доход и возраст жилья,15297,103900.0,140035.92877203514
Модель 3: доход и возраст жилья,8420,418200.0,170293.3935763693
Модель 3: доход и возраст жилья,15171,129800.0,143189.85160914544
Модель 3: доход и возраст жилья,851,145500.0,216411.35432406838
Модель 3: доход и возраст жилья,6990,140400.0,265501.5575199011
Модель 3: доход и возраст жилья,8241,420000.0,326356.6397063586
Модель 3: доход и возраст жилья,8333,170700.0,163730.1145067617
Модель 3: доход и возраст жилья,11247,239600.0,304139.3981020018
Модель 3: доход и возраст жилья,8030,187500.0,90912.6404162029
Модель 3: доход и возраст жилья,6505,90100.0,97702.96245441504
Модель 3: доход и возраст жилья,16081,221200.0,265017.46905089554
Модель 3: доход и возраст жилья,12073,152500.0,177443.64249076488
Модель 3: доход и возраст жилья,16845,96000.0,200309.45341078832
Модель 3: доход и возраст жилья,1313,86300.0,134628.09362278465
Модель 3: доход и возраст жилья,14782,84600.0,113985.21213431221
Модель 3: доход и возраст жилья,11786,96400.0,139737.8641516567
Модель 3: доход и возраст жилья,4280,214800.0,261309.20675005665
Модель 3: доход и возраст жилья,16174,381700.0,336733.1116388137
Модель 3: доход и возраст жилья,12389,146900.0,196566.56463584825
Модель 3: доход и возраст жилья,10931,69500.0,123213.42114706553
Модель 3: доход и возраст жилья,254,159000.0,149779.80549514812
Модель 3: доход и возраст жилья,14747,464600.0,242100.130294838
Модель 3: доход и возраст жилья,4071,344000.0,300211.51892041176
Модель 3: доход и возраст жилья,3037,201400.0,226323.00421378762
Модель 3: доход и возраст жилья,878,264100.0,290445.3639337384
Модель 3: доход и возраст жилья,3735,196900.0,191147.94028788668
Модель 3: доход и возраст жилья,8794,338200.0,288909.9560538774
Модель 3: доход и возраст жилья,3699,134400.0,205090.56042672048
Модель 3: доход и возраст жилья,13447,196900.0,273689.5168031643
Модель 3: доход и возраст жилья,5499,163300.0,107098.45445937825
Модель 3: доход и возраст жилья,11270,74200.0,170209.76092912836
Модель 3: доход и возраст жилья,4953,292900.0,302299.4621649736
Модель 3: доход и возраст жилья,13269,274600.0,235440.38019305238
Модель 3: доход и возраст жилья,1678,294400.0,238737.94074099645
Модель 3: доход и возраст жилья,14213,166600.0,145756.243636159
Модель 3: доход и возраст жилья,16050,500001.0,248737.77642934895
Модель 3: доход и возраст жилья,13422,238000.0,277641.7411322689
Модель 3: доход и возраст жилья,4699,257200.0,233289.54125070857
Модель 3: доход и возраст жилья,2688,186500.0,205708.05837315746
Модель 3: доход и возраст жилья,3098,280300.0,285535.20859775314
Модель 3: доход и возраст жилья,3078,450000.0,102670.86397602501
Модель 3: доход и возраст жилья,11959,77000.0,157384.63052114917
Модель 3: доход и возраст жилья,15981,500001.0,220036.99972191537
Модель 3: доход и возраст жилья,10125,43800.0,161248.59826070815
Модель 3: доход и возраст жилья,7843,400700.0,243521.60481527913
Модель 3: доход и возраст жилья,7046,272500.0,184121.34509418867
Модель 3: доход и возраст жилья,5073,173800.0,161190.64238334142
Модель 3: доход и возраст жилья,14629,92300.0,168662.3207168373
Модель 3: доход и возраст жилья,13585,252400.0,179531.3760435846
Модель 3: доход и возраст жилья,909,117000.0,194191.52026590484
Модель 3: доход и возраст жилья,953,291500.0,176746.8907521935
Модель 3: доход и возраст жилья,8094,235600.0,276893.4438599353
Модель 3: доход и возраст жилья,5482,170300.0,106341.66226175788
Модель 3: доход и возраст жилья,14558,69600.0,145228.03572124476
Модель 3: доход и возраст жилья,13481,218800.0,127040.74862175348
Модель 3: доход и возраст жилья,3553,138500.0,143822.2017312894
Модель 3: доход и возраст жилья,7187,250000.0,133987.28397081012
Модель 3: доход и возраст жилья,15944,325900.0,243164.21729971818
Модель 3: доход и возраст жилья,6440,498400.0,353178.7733279388
Модель 3: доход и возраст жилья,13555,254000.0,220429.03140930558
Модель 3: доход и возраст жилья,15040,446200.0,387723.50092246564
Модель 3: доход и возраст жилья,2119,111300.0,142679.8589807957
Модель 3: доход и возраст жилья,5898,194000.0,278793.0866801739
Модель 3: доход и возраст жилья,15404,209100.0,216112.4836511829
Модель 3: доход и возраст жилья,7324,227300.0,292949.6663154769
Модель 3: доход и возраст жилья,164,76900.0,121481.53379570517
Модель 3: доход и возраст жилья,6126,111400.0,139917.66965069313
Модель 3: доход и возраст жилья,8578,185000.0,265474.12974418333
Модель 3: доход и возраст жилья,2523,118000.0,201458.48698754088
Модель 3: доход и возраст жилья,1588,125000.0,147339.0986773301
Модель 3: доход и возраст жилья,3238,310700.0,284230.71466947877
Модель 3: доход и возраст жилья,12013,327800.0,337998.8984182629
Модель 3: доход и возраст жилья,11299,271200.0,176673.5394315391
Модель 3: доход и возраст жилья,5170,253500.0,248013.84200225802
Модель 3: доход и возраст жилья,932,90500.0,96868.72056368813
Модель 3: доход и возраст жилья,16521,234500.0,228051.05597762213
Модель 3: доход и возраст жилья,13259,265000.0,200188.1116612431
Модель 3: доход и возраст жилья,14575,111100.0,176156.83827920235
Модель 3: доход и возраст жилья,14088,114300.0,159951.05794361891
Модель 3: доход и возраст жилья,11046,130300.0,153993.20909256197
Модель 3: доход и возраст жилья,6840,116400.0,169931.66260115796
Модель 3: доход и возраст жилья,4412,152000.0,187885.0239117719
Модель 3: доход и возраст жилья,8871,190400.0,232608.44774035114
Модель 3: доход и возраст жилья,6200,88200.0,132412.3805873451
Модель 3: доход и возраст жилья,6023,149700.0,171138.68745073347
Модель 3: доход и возраст жилья,6142,95100.0,93027.5566575422
Модель 3: доход и возраст жилья,10828,130600.0,168309.1023646408
Модель 3: доход и возраст жилья,4754,170400.0,200188.1116612431
Модель 3: доход и возраст жилья,11053,127800.0,128897.32313578845
Модель 3: доход и возраст жилья,15101,134700.0,222427.7023200727
Модель 3: доход и возраст жилья,13744,500001.0,446345.4254439699
Модель 3: доход и возраст жилья,15409,162500.0,139237.34679738648
Модель 3: доход и возраст жилья,1688,275000.0,169155.411983254
Модель 3: доход и возраст жилья,8697,341200.0,304056.798896738
Модель 3: доход и возраст жилья,830,154200.0,153458.04756646254
Модель 3: доход и возраст жилья,7204,193000.0,234389.0607821969
Модель 3: доход и возраст жилья,6611,97500.0,131604.02515823438
Модель 3: доход и возраст жилья,4047,211400.0,206270.38489004836
Модель 3: доход и возраст жилья,1462,235100.0,218985.20783439156
Модель 3: доход и возраст жилья,11206,150000.0,191734.64734774837
Модель 3: доход и возраст жилья,9801,89500.0,217314.65716898357
Модель 3: доход и возраст жилья,3787,163000.0,214808.76037995928
Модель 3: доход и возраст жилья,4442,344400.0,183653.4404232497
Модель 3: доход и возраст жилья,9611,52900.0,119925.12618145903
Модель 3: доход и возраст жилья,13140,134400.0,224519.7793325428
Модель 3: доход и возраст жилья,15480,93800.0,161813.5349291339
Модель 3: доход и возраст жилья,4238,285200.0,282030.11659467244
Модель 3: доход и возраст жилья,6146,88200.0,142086.46109467512
Модель 3: доход и возраст жилья,9395,55000.0,145673.64443089516
Модель 3: доход и возраст жилья,4454,261000.0,255117.92228451878
Модель 3: доход и возраст жилья,7099,128000.0,194829.51007460247
Модель 3: доход и возраст жилья,7019,273000.0,194494.73439844063
Модель 3: доход и возраст жилья,12896,209900.0,212913.21593217284
Модель 3: доход и возраст жилья,16902,119400.0,134236.90338335762
Модель 3: доход и возраст жилья,7734,268600.0,239152.98595354165
Модель 3: доход и возраст жилья,15094,152800.0,122335.30489762804
Модель 3: доход и возраст жилья,9851,72800.0,162521.05816868818
Модель 3: доход и возраст жилья,5937,168800.0,145678.2506754718
Модель 3: доход и возраст жилья,399,109800.0,107333.69417288707
Модель 3: доход и возраст жилья,4996,239700.0,199695.82644733335
Модель 3: доход и возраст жилья,11723,82500.0,107695.16236317209
Модель 3: доход и возраст жилья,10739,107600.0,210746.7364593432
Модель 3: доход и возраст жилья,726,165100.0,154652.51451375536
Модель 3: доход и возраст жилья,7745,359400.0,276703.0765516579
Модель 3: доход и возраст жилья,2790,164400.0,156840.53698855086
Модель 3: доход и возраст жилья,12409,115200.0,123778.07733283685
Модель 3: доход и возраст жилья,16459,259800.0,215653.5640799271
Модель 3: доход и возраст жилья,8096,146000.0,220984.9298848639
Модель 3: доход и возраст жилья,8856,214700.0,268248.5964939142
Модель 3: доход и возраст жилья,12765,259500.0,254150.77878848484
Модель 3: доход и возраст жилья,3125,451500.0,374882.7476817287
Модель 3: доход и возраст жилья,3335,500001.0,481961.98200934107
Модель 3: доход и возраст жилья,12278,129300.0,162042.88986889078
Модель 3: доход и возраст жилья,15587,500001.0,349172.9542788458
Модель 3: доход и возраст жилья,8983,62800.0,164629.2835837686
Модель 3: доход и возраст жилья,15663,81100.0,132393.9379113105
Модель 3: доход и возраст жилья,1602,81300.0,139326.37404398288
Модель 3: доход и возраст жилья,6997,126700.0,224194.98680258496
Модель 3: доход и возраст жилья,7822,340600.0,134483.1773827756
Модель 3: доход и возраст жилья,11228,80800.0,177603.74448231948
Модель 3: доход и возраст жилья,3024,277500.0,218058.6109816669
Модель 3: доход и возраст жилья,10610,162700.0,166611.0708303308
Модель 3: доход и возраст жилья,3713,181000.0,243404.62422311236
Модель 3: доход и возраст жилья,15076,206200.0,226028.2319133543
Модель 3: доход и возраст жилья,13104,273900.0,320726.928798389
Модель 3: доход и возраст жилья,5697,111100.0,212251.61623755516
Модель 3: доход и возраст жилья,8146,500001.0,237008.32996533226
Модель 3: доход и возраст жилья,15150,234000.0,203913.80089386765
Модель 3: доход и возраст жилья,13232,335500.0,258826.44737028403
Модель 3: доход и возраст жилья,11482,220700.0,329101.1039242931
Модель 3: доход и возраст жилья,1458,204000.0,278127.6337003023
Модель 3: доход и возраст жилья,8085,500001.0,322823.33157278126
Модель 3: доход и возраст жилья,2288,129300.0,109693.34309954282
Модель 3: доход и возраст жилья,10848,96400.0,164502.56493259597
Модель 3: доход и возраст жилья,13324,281200.0,270270.6322034031
Модель 3: доход и возраст жилья,9925,74300.0,127166.1887437508
Модель 3: доход и возраст жилья,6860,124300.0,111661.48590866096
Модель 3: доход и возраст жилья,9651,106900.0,223354.33456825357
Модель 3: доход и возраст жилья,16719,183300.0,226866.57217653337
Модель 3: доход и возраст жилья,4633,330000.0,228933.77847163624
Модель 3: доход и возраст жилья,2028,78600.0,144666.98773352912
Модель 3: доход и возраст жилья,5431,155400.0,224725.5066886516
Модель 3: доход и возраст жилья,11620,132500.0,163708.58920252393
Модель 3: доход и возраст жилья,15541,111500.0,166671.33867884992
Модель 3: доход и возраст жилья,9387,85600.0,247112.86882622322
Модель 3: доход и возраст жилья,6530,200300.0,241325.10511292503
Модель 3: доход и возраст жилья,4240,188700.0,222876.130873
Модель 3: доход и возраст жилья,14568,156300.0,279652.7425558486
Модель 3: доход и возраст жилья,3279,500001.0,462596.6568478217
Модель 3: доход и возраст жилья,5909,129200.0,180742.7266550824
Модель 3: доход и возраст жилья,5709,170600.0,240915.66419147726
Модель 3: доход и возраст жилья,10901,207800.0,173135.09948353254
Модель 3: доход и возраст жилья,4089,191100.0,139226.83808132986
Модель 3: доход и возраст жилья,3218,233100.0,204398.4326304538
Модель 3: доход и возраст жилья,2906,101300.0,180355.12691598298
Модель 3: доход и возраст жилья,152,68200.0,160251.20714567965
Модель 3: доход и возраст жилья,9156,77600.0,138817.3971598821
Модель 3: доход и возраст жилья,2927,300700.0,295260.5895516472
Модель 3: доход и возраст жилья,8656,323300.0,314457.6336744358
Модель 3: доход и возраст жилья,13887,134800.0,189259.8396256818
Модель 3: доход и возраст жилья,13410,330500.0,234830.83390432145
Модель 3: доход и возраст жилья,13066,183700.0,180045.18656173212
Модель 3: доход и возраст жилья,12685,241000.0,231926.3207880166
Модель 3: доход и возраст жилья,10366,176600.0,282452.88607545366
Модель 3: доход и возраст жилья,1213,117900.0,107409.37516242191
Модель 3: доход и возраст жилья,4364,168900.0,241408.7377601659
Модель 3: доход и возраст жилья,9137,51900.0,145360.65684389736
Модель 3: доход и возраст жилья,10808,113200.0,169750.33348574807
Модель 3: доход и возраст жилья,10695,88600.0,164998.45834456148
Модель 3: доход и возраст жилья,5892,159200.0,170332.90677770143
Модель 3: доход и возраст жилья,9929,59600.0,198706.07111190035
Модель 3: доход и возраст жилья,14604,79100.0,183399.9677254483
Модель 3: доход и возраст жилья,13885,108500.0,160671.92744023475
Модель 3: доход и возраст жилья,14973,398600.0,346959.7629063007
Модель 3: доход и возраст жилья,16931,96100.0,139582.91167225933
Модель 3: доход и возраст жилья,300,90800.0,133723.32025468018
Модель 3: доход и возраст жилья,14359,170400.0,140127.7935596365
Модель 3: доход и возраст жилья,790,123600.0,163759.6268641617
Модель 3: доход и возраст жилья,16474,324700.0,290275.2787959797
Модель 3: доход и возраст жилья,13143,139300.0,153125.86434410745
Модель 3: доход и возраст жилья,15526,269900.0,245273.7743371582
Модель 3: доход и возраст жилья,9797,236000.0,175947.2576378396
Модель 3: доход и возраст жилья,3543,310900.0,271149.01123776694
Модель 3: доход и возраст жилья,2990,137500.0,98829.45498268087
Модель 3: доход и возраст жилья,15014,128300.0,183204.24121327163
Модель 3: доход и возраст жилья,4376,209900.0,204032.3404978641
Модель 3: доход и возраст жилья,258,183900.0,123368.89919631543
Модель 3: доход и возраст жилья,14668,285800.0,322712.27114982257
Модель 3: доход и возраст жилья,12830,257200.0,310495.8986757954
Модель 3: доход и возраст жилья,5305,203900.0,212115.35152139064
Модель 3: доход и возраст жилья,7802,500001.0,318294.9088998716
Модель 3: доход и возраст жилья,11539,128700.0,184011.82598533155
Модель 3: доход и возраст жилья,1898,500000.0,243528.26024608186
Модель 3: доход и возраст жилья,10036,51700.0,104659.53404286
Модель 3: доход и возраст жилья,15205,250000.0,192230.26027705948
Модель 3: доход и возраст жилья,6079,147800.0,202467.96352818378
Модель 3: доход и возраст жилья,8548,500001.0,168694.40783031593
Модель 3: доход и возраст жилья,7271,346700.0,210596.6353117207
Модель 3: доход и возраст жилья,2037,144500.0,185190.61700668238
Модель 3: доход и возраст жилья,5962,171300.0,140642.1473453647
Модель 3: доход и возраст жилья,598,245200.0,309853.5300119913
Модель 3: доход и возраст жилья,8755,338500.0,308963.3283369394
Модель 3: доход и возраст жилья,12125,147100.0,234182.80785623548
Модель 3: доход и возраст жилья,2582,337900.0,352868.1508052776
Модель 3: доход и возраст жилья,14096,158200.0,234156.9036968912
Модель 3: доход и возраст жилья,916,150000.0,138153.9756685085
Модель 3: доход и возраст жилья,553,149300.0,194531.1649715696
Модель 3: доход и возраст жилья,7554,260800.0,152461.91728288122
Модель 3: доход и возраст жилья,11333,193800.0,260584.51936364302
Модель 3: доход и возраст жилья,11605,63300.0,124397.08119791925
Модель 3: доход и возраст жилья,11459,157900.0,226550.81783944299
Модель 3: доход и возраст жилья,15288,152700.0,183926.61662853288
Модель 3: доход и возраст жилья,46,43300.0,116017.0036005351
Модель 3: доход и возраст жилья,13584,272900.0,242195.04231518632
Модель 3: доход и возраст жилья,3241,285200.0,319219.2468746282
Модель 3: доход и возраст жилья,2962,120000.0,167947.89695928208
Модель 3: доход и возраст жилья,5828,126000.0,156359.49575229237
Модель 3: доход и возраст жилья,15445,161500.0,207125.17173622022
Модель 3: доход и возраст жилья,8761,78400.0,121962.8201191619
Модель 3: доход и возраст жилья,9663,136900.0,221989.29230880566
Модель 3: доход и возраст жилья,4158,360400.0,323492.4104484367
Модель 3: доход и возраст жилья,15560,92200.0,124056.94631785805
Модель 3: доход и возраст жилья,9446,231900.0,206983.30272895817
Модель 3: доход и возраст жилья,7680,352700.0,313208.01299532497
Модель 3: доход и возраст жилья,15814,233300.0,207840.6466334806
Модель 3: доход и возраст жилья,4265,208800.0,142692.1717958802
Модель 3: доход и возраст жилья,12568,86300.0,122130.83837296642
Модель 3: доход и возраст жилья,10976,102500.0,164423.53852993168
Модель 3: доход и возраст жилья,4395,271400.0,196710.23774213815
Модель 3: доход и возраст жилья,2150,500001.0,131051.71718300371
Модель 3: доход и возраст жилья,15813,214200.0,133376.98472275652
Модель 3: доход и возраст жилья,4855,106900.0,154885.95012823632
Модель 3: доход и возраст жилья,1408,260900.0,271038.4763846608
Модель 3: доход и возраст жилья,9106,53100.0,95370.77669893323
Модель 3: доход и возраст жилья,981,145900.0,172942.92807622734
Модель 3: доход и возраст жилья,11469,143400.0,200170.6847294575
Модель 3: доход и возраст жилья,15588,56600.0,110959.3395707341
Модель 3: доход и возраст жилья,12072,133500.0,275812.87487660605
Модель 3: доход и возраст жилья,1006,85800.0,124476.12529831161
Модель 3: доход и возраст жилья,1872,122200.0,217768.4449258102
Модель 3: доход и возраст жилья,4825,168600.0,277344.16668628686
Модель 3: доход и возраст жилья,11738,110000.0,129495.04678383126
Модель 3: доход и возраст жилья,6689,253100.0,136200.70273282542
Модель 3: доход и возраст жилья,8452,210400.0,220127.83106753966
Модель 3: доход и возраст жилья,12979,100000.0,118966.95008738019
Модель 3: доход и возраст жилья,8858,330000.0,396203.4126628853
Модель 3: доход и возраст жилья,8403,500001.0,479230.33847861557
Модель 3: доход и возраст жилья,11733,113300.0,157404.66760446964
Модель 3: доход и возраст жилья,9642,160100.0,164832.73436418123
Модель 3: доход и возраст жилья,12426,56700.0,101426.37511134343
Модель 3: доход и возраст жилья,8634,500001.0,480177.51568224136
Модель 3: доход и возраст жилья,1275,89400.0,148986.82781159694
Модель 3: доход и возраст жилья,3554,145500.0,224498.21863284888
Модель 3: доход и возраст жилья,16392,424400.0,312796.01501552673
Модель 3: доход и возраст жилья,9113,57800.0,136235.06642200024
Модель 3: доход и возраст жилья,14904,90000.0,141905.096583809
Модель 3: доход и возраст жилья,2646,123400.0,191423.72664470473
Модель 3: доход и возраст жилья,10401,93000.0,119886.13854997947
Модель 3: доход и возраст жилья,5191,200200.0,222659.08874832757
Модель 3: доход и возраст жилья,7202,183900.0,121349.92841730155
Модель 3: доход и возраст жилья,13094,150000.0,123309.13921992082
Модель 3: доход и возраст жилья,1780,132400.0,204251.44950649067
Модель 3: доход и возраст жилья,4923,225800.0,256713.58031517078
Модель 3: доход и возраст жилья,8919,173800.0,162235.2886656661
Модель 3: доход и возраст жилья,2794,242800.0,283344.8741518053
Модель 3: доход и возраст жилья,16503,89600.0,137491.86810176636
Модель 3: доход и возраст жилья,9131,60800.0,108016.59178227237
Модель 3: доход и возраст жилья,1752,500001.0,491195.5856214498
Модель 3: доход и возраст жилья,318,130800.0,108684.900000877
Модель 3: доход и возраст жилья,16609,124000.0,119771.69731843517
Модель 3: доход и возраст жилья,4849,422200.0,266873.2729078798
Модель 3: доход и возраст жилья,3312,350000.0,276485.01868273655
Модель 3: доход и возраст жилья,16220,323800.0,249038.6962884605
Модель 3: доход и возраст жилья,6977,104800.0,163809.63108382237
Модель 3: доход и возраст жилья,2632,286600.0,365321.81217903964
Модель 3: доход и возраст жилья,9470,52100.0,99344.05385560729
Модель 3: доход и возраст жилья,12163,233800.0,280452.1128852762
Модель 3: доход и возраст жилья,7792,425000.0,189574.59591625133
Модель 3: доход и возраст жилья,2316,93500.0,161697.8151684143
Модель 3: доход и возраст жилья,5698,146400.0,111925.48502024708
Модель 3: доход и возраст жилья,12326,216600.0,282501.1038938146
Модель 3: доход и возраст жилья,5932,153000.0,195435.71095020397
Модель 3: доход и возраст жилья,9491,166700.0,195873.6307870746
Модель 3: доход и возраст жилья,8326,217100.0,266582.879462553
Модель 3: доход и возраст жилья,5912,140100.0,150564.5687360669
Модель 3: доход и возраст жилья,657,144700.0,145266.5331783279
Модель 3: доход и возраст жилья,1952,67000.0,177933.37064632404
Модель 3: доход и возраст жилья,14212,160000.0,80654.69039001613
Модель 3: доход и возраст жилья,2751,95300.0,127397.08499760927
Модель 3: доход и возраст жилья,12128,139400.0,203006.68015915467
Модель 3: доход и возраст жилья,7409,207600.0,236604.52873043824
Модель 3: доход и возраст жилья,11256,161500.0,181560.3476665306
Модель 3: доход и возраст жилья,14922,146900.0,182469.990064138
Модель 3: доход и возраст жилья,6037,115000.0,129044.02577709722
Модель 3: доход и возраст жилья,14192,235600.0,257963.18329655347
Модель 3: доход и возраст жилья,6286,90400.0,116271.73712978368
Модель 3: доход и возраст жилья,10910,77100.0,160300.7034932158
Модель 3: доход и возраст жилья,15269,270900.0,258428.2681242156
Модель 3: доход и возраст жилья,3091,500001.0,507938.5766693588
Модель 3: доход и возраст жилья,7253,247000.0,208222.88716868067
Модель 3: доход и возраст жилья,13573,267500.0,183496.9466297508
Модель 3: доход и возраст жилья,7270,500001.0,540202.6463444381
Модель 3: доход и возраст жилья,15238,220800.0,196783.30858013814
Модель 3: доход и возраст жилья,4460,430200.0,321474.45541367173
Модель 3: доход и возраст жилья,12374,73100.0,183943.30829872392
Модель 3: доход и возраст жилья,15501,129100.0,179387.7029372947
Модель 3: доход и возраст жилья,12489,94200.0,217409.81427653012
Модель 3: доход и возраст жилья,11853,130800.0,215177.16448370137
Модель 3: доход и возраст жилья,7001,145800.0,198166.3210389524
Модель 3: доход и возраст жилья,13268,272000.0,246552.34640836023
Модель 3: доход и возраст жилья,4733,168100.0,274005.56932063715
Модель 3: доход и возраст жилья,5886,158200.0,233311.3470376007
Модель 3: доход и возраст жилья,4784,316800.0,253311.87755999705
Модель 3: доход и возраст жилья,10549,226800.0,240229.45656441874
Модель 3: доход и возраст жилья,13038,351800.0,256066.09753466546
Модель 3: доход и возраст жилья,12715,184300.0,161623.43040578283
Модель 3: доход и возраст жилья,5565,350000.0,394378.6270819466
Модель 3: доход и возраст жилья,7947,210500.0,282357.95635737723
Модель 3: доход и возраст жилья,894,155400.0,169623.84222404554
Модель 3: доход и возраст жилья,14817,139400.0,171781.82677158844
Модель 3: доход и возраст жилья,8696,500001.0,408989.29265445867
Модель 3: доход и возраст жилья,546,193500.0,257811.0683581611
Модель 3: доход и возраст жилья,1193,142900.0,119727.84065745269
Модель 3: доход и возраст жилья,8258,182500.0,180797.91578235655
Модель 3: доход и возраст жилья,10798,337000.0,233700.27839905967
Модель 3: доход и возраст жилья,7869,269200.0,128740.30377243696
Модель 3: доход и возраст жилья,5464,190600.0,128716.69388651695
Модель 3: доход и возраст жилья,9758,53400.0,139230.1657967312
Модель 3: доход и возраст жилья,8599,216000.0,227451.230050169
Модель 3: доход и возраст жилья,5861,171700.0,203662.65786494673
Модель 3: доход и возраст жилья,3642,267700.0,278639.6932126062
Модель 3: доход и возраст жилья,3618,500001.0,293319.34894839424
Модель 3: доход и возраст жилья,11829,91600.0,208643.3623760376
Модель 3: доход и возраст жилья,16235,112500.0,209077.67401485253
Модель 3: доход и возраст жилья,9393,409300.0,319943.70687157166
Модель 3: доход и возраст жилья,1886,163600.0,131865.46721146992
Модель 3: доход и возраст жилья,10650,71900.0,129250.82197063931
Модель 3: доход и возраст жилья,6298,108700.0,106717.98262774987
Модель 3: доход и возраст жилья,8837,204300.0,233317.77507893328
Модель 3: доход и возраст жилья,13499,336500.0,314879.65019589424
Модель 3: доход и возраст жилья,8946,309900.0,373107.4938437823
Модель 3: доход и возраст жилья,12398,116800.0,198799.214428677
Модель 3: доход и возраст жилья,14155,179300.0,193741.30531167777
Модель 3: доход и возраст жилья,1654,214500.0,288137.278238573
Модель 3: доход и возраст жилья,8641,211600.0,205118.26868509263
Модель 3: доход и возраст жилья,4299,174800.0,235292.34592938406
Модель 3: доход и возраст жилья,4668,160800.0,152029.91761521867
Модель 3: доход и возраст жилья,6554,331200.0,321263.8236326039
Модель 3: доход и возраст жилья,16926,72300.0,137863.5822231817
Модель 3: доход и возраст жилья,8926,251700.0,276970.1405937191
Модель 3: доход и возраст жилья,3156,187500.0,169105.65285079152
Модель 3: доход и возраст жилья,15815,218800.0,217621.44410411894
Модель 3: доход и возраст жилья,4731,165700.0,253893.96067755405
Модель 3: доход и возраст жилья,16167,306700.0,256435.21920227408
Модель 3: доход и возраст жилья,9026,92900.0,207503.82177109265
Модель 3: доход и возраст жилья,11584,350000.0,496760.4047385957
Модель 3: доход и возраст жилья,14544,500001.0,556112.1484609428
Модель 3: доход и возраст жилья,8739,229000.0,192588.68123459752
Модель 3: доход и возраст жилья,2282,98300.0,182100.0800417505
Модель 3: доход и возраст жилья,600,281700.0,281120.7015865352
Модель 3: доход и возраст жилья,10634,85300.0,96031.37834702998
Модель 3: доход и возраст жилья,15874,262500.0,226007.4241729831
Модель 3: доход и возраст жилья,15901,341300.0,257480.3733567233
Модель 3: доход и возраст жилья,5936,191700.0,145268.80975402406
Модель 3: доход и возраст жилья,14794,500001.0,254966.82309037537
Модель 3: доход и возраст жилья,10535,168100.0,205881.48892404558
Модель 3: доход и возраст жилья,14673,96200.0,177825.35745611234
Модель 3: доход и возраст жилья,6432,185400.0,161378.69772046639
Модель 3: доход и возраст жилья,7700,190800.0,188811.63846222466
Модель 3: доход и возраст жилья,3456,197800.0,234480.15491274747
Модель 3: доход и возраст жилья,15718,90100.0,100393.5514697068
Модель 3: доход и возраст жилья,2712,345400.0,349457.725735347
Модель 3: доход и возраст жилья,7755,378100.0,252262.6427308238
Модель 3: доход и возраст жилья,4194,177700.0,102583.11525860387
Модель 3: доход и возраст жилья,8563,209200.0,233285.44287825644
Модель 3: доход и возраст жилья,10,86500.0,132937.54126951238
Модель 3: доход и возраст жилья,5642,156100.0,142604.16029353277
Модель 3: доход и возраст жилья,3802,185600.0,256191.01208681022
Модель 3: доход и возраст жилья,6943,360000.0,130531.70601299372
Модель 3: доход и возраст жилья,6646,165500.0,228687.24168729194
Модель 3: доход и возраст жилья,15267,287500.0,258262.54414383534
Модель 3: доход и возраст жилья,674,151900.0,239227.9139837538
Модель 3: доход и возраст жилья,2829,244800.0,228143.91881174443
Модель 3: доход и возраст жилья,16993,106700.0,212880.3404639153
Модель 3: доход и возраст жилья,1049,111200.0,134805.6579415811
Модель 3: доход и возраст жилья,6800,230400.0,149385.49723206175
Модель 3: доход и возраст жилья,5809,500001.0,399516.59604358714
Модель 3: доход и возраст жилья,16884,74000.0,128309.82772114789
Модель 3: доход и возраст жилья,5446,315100.0,299936.7660055708
Модель 3: доход и возраст жилья,8075,263800.0,247560.28163490153
Модель 3: доход и возраст жилья,3282,91800.0,191933.22909865808
Модель 3: доход и возраст жилья,9325,175000.0,110873.9205221934
Модель 3: доход и возраст жилья,6637,105400.0,185739.3344815854
Модель 3: доход и возраст жилья,4458,350700.0,314087.4254716658
Модель 3: доход и возраст жилья,2777,320800.0,204274.27103763178
Модель 3: доход и возраст жилья,5654,136400.0,186589.25229825435
Модель 3: доход и возраст жилья,16437,269200.0,177382.35889799678
Модель 3: доход и возраст жилья,15927,425000.0,207476.8664720432
Модель 3: доход и возраст жилья,1555,129200.0,143353.78918822593
Модель 3: доход и возраст жилья,1959,182600.0,181048.8137240793
Модель 3: доход и возраст жилья,8731,500001.0,340373.39952062565
Модель 3: доход и возраст жилья,6572,177500.0,119663.96461087784
Модель 3: доход и возраст жилья,8189,137100.0,163910.97114550328
Модель 3: доход и возраст жилья,16363,332300.0,279210.4969570557
Модель 3: доход и возраст жилья,12468,59800.0,111334.92467513148
Модель 3: доход и возраст жилья,8851,205300.0,226910.72701789832
Модель 3: доход и возраст жилья,16673,144000.0,175943.91222471016
Модель 3: доход и возраст жилья,14707,53000.0,122875.31775550231
Модель 3: доход и возраст жилья,1150,78500.0,129675.3778527203
Модель 3: доход и возраст жилья,1790,158500.0,176525.01499347438
Модель 3: доход и возраст жилья,10761,192600.0,190272.3633990717
Модель 3: доход и возраст жилья,9980,193500.0,361285.95520269405
Модель 3: доход и возраст жилья,3237,264400.0,241813.83522196327
Модель 3: доход и возраст жилья,1587,291000.0,247382.24483943675
Модель 3: доход и возраст жилья,5176,201500.0,233006.32880603708
Модель 3: доход и возраст жилья,3973,222800.0,224038.51070681418
Модель 3: доход и возраст жилья,378,112800.0,174853.3954906331
Модель 3: доход и возраст жилья,3575,351900.0,383802.3302648626
Модель 3: доход и возраст жилья,12943,229900.0,284541.6176747943
Модель 3: доход и возраст жилья,2571,100000.0,146129.51676940403
Модель 3: доход и возраст жилья,16159,443300.0,232134.85028967418
Модель 3: доход и возраст жилья,15385,81500.0,104941.22287115805
Модель 3: доход и возраст жилья,8973,75700.0,126482.2576923884
Модель 3: доход и возраст жилья,1502,241600.0,228935.82765786233
Модель 3: доход и возраст жилья,15195,271400.0,174070.40095328598
Модель 3: доход и возраст жилья,4211,273600.0,216909.5774049143
Модель 3: доход и возраст жилья,15886,229400.0,243142.67429775235
Модель 3: доход и возраст жилья,15254,319400.0,262788.935328247
Модель 3: доход и возраст жилья,8572,500001.0,646876.8363034372
Модель 3: доход и возраст жилья,13472,413500.0,315200.2912602157
Модель 3: доход и возраст жилья,10597,135200.0,128174.91232507101
Модель 3: доход и возраст жилья,12678,204400.0,241206.0576368041
Модель 3: доход и возраст жилья,9566,54100.0,100936.64695578422
Модель 3: доход и возраст жилья,606,187500.0,135008.0752800166
Модель 3: доход и возраст жилья,8243,355800.0,271805.74190288165
Модель 3: доход и возраст жилья,2328,112500.0,99607.772484539
Модель 3: доход и возраст жилья,2141,80700.0,153142.76570604046
Модель 3: доход и возраст жилья,6306,98800.0,165255.48614723433
Модель 3: доход и возраст жилья,9970,49400.0,121204.46890971187
Модель 3: доход и возраст жилья,12903,173600.0,237221.781589677
Модель 3: доход и возраст жилья,7335,279400.0,280124.27312257147
Модель 3: доход и возраст жилья,4729,165100.0,187678.0003287597
Модель 3: доход и возраст жилья,5350,350000.0,230946.82908144203
Модель 3: доход и возраст жилья,11632,127400.0,204151.12518905872
Модель 3: доход и возраст жилья,16380,331100.0,291214.71403364144
Модель 3: доход и возраст жилья,16327,273700.0,233808.5189787415
Модель 3: доход и возраст жилья,15412,144800.0,194594.2703610937
Модель 3: доход и возраст жилья,15928,335700.0,225510.2522318423
Модель 3: доход и возраст жилья,4452,218900.0,280907.4950493886
Модель 3: доход и возраст жилья,1201,157600.0,121569.28251312632
Модель 3: доход и возраст жилья,9928,58700.0,139655.49233586295
Модель 3: доход и возраст жилья,6900,276400.0,213378.03797490866
Модель 3: доход и возраст жилья,9684,58900.0,150088.9220991639
Модель 3: доход и возраст жилья,1126,218900.0,234323.94160190294
Модель 3: доход и возраст жилья,3588,184000.0,166218.5489685442
Модель 3: доход и возраст жилья,16309,500001.0,732708.494185621
Модель 3: доход и возраст жилья,6059,89200.0,156157.8667686357
Модель 3: доход и возраст жилья,12789,227600.0,217693.81507598056
Модель 3: доход и возраст жилья,1608,89300.0,117978.00080445412
Модель 3: доход и возраст жилья,9173,100200.0,120668.32703481962
Модель 3: доход и возраст жилья,7957,424000.0,333409.9097164517
Модель 3: доход и возраст жилья,3090,410400.0,371465.9122681936
Модель 3: доход и возраст жилья,5896,212100.0,270731.35587368684
Модель 3: доход и возраст жилья,13913,220200.0,255627.14425581778
Модель 3: доход и возраст жилья,4818,183400.0,228906.8408703149
Модель 3: доход и возраст жилья,7368,250000.0,120938.45600735585
Модель 3: доход и возраст жилья,6806,225000.0,115705.82011256514
Модель 3: доход и возраст жилья,15051,218500.0,142579.53466336377
Модель 3: доход и возраст жилья,6974,116400.0,156171.70320009365
Модель 3: доход и возраст жилья,2814,113200.0,129497.34105725553
Модель 3: доход и возраст жилья,15045,261100.0,239509.56741659564
Модель 3: доход и возраст жилья,831,120700.0,153667.6459055534
Модель 3: доход и возраст жилья,6215,90200.0,124521.76836059387
Модель 3: доход и возраст жилья,11101,312500.0,474503.91271783307
Модель 3: доход и возраст жилья,6271,133300.0,120486.43695410094
Модель 3: доход и возраст жилья,1322,147500.0,158961.0929164439
Модель 3: доход и возраст жилья,6702,132500.0,150232.06963560125
Модель 3: доход и возраст жилья,10216,78300.0,156388.2374526416
Модель 3: доход и возраст жилья,15959,254000.0,234186.90622868764
Модель 3: доход и возраст жилья,12311,123100.0,117314.56161535242
Модель 3: доход и возраст жилья,16366,500001.0,417839.62228939036
Модель 3: доход и возраст жилья,10872,121900.0,176889.28532930813
Модель 3: доход и возраст жилья,14579,143400.0,259335.3888589286
Модель 3: доход и возраст жилья,3948,187500.0,211367.03655132893
Модель 3: доход и возраст жилья,14955,280800.0,320659.6896409565
Модель 3: доход и возраст жилья,4411,169600.0,150522.48077865614
Модель 3: доход и возраст жилья,15263,324400.0,313614.10850364325
Модель 3: доход и возраст жилья,9868,267000.0,179747.36702855185
Модель 3: доход и возраст жилья,3292,267200.0,289856.32720499625
Модель 3: доход и возраст жилья,8642,199200.0,217780.24986877022
Модель 3: доход и возраст жилья,4645,211900.0,195158.66376193872
Модель 3: доход и возраст жилья,12505,450000.0,172878.80694245428
Модель 3: доход и возраст жилья,10820,116100.0,196608.63489553094
Модель 3: доход и возраст жилья,3285,194300.0,174694.32694105557
Модель 3: доход и возраст жилья,5757,151800.0,172644.8280603927
Модель 3: доход и возраст жилья,3273,157500.0,197960.06811299096
Модель 3: доход и возраст жилья,8499,225000.0,90845.43665422671
Модель 3: доход и возраст жилья,13286,193800.0,89949.87577527552
Модель 3: доход и возраст жилья,6679,262500.0,134720.974154635
Модель 3: доход и возраст жилья,11893,164500.0,246569.79103787392
Модель 3: доход и возраст жилья,8244,362200.0,177997.24669289892
Модель 3: доход и возраст жилья,14139,263300.0,300899.28555930004
Модель 3: доход и возраст жилья,6234,93600.0,152613.5243491491
Модель 3: доход и возраст жилья,3027,233000.0,274198.7564721913
Модель 3: доход и возраст жилья,14480,389900.0,354685.19442025234
Модель 3: доход и возраст жилья,235,148900.0,173956.53838477854
Модель 3: доход и возраст жилья,107,55200.0,114579.88854960806
Модель 3: доход и возраст жилья,10916,61500.0,122511.78268126314
Модель 3: доход и возраст жилья,8726,222800.0,179619.61493540215
Модель 3: доход и возраст жилья,6009,409800.0,224244.76363277555
Модель 3: доход и возраст жилья,13200,276200.0,308145.49763374915
Модель 3: доход и возраст жилья,9171,68500.0,180255.31047067553
Модель 3: доход и возраст жилья,16370,393200.0,349562.3581169731
Модель 3: доход и возраст жилья,14642,166300.0,238243.0453755518
Модель 3: доход и возраст жилья,9100,53300.0,124561.01877699971
Модель 3: доход и возраст жилья,2520,202900.0,274263.66596074327
Модель 3: доход и возраст жилья,13285,99500.0,111142.78866328242
Модель 3: доход и возраст жилья,9697,94200.0,192678.96931264116
Модель 3: доход и возраст жилья,16766,94200.0,106198.51472532055
Модель 3: доход и возраст жилья,15984,500001.0,272056.88493180263
Модель 3: доход и возраст жилья,13043,159700.0,203788.39616732651
Модель 3: доход и возраст жилья,14553,476300.0,288798.86023546255
Модель 3: доход и возраст жилья,11221,151900.0,151440.14562488193
Модель 3: доход и возраст жилья,11067,114200.0,242725.29941632666
Модель 3: доход и возраст жилья,7852,154900.0,161315.5923309423
Модель 3: доход и возраст жилья,2219,181800.0,250139.28465738203
Модель 3: доход и возраст жилья,7548,329200.0,277072.74148684717
Модель 3: доход и возраст жилья,5727,133600.0,140808.11641294317
Модель 3: доход и возраст жилья,40,64000.0,100624.95559568978
Модель 3: доход и возраст жилья,15479,114200.0,122616.74863872788
Модель 3: доход и возраст жилья,7341,318900.0,267771.4262406377
Модель 3: доход и возраст жилья,5423,154100.0,214626.135037646
Модель 3: доход и возраст жилья,1480,126700.0,161482.85762542416
Модель 3: доход и возраст жилья,8917,241400.0,246403.55918536917
Модель 3: доход и возраст жилья,9982,124400.0,156375.17167823436
Модель 3: доход и возраст жилья,5461,150500.0,212050.19694564052
Модель 3: доход и возраст жилья,6420,207000.0,262522.3968560385
Модель 3: доход и возраст жилья,16479,201800.0,291842.720696135
Модель 3: доход и возраст жилья,2983,233900.0,251966.6095989433
Модель 3: доход и возраст жилья,4086,159800.0,226244.48568324785
Модель 3: доход и возраст жилья,13042,347700.0,274118.2064531535
Модель 3: доход и возраст жилья,2810,181800.0,152650.72557932892
Модель 3: доход и возраст жилья,13651,184000.0,222444.9018623882
Модель 3: доход и возраст жилья,4425,232400.0,260769.45667710865
Модель 3: доход и возраст жилья,3840,184800.0,245805.04718254748
Модель 3: доход и возраст жилья,10230,97900.0,112100.70197243498
Модель 3: доход и возраст жилья,2536,416700.0,91396.50149573828
Модель 3: доход и возраст жилья,1288,111500.0,128369.1152208742
Модель 3: доход и возраст жилья,6953,208300.0,150443.20928879362
Модель 3: доход и возраст жилья,13862,350000.0,305884.6140126956
Модель 3: доход и возраст жилья,967,96800.0,150093.03816934413
Модель 3: доход и возраст жилья,599,273600.0,310299.1387216417
Модель 3: доход и возраст жилья,6140,96700.0,124968.14772729507
Модель 3: доход и возраст жилья,2043,91700.0,135641.45884413764
Модель 3: доход и возраст жилья,16402,293200.0,304229.42339511914
Модель 3: доход и возраст жилья,5063,181600.0,125086.6873312915
Модель 3: доход и возраст жилья,1285,162300.0,222974.66878913215
Модель 3: доход и возраст жилья,12490,97200.0,138571.91151524294
Модель 3: доход и возраст жилья,346,93800.0,106230.58414107111
Модель 3: доход и возраст жилья,1882,86900.0,143123.64589369015
Модель 3: доход и возраст жилья,10656,47900.0,117202.22266321848
Модель 3: доход и возраст жилья,7345,500001.0,701479.0345534782
Модель 3: доход и возраст жилья,4380,214100.0,244507.47147000206
Модель 3: доход и возраст жилья,11346,128300.0,145545.64725054725
Модель 3: доход и возраст жилья,12243,265900.0,237849.78825217063
Модель 3: доход и возраст жилья,1098,86500.0,174817.45509190054
Модель 3: доход и возраст жилья,1479,160000.0,150034.8195070511
Модель 3: доход и возраст жилья,14886,500001.0,428387.7206737057
Модель 3: доход и возраст жилья,3514,182300.0,221794.5638431499
Модель 3: доход и возраст жилья,9168,76800.0,145234.18327992296
Модель 3: доход и возраст жилья,7494,411100.0,276647.90512211184
Модель 3: доход и возраст жилья,6075,160200.0,255138.939716632
Модель 3: доход и возраст жилья,4302,205100.0,275411.4033105925
Модель 3: доход и возраст жилья,3969,221800.0,281109.89469009615
Модель 3: доход и возраст жилья,7827,345900.0,286787.0881548321
Модель 3: доход и возраст жилья,5177,177200.0,145593.0944118574
Модель 3: доход и возраст жилья,12841,93800.0,165640.54652571128
Модель 3: доход и возраст жилья,1671,159400.0,148583.0619721591
Модель 3: доход и возраст жилья,9742,51700.0,122787.30625315486
Модель 3: доход и возраст жилья,9921,350000.0,232152.5754018423
Модель 3: доход и возраст жилья,9999,52600.0,144140.81130711283
Модель 3: доход и возраст жилья,6427,163100.0,143711.63148272713
Модель 3: доход и возраст жилья,3810,228600.0,251341.15999480023
Модель 3: доход и возраст жилья,16975,82800.0,155777.93820458796
Модель 3: доход и возраст жилья,8228,305000.0,202433.86262393522
Модель 3: доход и возраст жилья,16263,356300.0,210577.6493681054
Модель 3: доход и возраст жилья,12167,58300.0,123563.59226651501
Модель 3: доход и возраст жилья,11881,132300.0,139941.5600192675
Модель 3: доход и возраст жилья,8494,258000.0,254949.11567593538
Модель 3: доход и возраст жилья,7744,453700.0,267984.3522951299
Модель 3: доход и возраст жилья,16210,457800.0,257983.43007161596
Модель 3: доход и возраст жилья,2501,226800.0,260227.16724353822
Модель 3: доход и возраст жилья,12898,171700.0,178104.75201098612
Модель 3: доход и возраст жилья,3566,136200.0,193081.9998904844
Модель 3: доход и возраст жилья,9307,194400.0,236362.12571400224
Модель 3: доход и возраст жилья,9303,297900.0,277056.33029931056
Модель 3: доход и возраст жилья,5230,247200.0,226202.17033636692
Модель 3: доход и возраст жилья,717,115300.0,185632.61751827705
Модель 3: доход и возраст жилья,13847,214500.0,292113.8654129203
Модель 3: доход и возраст жилья,11589,92500.0,126449.43531731516
Модель 3: доход и возраст жилья,10495,68900.0,114863.1009942796
Модель 3: доход и возраст жилья,9074,70100.0,187921.4367871728
Модель 3: доход и возраст жилья,12727,133900.0,215308.769862105
Модель 3: доход и возраст жилья,16099,271700.0,205959.2014020784
Модель 3: доход и возраст жилья,6160,292100.0,283721.9651748481
Модель 3: доход и возраст жилья,7933,500001.0,595846.4259463287
Модель 3: доход и возраст жилья,2866,94300.0,154841.56789740128
Модель 3: доход и возраст жилья,15883,263900.0,208977.10461022236
Модель 3: доход и возраст жилья,8489,236200.0,245307.1045843559
Модель 3: доход и возраст жилья,5103,218200.0,257079.14687790794
Модель 3: доход и возраст жилья,6001,141800.0,158921.03644753108
Модель 3: доход и возраст жилья,9450,301800.0,256653.575251578
Модель 3: доход и возраст жилья,7870,364700.0,168144.62151797963
Модель 3: доход и возраст жилья,15843,420000.0,225252.94394651506
Модель 3: доход и возраст жилья,10078,51300.0,94912.08451714752
Модель 3: доход и возраст жилья,6413,104600.0,147570.99297770948
Модель 3: доход и возраст жилья,8225,500001.0,112284.64123937975
Модель 3: доход и возраст жилья,13662,268600.0,247984.34734258612
Модель 3: доход и возраст жилья,7302,140400.0,200868.43451454976
Модель 3: доход и возраст жилья,111,87500.0,161629.84074938734
Модель 3: доход и возраст жилья,358,131000.0,175254.62196944846
Модель 3: доход и возраст жилья,11923,80200.0,166826.53624544543
Модель 3: доход и возраст жилья,2585,248800.0,206231.15217137057
Модель 3: доход и возраст жилья,9539,179200.0,238125.06673686413
Модель 3: доход и возраст жилья,3217,212100.0,176229.71712318843
Модель 3: доход и возраст жилья,10023,46600.0,126741.33468128735
Модель 3: доход и возраст жилья,1710,114500.0,119324.05712028677
Модель 3: доход и возраст жилья,1090,97300.0,150515.80765012535
Модель 3: доход и возраст жилья,6034,137500.0,97496.44674352737
Модель 3: доход и возраст жилья,4644,212000.0,202929.7383381726
Модель 3: доход и возраст жилья,5287,180800.0,181201.68162179436
Модель 3: доход и возраст жилья,5494,153700.0,136354.11389812117
Модель 3: доход и возраст жилья,16123,426800.0,427724.0363974058
Модель 3: доход и возраст жилья,5849,126600.0,224911.75792674872
Модель 3: доход и возраст жилья,13561,232600.0,231055.8757136308
Модель 3: доход и возраст жилья,8035,230800.0,159675.77945892536
Модель 3: доход и возраст жилья,4199,248100.0,208607.21228556297
Модель 3: доход и возраст жилья,16365,67500.0,166234.9778538089
Модель 3: доход и возраст жилья,10752,130500.0,110364.96133582071
Модель 3: доход и возраст жилья,16415,324800.0,331862.2244169624
Модель 3: доход и возраст жилья,6186,137500.0,254067.1107457878
Модель 3: доход и возраст жилья,12179,240200.0,242548.57654549336
Модель 3: доход и возраст жилья,4159,500001.0,490694.8231799815
Модель 3: доход и возраст жилья,9795,500001.0,409355.38478704833
Модель 3: доход и возраст жилья,13018,267000.0,338191.05212784006
Модель 3: доход и возраст жилья,13639,215800.0,172731.80612076304
Модель 3: доход и возраст жилья,9025,85600.0,192757.71523265107
Модель 3: доход и возраст жилья,2803,318300.0,336530.22182370984
Модель 3: доход и возраст жилья,2191,112300.0,164214.99133054604
Модель 3: доход и возраст жилья,5768,139800.0,141417.6627016741
Модель 3: доход и возраст жилья,2919,115800.0,170926.7948382184
Модель 3: доход и возраст жилья,16384,371900.0,318756.1581400079
Модель 3: доход и возраст жилья,4480,160600.0,179870.7579643231
Модель 3: доход и возраст жилья,7005,146400.0,260360.27854058723
Модель 3: доход и возраст жилья,9512,109100.0,175346.1885766674
Модель 3: доход и возраст жилья,579,148300.0,241577.56206647743
Модель 3: доход и возраст жилья,14643,165000.0,208195.4416952348
Модель 3: доход и возраст жилья,4246,188000.0,243915.12472358666
Модель 3: доход и возраст жилья,1928,87500.0,184568.77560059505
Модель 3: доход и возраст жилья,8410,268800.0,178847.95286434673
Модель 3: доход и возраст жилья,16400,345000.0,290196.2700910435
Модель 3: доход и возраст жилья,2490,195100.0,246546.7244195346
Модель 3: доход и возраст жилья,3254,215000.0,167972.50489172296
Модель 3: доход и возраст жилья,10309,87500.0,92391.86112226879
Модель 3: доход и возраст жилья,5484,156300.0,142746.7999578456
Модель 3: доход и возраст жилья,10021,51300.0,145495.58993770232
Модель 3: доход и возраст жилья,12392,262500.0,217181.73786594853
Модель 3: доход и возраст жилья,2364,119600.0,159924.13804002563
Модель 3: доход и возраст жилья,5295,219500.0,256288.7439504354
Модель 3: доход и возраст жилья,6594,122900.0,156422.3383568901
Модель 3: доход и возраст жилья,3141,225600.0,153821.31985577542
Модель 3: доход и возраст жилья,10984,164900.0,170323.69428854817
Модель 3: доход и возраст жилья,1076,167000.0,235136.86788013412
Модель 3: доход и возраст жилья,3662,187200.0,240843.32861507186
Модель 3: доход и возраст жилья,2623,223300.0,256305.96119047896
Модель 3: доход и возраст жилья,6758,218800.0,174661.24178105601
Модель 3: доход и возраст жилья,13642,258300.0,158935.678931496
Модель 3: доход и возраст жилья,13107,210700.0,203451.0280373579
Модель 3: доход и возраст жилья,7847,487500.0,213791.8400537348
Модель 3: доход и возраст жилья,11535,145300.0,218813.0912081349
Модель 3: доход и возраст жилья,14512,265000.0,249108.73759144163
Модель 3: доход и возраст жилья,9933,58500.0,124596.4336058797
Модель 3: доход и возраст жилья,9208,275000.0,182196.53337620044
Модель 3: доход и возраст жилья,2830,251300.0,235583.2826422915
Модель 3: доход и возраст жилья,14340,354500.0,272627.443589054
Модель 3: доход и возраст жилья,5986,119400.0,204635.45874526244
Модель 3: доход и возраст жилья,8526,101400.0,89132.53524648164
Модель 3: доход и возраст жилья,1130,166300.0,208365.2817457953
Модель 3: доход и возраст жилья,4965,160300.0,142407.15525218082
Модель 3: доход и возраст жилья,15103,103700.0,172196.1544202672
Модель 3: доход и возраст жилья,14205,209900.0,184039.00867385112
Модель 3: доход и возраст жилья,2038,173900.0,224217.33585705777
Модель 3: доход и возраст жилья,4695,228500.0,192458.09160044292
Модель 3: доход и возраст жилья,10471,92800.0,100154.98404079664
Модель 3: доход и возраст жилья,11305,174200.0,195579.66453914827
Модель 3: доход и возраст жилья,11888,116600.0,94410.8319012827
Модель 3: доход и возраст жилья,15612,500001.0,707492.2822235514
Модель 3: доход и возраст жилья,887,248400.0,303266.90384139
Модель 3: доход и возраст жилья,9811,93100.0,185430.7434474222
Модель 3: доход и возраст жилья,3322,311300.0,231623.07126002465
Модель 3: доход и возраст жилья,15537,140800.0,226194.446068131
Модель 3: доход и возраст жилья,10217,90000.0,177045.49864015265
Модель 3: доход и возраст жилья,2078,70300.0,69455.23824221347
Модель 3: доход и возраст жилья,10006,500001.0,463504.02266973286
Модель 3: доход и возраст жилья,11962,100500.0,100546.45476287807
Модель 3: доход и возраст жилья,5338,148600.0,96658.35156754653
Модель 3: доход и возраст жилья,12320,72900.0,138203.48971377278
Модель 3: доход и возраст жилья,861,79800.0,195388.78935874644
Модель 3: доход и возраст жилья,14915,500001.0,460031.49025679915
Модель 3: доход и возраст жилья,13452,235600.0,152608.1474475217
Модель 3: доход и возраст жилья,7080,436800.0,242813.53830814417
Модель 3: доход и возраст жилья,12626,450000.0,283937.483683147
Модель 3: доход и возраст жилья,5949,152500.0,147544.0553763881
Модель 3: доход и возраст жилья,3549,500001.0,217016.52175769274
Модель 3: доход и возраст жилья,2192,123800.0,213300.04501422145
Модель 3: доход и возраст жилья,15698,208300.0,253159.99001107478
Модель 3: доход и возраст жилья,664,109800.0,192584.56516441732
Модель 3: доход и возраст жилья,8586,271200.0,293465.05354318215
Модель 3: доход и возраст жилья,1845,215700.0,122305.56515075792
Модель 3: доход и возраст жилья,12797,190000.0,250319.63342399918
Модель 3: доход и возраст жилья,8629,500001.0,409632.4319753136
Модель 3: доход и возраст жилья,2958,500001.0,351840.9491524666
Модель 3: доход и возраст жилья,11031,139100.0,140402.038602353
Модель 3: доход и возраст жилья,12189,67600.0,101455.36189889084
Модель 3: доход и возраст жилья,13667,226700.0,182138.31471390734
Модель 3: доход и возраст жилья,8986,190500.0,179570.62645999045
Модель 3: доход и возраст жилья,12852,330800.0,283472.3634600287
Модель 3: доход и возраст жилья,10038,93000.0,171867.01843065902
Модель 3: доход и возраст жилья,13543,210500.0,301919.55129865394
Модель 3: доход и возраст жилья,4957,243200.0,209311.89798411232
Модель 3: доход и возраст жилья,6894,273400.0,273294.1750981008
Модель 3: доход и возраст жилья,13209,185300.0,202918.44126733713
Модель 3: доход и возраст жилья,14780,94800.0,154372.34930183084
Модель 3: доход и возраст жилья,11880,131300.0,198101.9548179811
Модель 3: доход и возраст жилья,2846,118100.0,176934.9283915904
Модель 3: доход и возраст жилья,3351,158500.0,271072.82237610756
Модель 3: доход и возраст жилья,3918,160800.0,190502.75178080567
Модель 3: доход и возраст жилья,12038,156300.0,96191.97051298102
Модель 3: доход и возраст жилья,6936,220000.0,148335.754530764
Модель 3: доход и возраст жилья,11570,93600.0,162708.3251510343
Модель 3: доход и возраст жилья,3936,311100.0,304332.81264302606
Модель 3: доход и возраст жилья,9802,100200.0,174654.5863502533
Модель 3: доход и возраст жилья,14903,92800.0,173665.0761020185
Модель 3: доход и возраст жилья,15914,500001.0,395250.85855763213
Модель 3: доход и возраст жилья,9561,104200.0,108746.20129137319
Модель 3: доход и возраст жилья,15557,67900.0,122367.1115284523
Модель 3: доход и возраст жилья,2495,247100.0,175725.10139646608
Модель 3: доход и возраст жилья,6633,90600.0,163087.2202731049
Модель 3: доход и возраст жилья,149,60600.0,133679.95376809413
Модель 3: доход и возраст жилья,7366,237500.0,110414.72046828321
Модель 3: доход и возраст жилья,9674,63900.0,145398.89151605422
Модель 3: доход и возраст жилья,10085,276400.0,273340.37912569183
Модель 3: доход и возраст жилья,3023,230600.0,250064.1115399717
Модель 3: доход и возраст жилья,7180,234600.0,176565.52624132737
Модель 3: доход и возраст жилья,6901,361500.0,319549.90648060985
Модель 3: доход и возраст жилья,11364,151900.0,180034.1876712791
Модель 3: доход и возраст жилья,12527,100000.0,220894.62410909217
Модель 3: доход и возраст жилья,1301,92200.0,145057.19762416332
Модель 3: доход и возраст жилья,15293,115200.0,164074.6282419294
Модель 3: доход и возраст жилья,11588,112500.0,153848.52024202308
Модель 3: доход и возраст жилья,16150,261000.0,203924.87057523304
Модель 3: доход и возраст жилья,9788,71300.0,170530.71787156034
Модель 3: доход и возраст жилья,4693,396700.0,315665.3937856059
Модель 3: доход и возраст жилья,2130,206300.0,170910.40134840985
Модель 3: доход и возраст жилья,5832,111800.0,149888.30885975622
Модель 3: доход и возраст жилья,12616,151400.0,169790.0740765503
Модель 3: доход и возраст жилья,6135,90100.0,144014.6005280647
Модель 3: доход и возраст жилья,4027,194000.0,243828.67223306888
Модель 3: доход и возраст жилья,3276,500001.0,231993.0343755964
Модель 3: доход и возраст жилья,13468,181300.0,92692.01032432953
Модель 3: доход и возраст жилья,10688,295500.0,206189.3446966142
Модель 3: доход и возраст жилья,2921,184200.0,280849.5037765657
Модель 3: доход и возраст жилья,5562,171000.0,191551.21595292812
Модель 3: доход и возраст жилья,13591,101700.0,151673.05566951027
Модель 3: доход и возраст жилья,4401,242600.0,176101.4394601862
Модель 3: доход и возраст жилья,12878,378800.0,268390.46550117625
Модель 3: доход и возраст жилья,5933,133900.0,155876.94859738846
Модель 3: доход и возраст жилья,12214,77500.0,155695.32130159604
Модель 3: доход и возраст жилья,2549,275900.0,256644.85293682112
Модель 3: доход и возраст жилья,9875,72200.0,165340.41502137863
Модель 3: доход и возраст жилья,11862,113700.0,160594.96792152463
Модель 3: доход и возраст жилья,489,69000.0,165714.9666837989
Модель 3: доход и возраст жилья,13035,262400.0,203099.8411736594
Модель 3: доход и возраст жилья,5343,55000.0,166692.35611096316
Модель 3: доход и возраст жилья,8713,280800.0,268995.8957197269
Модель 3: доход и возраст жилья,1234,199800.0,169234.9462580428
Модель 3: доход и возраст жилья,4869,210900.0,149352.1492871359
Модель 3: доход и возраст жилья,11428,116800.0,149168.7355900437
Модель 3: доход и возраст жилья,4258,153800.0,190877.82901307856
Модель 3: доход и возраст жилья,6531,191100.0,280537.81241647125
Модель 3: доход и возраст жилья,16723,86500.0,85724.42214770346
Модель 3: доход и возраст жилья,9708,101600.0,193887.51777859018
Модель 3: доход и возраст жилья,10528,181800.0,223471.80533481675
Модель 3: доход и возраст жилья,2403,178700.0,201068.06740516462
Модель 3: доход и возраст жилья,2971,268200.0,297982.722412837
Модель 3: доход и возраст жилья,11765,146400.0,188221.35859976342
Модель 3: доход и возраст жилья,13865,341900.0,321157.12436702364
Модель 3: доход и возраст жилья,16199,256600.0,236093.2575729132
Модель 3: доход и возраст жилья,5496,222500.0,157665.02312254385
Модель 3: доход и возраст жилья,460,270700.0,294558.68830091855
Модель 3: доход и возраст жилья,2414,137600.0,155386.99305235912
Модель 3: доход и возраст жилья,6816,322200.0,106263.66930107068
Модель 3: доход и возраст жилья,12074,196700.0,253163.63360458674
Модель 3: доход и возраст жилья,3303,190700.0,192440.6469709292
Модель 3: доход и возраст жилья,14793,500001.0,375575.3833501198
Модель 3: доход и возраст жилья,7917,481500.0,340007.32508576405
Модель 3: доход и возраст жилья,9913,92600.0,187924.53711310404
Модель 3: доход и возраст жилья,8192,139600.0,197315.38747803445
Модель 3: доход и возраст жилья,7015,325200.0,329218.8551735106
Модель 3: доход и возраст жилья,7113,104300.0,198768.1607571754
Модель 3: доход и возраст жилья,12699,107200.0,190028.90924293053
Модель 3: доход и возраст жилья,7084,291500.0,216076.0530780539
Модель 3: доход и возраст жилья,12856,196300.0,234102.25783719774
Модель 3: доход и возраст жилья,11674,143000.0,234627.9263914895
Модель 3: доход и возраст жилья,8624,240300.0,216951.8927517952
Модель 3: доход и возраст жилья,3871,180000.0,201925.90148408344
Модель 3: доход и возраст жилья,13614,281900.0,391574.4205853456
Модель 3: доход и возраст жилья,14197,283900.0,330397.3834099351
Модель 3: доход и возраст жилья,13930,311400.0,174588.6434197243
Модель 3: доход и возраст жилья,14722,140500.0,164660.07447034388
Модель 3: доход и возраст жилья,7687,500001.0,475847.6393647852
Модель 3: доход и возраст жилья,11245,138400.0,141014.64982155894
Модель 3: доход и возраст жилья,12105,108300.0,152395.44878249965
Модель 3: доход и возраст жилья,11238,212500.0,203164.97805168145
Модель 3: доход и возраст жилья,8928,211800.0,214740.78596093232
Модель 3: доход и возраст жилья,13993,273600.0,237531.6688507436
Модель 3: доход и возраст жилья,1184,166500.0,174321.57937766312
Модель 3: доход и возраст жилья,16979,70200.0,163872.49138614823
Модель 3: доход и возраст жилья,2334,126100.0,179085.76733393417
Модель 3: доход и возраст жилья,5147,188200.0,146056.41053594783
Модель 3: доход и возраст жилья,15291,147900.0,140098.78907436103
Модель 3: доход и возраст жилья,11852,146400.0,173435.24868559325
Модель 3: доход и возраст жилья,16905,99200.0,166402.97840988537
Модель 3: доход и возраст жилья,12772,118800.0,108082.79749772768
Модель 3: доход и возраст жилья,1768,208300.0,139850.72867364323
Модель 3: доход и возраст жилья,12531,288100.0,279880.32879203383
Модель 3: доход и возраст жилья,6418,120700.0,206407.62995500572
Модель 3: доход и возраст жилья,4665,120300.0,185322.20468735788
Модель 3: доход и возраст жилья,15913,500001.0,270360.39471159416
Модель 3: доход и возраст жилья,7729,207700.0,149172.57117756957
Модель 3: доход и возраст жилья,11873,126900.0,246401.5099991431
Модель 3: доход и возраст жилья,2208,140500.0,215008.37557284607
Модель 3: доход и возраст жилья,588,185700.0,193342.88097841118
Модель 3: доход и возраст жилья,13544,244100.0,248410.46223649674
Модель 3: доход и возраст жилья,15319,397900.0,292879.11714037124
Модель 3: доход и возраст жилья,6956,138400.0,123497.91212091233
Модель 3: доход и возраст жилья,12405,99100.0,145554.10678037786
Модель 3: доход и возраст жилья,20,44400.0,94512.66213736002
Модель 3: доход и возраст жилья,16151,209500.0,162751.18376549584
Модель 3: доход и возраст жилья,3095,238300.0,231314.72531305967
Модель 3: доход и возраст жилья,13222,302900.0,282463.3947915103
Модель 3: доход и возраст жилья,13393,500001.0,468872.62510030565
Модель 3: доход и возраст жилья,6456,306800.0,189321.12321844997
Модель 3: доход и возраст жилья,13087,368400.0,215108.6821925499
Модель 3: доход и возраст жилья,2260,69500.0,78804.29883011554
Модель 3: доход и возраст жилья,14830,80600.0,155051.3936259622
Модель 3: доход и возраст жилья,14997,240900.0,195553.4621994215
Модель 3: доход и возраст жилья,10212,229500.0,156633.2506206124
Модель 3: доход и возраст жилья,12000,126200.0,185539.2468120303
Модель 3: доход и возраст жилья,11913,173300.0,191481.71791752765
Модель 3: доход и возраст жилья,6489,129200.0,102268.32357257817
Модель 3: доход и возраст жилья,9198,57000.0,183272.19793457055
Модель 3: доход и возраст жилья,8371,334700.0,232191.54533559375
Модель 3: доход и возраст жилья,8381,81200.0,109791.3377480943
Модель 3: доход и возраст жилья,7969,327300.0,157356.67717557884
Модель 3: доход и возраст жилья,7224,230800.0,287411.504316998
Модель 3: доход и возраст жилья,3318,186000.0,203703.97516530674
Модель 3: доход и возраст жилья,10043,64500.0,131809.01725274857
Модель 3: доход и возраст жилья,16653,252100.0,253711.07255031445
Модель 3: доход и возраст жилья,15021,109800.0,182657.0119592859
Модель 3: доход и возраст жилья,5458,137500.0,156255.59863226087
Модель 3: доход и возраст жилья,5460,142800.0,127871.90788427723
Модель 3: доход и возраст жилья,15678,140400.0,81827.59663761502
Модель 3: доход и возраст жилья,4898,204300.0,234435.0020248616
Модель 3: доход и возраст жилья,2912,139200.0,180671.66960785227
Модель 3: доход и возраст жилья,15231,207900.0,195435.71095020397
Модель 3: доход и возраст жилья,13278,247900.0,185731.64560880561
Модель 3: доход и возраст жилья,16539,350000.0,243442.31562768857
Модель 3: доход и возраст жилья,7322,202100.0,160194.00422763557
Модель 3: доход и возраст жилья,6790,256800.0,172639.95903088976
Модель 3: доход и возраст жилья,15106,133300.0,91975.484287364
Модель 3: доход и возраст жилья,14540,205200.0,240333.8438588466
Модель 3: доход и возраст жилья,7417,157500.0,77490.29423230539
Модель 3: доход и возраст жилья,6848,95800.0,144033.8315588782
Модель 3: доход и возраст жилья,9044,58000.0,141518.47719350245
Модель 3: доход и возраст жилья,10887,138400.0,121002.85762378326
Модель 3: доход и возраст жилья,15833,274500.0,244999.7566839118
Модель 3: доход и возраст жилья,44,88400.0,89019.14515464252
Модель 3: доход и возраст жилья,7502,254700.0,211756.19530225798
Модель 3: доход и возраст жилья,15311,173400.0,150978.35311716498
Модель 3: доход и возраст жилья,12671,34200.0,88616.6224489238
Модель 3: доход и возраст жилья,25,100000.0,206605.4233511365
Модель 3: доход и возраст жилья,1061,263600.0,269355.57750871213
Модель 3: доход и возраст жилья,4156,168300.0,179264.04921659714
Модель 3: доход и возраст жилья,16488,265600.0,273434.27540179115
Модель 3: доход и возраст жилья,3497,201600.0,233545.06313473603
Модель 3: доход и возраст жилья,2653,237400.0,201713.51869717194
Модель 3: доход и возраст жилья,13016,178900.0,256253.62730193787
Модель 3: доход и возраст жилья,391,118900.0,223660.3862417943
Модель 3: доход и возраст жилья,12922,387500.0,351629.31932487775
Модель 3: доход и возраст жилья,6775,300000.0,214733.07939042442
Модель 3: доход и возраст жилья,9931,50000.0,150741.5543918265
Модель 3: доход и возраст жилья,7906,377200.0,324331.5213686665
Модель 3: доход и возраст жилья,16110,350000.0,206281.909350354
Модель 3: доход и возраст жилья,15645,111400.0,105469.18569887413
Модель 3: доход и возраст жилья,11855,133800.0,263661.1668039326
Модель 3: доход и возраст жилья,16917,82100.0,139489.01539616
Модель 3: доход и возраст жилья,3146,203200.0,205947.4141568465
Модель 3: доход и возраст жилья,8532,241100.0,253881.91064739582
Модель 3: доход и возраст жилья,7073,330300.0,225501.52991708546
Модель 3: доход и возраст жилья,16745,100300.0,109309.29846531487
Модель 3: доход и возраст жилья,14327,185300.0,237210.48451884152
Модель 3: доход и возраст жилья,3195,189900.0,223169.62464425803
Модель 3: доход и возраст жилья,4445,229600.0,233389.8655681405
Модель 3: доход и возраст жилья,13942,190900.0,182391.78741170876
Модель 3: доход и возраст жилья,15362,156900.0,165518.171334189
Модель 3: доход и возраст жилья,1536,277500.0,269216.0027748744
Модель 3: доход и возраст жилья,11850,114000.0,188153.64696566275
Модель 3: доход и возраст жилья,875,127700.0,132836.709079956
Модель 3: доход и возраст жилья,16853,64500.0,139389.74221843324
Модель 3: доход и возраст жилья,16187,281300.0,234489.36740190073
Модель 3: доход и возраст жилья,15236,372000.0,319863.89211412857
Модель 3: доход и возраст жилья,2268,119500.0,149549.189723944
Модель 3: доход и возраст жилья,5844,135200.0,180895.61225052553
Модель 3: доход и возраст жилья,7009,194700.0,192094.57422393185
Модель 3: доход и возраст жилья,1426,284700.0,169490.43274661407
Модель 3: доход и возраст жилья,2152,133200.0,195270.02236527987
Модель 3: доход и возраст жилья,3651,318700.0,279272.5689046027
Модель 3: доход и возраст жилья,5748,142300.0,170566.09730498417
Модель 3: доход и возраст жилья,11832,114300.0,179304.59585990635
Модель 3: доход и возраст жилья,2689,124300.0,148633.34667447416
Модель 3: доход и возраст жилья,16128,228600.0,251518.14565055986
Модель 3: доход и возраст жилья,13455,244400.0,193873.6636494041
Модель 3: доход и возраст жилья,5776,107300.0,132611.207425453
Модель 3: доход и возраст жилья,727,137800.0,216733.57209794753
Модель 3: доход и возраст жилья,10291,500001.0,298938.5865357635
Модель 3: доход и возраст жилья,590,217100.0,275987.8467415958
Модель 3: доход и возраст жилья,12349,91200.0,245968.4591917754
Модель 3: доход и возраст жилья,2062,116700.0,129386.01784937058
Модель 3: доход и возраст жилья,14245,500001.0,497342.750641079
Модель 3: доход и возраст жилья,10437,153500.0,137986.72807175474
Модель 3: доход и возраст жилья,12020,145400.0,135399.26551944367
Модель 3: доход и возраст жилья,7945,175900.0,190527.11462604837
Модель 3: доход и возраст жилья,7487,243800.0,133683.28148349546
Модель 3: доход и возраст жилья,8787,333100.0,310992.2999598854
Модель 3: доход и возраст жилья,15920,316700.0,170332.88907997333
Модель 3: доход и возраст жилья,14932,118100.0,134468.53489881067
Модель 3: доход и возраст жилья,16961,74100.0,128186.66417484672
Модель 3: доход и возраст жилья,16670,250800.0,190218.01571976067
Модель 3: доход и возраст жилья,3213,216700.0,214115.33635678925
Модель 3: доход и возраст жилья,13785,224200.0,177374.3895425626
Модель 3: доход и возраст жилья,10608,60900.0,68640.9980393508
Модель 3: доход и возраст жилья,12726,204300.0,138243.7912698838
Модель 3: доход и возраст жилья,8982,204200.0,279352.6287492441
Модель 3: доход и возраст жилья,12564,193100.0,193216.40741443678
Модель 3: доход и возраст жилья,136,84700.0,114033.20256320301
Модель 3: доход и возраст жилья,9123,63700.0,149519.41458161775
Модель 3: доход и возраст жилья,1500,192200.0,188218.78384368474
Модель 3: доход и возраст жилья,7272,225000.0,217067.051547206
Модель 3: доход и возраст жилья,2948,379800.0,364604.5331827514
Модель 3: доход и возраст жилья,4762,68500.0,116606.02263154913
Модель 3: доход и возраст жилья,4449,216600.0,225028.49343171727
Модель 3: доход и возраст жилья,14284,174100.0,254093.29538778643
Модель 3: доход и возраст жилья,9747,106300.0,172627.66391353332
Модель 3: доход и возраст жилья,11780,186900.0,240958.80328859325
Модель 3: доход и возраст жилья,3529,252000.0,288591.6092629803
Модель 3: доход и возраст жилья,13409,257600.0,211340.09895000758
Модель 3: доход и возраст жилья,3623,150500.0,236366.73195857884
Модель 3: доход и возраст жилья,1908,97300.0,255074.5381002046
Модель 3: доход и возраст жилья,14336,165600.0,187221.11224600187
Модель 3: доход и возраст жилья,5126,319100.0,216283.88271357308
Модель 3: доход и возраст жилья,6199,98600.0,146422.4672730814
Модель 3: доход и возраст жилья,1687,245800.0,161862.0155324211
Модель 3: доход и возраст жилья,5614,200400.0,218268.2093207577
Модель 3: доход и возраст жилья,14680,96700.0,153601.4401900981
Модель 3: доход и возраст жилья,6325,105800.0,201665.51057055307
Модель 3: доход и возраст жилья,2807,345700.0,259881.33958373903
Модель 3: доход и возраст жилья,9345,167400.0,95211.21797495928
Модель 3: доход и возраст жилья,4350,233700.0,257184.58531204096
Модель 3: доход и возраст жилья,10311,48000.0,105195.69361548034
Модель 3: доход и возраст жилья,5681,148100.0,147408.63210818672
Модель 3: доход и возраст жилья,8663,246400.0,269810.90657964034
Модель 3: доход и возраст жилья,11670,115400.0,202415.64733737076
Модель 3: доход и возраст жилья,8072,458600.0,215661.49803990507
Модель 3: доход и возраст жилья,1931,259800.0,224791.2222297105
Модель 3: доход и возраст жилья,9300,207700.0,224885.6086802062
Модель 3: доход и возраст жилья,15282,196400.0,246845.03412711128
Модель 3: доход и возраст жилья,2510,238000.0,181929.7675145217
Модель 3: доход и возраст жилья,1871,97400.0,220510.07160273974
Модель 3: доход и возраст жилья,8363,500001.0,246036.94148292686
Модель 3: доход и возраст жилья,11061,185100.0,262388.2344192843
Модель 3: доход и возраст жилья,2224,88100.0,126992.75819286268
Модель 3: доход и возраст жилья,16944,130600.0,211620.50924913032
Модель 3: доход и возраст жилья,6455,230600.0,230971.96258373553
Модель 3: доход и возраст жилья,9408,223600.0,147642.85607744657
Модель 3: доход и возраст жилья,11149,145000.0,174824.1459181594
Модель 3: доход и возраст жилья,9806,93800.0,121840.70771256591
Модель 3: доход и возраст жилья,7446,232700.0,166153.90226491855
Модель 3: доход и возраст жилья,899,95300.0,123806.04837613531
Модель 3: доход и возраст жилья,15132,191300.0,195130.42993371398
Модель 3: доход и возраст жилья,16014,455900.0,354894.77506161504
Модель 3: доход и возраст жилья,6928,211100.0,126735.18712260916
Модель 3: доход и возраст жилья,8112,178700.0,211022.50511843312
Модель 3: доход и возраст жилья,3947,341300.0,304502.8977807848
Модель 3: доход и возраст жилья,6746,162800.0,147572.55198953912
Модель 3: доход и возраст жилья,16421,500001.0,392202.40955011104
Модель 3: доход и возраст жилья,7972,310000.0,211489.14895792492
Модель 3: доход и возраст жилья,694,278600.0,244848.1850131001
Модель 3: доход и возраст жилья,6933,254500.0,138147.05745277953
Модель 3: доход и возраст жилья,10507,139800.0,199439.28881905688
Модель 3: доход и возраст жилья,4234,174400.0,216049.37826165886
Модель 3: доход и возраст жилья,1553,77200.0,143829.64551687098
Модель 3: доход и возраст жилья,15200,211300.0,199127.56206350628
Модель 3: доход и возраст жилья,8810,162900.0,177437.00475769024
Модель 3: доход и возраст жилья,13918,186000.0,259304.87845500768
Модель 3: доход и возраст жилья,7911,330700.0,310332.97684096394
Модель 3: доход и возраст жилья,1581,237300.0,268359.4295274028
Модель 3: доход и возраст жилья,14367,172700.0,230895.528634878
Модель 3: доход и возраст жилья,15974,500001.0,230303.1641907345
Модель 3: доход и возраст жилья,3343,500001.0,311523.8532879291
Модель 3: доход и возраст жилья,13257,332600.0,195763.84889329123
Модель 3: доход и возраст жилья,6665,208300.0,135605.29105593497
Модель 3: доход и возраст жилья,2294,113800.0,112709.2148191888
Модель 3: доход и возраст жилья,6833,108000.0,134007.7935307989
Модель 3: доход и возраст жилья,4671,284200.0,266750.93311181373
Модель 3: доход и возраст жилья,16646,179200.0,209612.83554095193
Модель 3: доход и возраст жилья,14749,500001.0,460692.0919048959
Модель 3: доход и возраст жилья,15517,111100.0,163160.11681481908
Модель 3: доход и возраст жилья,11612,65900.0,115799.71638866447
Модель 3: доход и возраст жилья,6918,349300.0,194286.43228625317
Модель 3: доход и возраст жилья,15905,500001.0,220299.96539152443
Модель 3: доход и возраст жилья,566,293900.0,311212.42471276096
Модель 3: доход и возраст жилья,858,131400.0,130581.74562811057
Модель 3: доход и возраст жилья,2568,113200.0,112115.81693306824
Модель 3: доход и возраст жилья,2666,183300.0,109998.62411603275
Модель 3: доход и возраст жилья,16023,391900.0,214315.70450899872
Модель 3: доход и возраст жилья,13731,337000.0,181003.64313846533
Модель 3: доход и возраст жилья,14347,273300.0,332807.84260875854
Модель 3: доход и возраст жилья,9000,500001.0,385404.6968195015
Модель 3: доход и возраст жилья,4324,207400.0,280141.73544981313
Модель 3: доход и возраст жилья,1861,405200.0,257794.8845600946
Модель 3: доход и возраст жилья,1510,90900.0,182149.85687194107
Модель 3: доход и возраст жилья,8865,193400.0,268088.00432796316
Модель 3: доход и возраст жилья,8024,163700.0,127925.80078464802
Модель 3: доход и возраст жилья,6170,282600.0,203478.71859800196
Модель 3: доход и возраст жилья,1577,363600.0,372393.2974756972
Модель 3: доход и возраст жилья,753,261500.0,274966.58295572095
Модель 3: доход и возраст жилья,14837,500001.0,545901.4005088679
Модель 3: доход и возраст жилья,9617,63300.0,91398.28789703806
Модель 3: доход и возраст жилья,14422,500001.0,416730.3470011681
Модель 3: доход и возраст жилья,10783,109900.0,140056.9992973327
Модель 3: доход и возраст жилья,16297,262500.0,272684.90929202427
Модель 3: доход и возраст жилья,5777,99500.0,133990.103814087
Модель 3: доход и возраст жилья,7989,266700.0,187875.81142261863
Модель 3: доход и возраст жилья,7588,178400.0,209277.00872508492
Модель 3: доход и возраст жилья,1603,163300.0,226078.53431339748
Модель 3: доход и возраст жилья,3443,216200.0,250647.73597163023
Модель 3: доход и возраст жилья,16117,500001.0,332136.1889770245
Модель 3: доход и возраст жилья,8685,221000.0,269200.3445466605
Модель 3: доход и возраст жилья,14060,324200.0,183557.74004812248
Модель 3: доход и возраст жилья,12524,130400.0,157476.98548314694
Модель 3: доход и возраст жилья,824,184000.0,244077.76607576376
Модель 3: доход и возраст жилья,11481,201800.0,250872.97484120695
Модель 3: доход и возраст жилья,13879,195300.0,122735.49793446633
Модель 3: доход и возраст жилья,3290,220000.0,279317.45900756225
Модель 3: доход и возраст жилья,4726,171400.0,133452.66571229137
Модель 3: доход и возраст жилья,13682,342000.0,261416.71206814382
Модель 3: доход и возраст жилья,13996,430100.0,256387.78973869205
Модель 3: доход и возраст жилья,16998,85800.0,107614.34955920803
Модель 3: доход и возраст жилья,1360,177300.0,172272.8865495072
Модель 3: доход и возраст жилья,12309,80000.0,110494.48213254208
Модель 3: доход и возраст жилья,10790,181400.0,160985.1601144308
Модель 3: доход и возраст жилья,11390,151200.0,181501.5857366569
Модель 3: доход и возраст жилья,5093,173800.0,249610.7962598134
Модель 3: доход и возраст жилья,14869,141700.0,176218.15726742664
Модель 3: доход и возраст жилья,12557,263100.0,228108.76676779072
Модель 3: доход и возраст жилья,7681,366900.0,323605.012185497
Модель 3: доход и возраст жилья,16764,117000.0,182888.92395739336
Модель 3: доход и возраст жилья,4777,260100.0,262826.62673282326
Модель 3: доход и возраст жилья,16228,314700.0,236154.5588634094
Модель 3: доход и возраст жилья,12083,95700.0,140177.04481997452
Модель 3: доход и возраст жилья,9283,121000.0,212287.25845590528
Модель 3: доход и возраст жилья,2252,125000.0,163812.7314097536
Модель 3: доход и возраст жилья,12835,111400.0,170564.3109036844
Модель 3: доход и возраст жилья,4388,231200.0,282691.9790742164
Модель 3: доход и возраст жилья,9946,74300.0,155470.08243201935
Модель 3: доход и возраст жилья,7278,500001.0,391090.314418612
Модель 3: доход и возраст жилья,1530,467600.0,361402.4279227363
Модель 3: доход и возраст жилья,9562,108100.0,187143.39976796907
Модель 3: доход и возраст жилья,13670,261800.0,185332.4683162163
Модель 3: доход и возраст жилья,11186,163400.0,178790.24207417818
Модель 3: доход и возраст жилья,14458,159400.0,162817.0913005687
Модель 3: доход и возраст жилья,16876,116200.0,156374.40102118358
Модель 3: доход и возраст жилья,10744,249600.0,189534.3120578684
Модель 3: доход и возраст жилья,12792,221500.0,239231.25939688325
Модель 3: доход и возраст жилья,11069,172200.0,379743.1084897953
Модель 3: доход и возраст жилья,1571,183900.0,156721.24442523174
Модель 3: доход и возраст жилья,1454,172000.0,218030.88502556665
Модель 3: доход и возраст жилья,11903,118800.0,167770.08755328742
Модель 3: доход и возраст жилья,15315,293200.0,203084.95360249624
Модель 3: доход и возраст жилья,10888,126800.0,192913.4560668273
Модель 3: доход и возраст жилья,8933,94600.0,197299.4841626223
Модель 3: доход и возраст жилья,4841,253900.0,246286.05302334984
Модель 3: доход и возраст жилья,959,84400.0,110287.9841193825
Модель 3: доход и возраст жилья,10732,117200.0,94447.77034653618
Модель 3: доход и возраст жилья,7904,432100.0,317017.3525729185
Модель 3: доход и возраст жилья,13174,281900.0,225451.5256974248
Модель 3: доход и возраст жилья,14054,211300.0,252035.35467502108
Модель 3: доход и возраст жилья,688,264700.0,176773.07539419216
Модель 3: доход и возраст жилья,2944,500001.0,501544.6120804591
Модель 3: доход и возраст жилья,7838,500001.0,397587.1780810222
Модель 3: доход и возраст жилья,698,429300.0,480900.4343650834
Модель 3: доход и возраст жилья,13305,239200.0,219878.98231204296
Модель 3: доход и возраст жилья,6151,117700.0,188875.7772937258
Модель 3: доход и возраст жилья,15917,460000.0,249957.90244878785
Модель 3: доход и возраст жилья,4103,189600.0,270351.6900945654
Модель 3: доход и возраст жилья,8119,175500.0,123564.64340622019
Модель 3: доход и возраст жилья,4177,212600.0,264386.3974579269
Модель 3: доход и возраст жилья,13461,264600.0,193431.4003528831
Модель 3: доход и возраст жилья,6532,166900.0,242727.34860255272
Модель 3: доход и возраст жилья,4222,178100.0,88097.64472089086
Модель 3: доход и возраст жилья,306,163100.0,172008.90513564917
Модель 3: доход и возраст жилья,259,235600.0,192840.85770549558
Модель 3: доход и возраст жилья,3902,265000.0,252730.82788441714
Модель 3: доход и возраст жилья,14043,234700.0,217986.01262033518
Модель 3: доход и возраст жилья,3900,284600.0,332009.48802357994
Модель 3: доход и возраст жилья,11785,102800.0,168718.50789063232
Модель 3: доход и возраст жилья,561,132300.0,109734.90548710102
Модель 3: доход и возраст жилья,11927,88200.0,193137.66149442687
Модель 3: доход и возраст жилья,11024,63600.0,121178.56475036759
Модель 3: доход и возраст жилья,10293,47100.0,103448.67360575865
Модель 3: доход и возраст жилья,7562,332600.0,281035.7550146628
Модель 3: доход и возраст жилья,11798,55000.0,165251.38777478223
Модель 3: доход и возраст жилья,12872,241000.0,287027.2322932999
Модель 3: доход и возраст жилья,13576,265300.0,184158.03845224396
Модель 3: доход и возраст жилья,2494,294200.0,278160.24638363346
Модель 3: доход и возраст жилья,1139,116100.0,122404.3127586321
Модель 3: доход и возраст жилья,10654,79900.0,152267.45160215176
Модель 3: доход и возраст жилья,7349,205400.0,314384.2469583252
Модель 3: доход и возраст жилья,12652,95300.0,134446.50172244842
Модель 3: доход и возраст жилья,10473,104800.0,182290.67473949798
Модель 3: доход и возраст жилья,6403,100000.0,130843.90524521263
Модель 3: доход и возраст жилья,197,194500.0,178566.54451870304
Модель 3: доход и возраст жилья,15035,371400.0,172660.7313758048
Модель 3: доход и возраст жилья,15437,118400.0,165640.31913624116
Модель 3: доход и возраст жилья,8527,251800.0,251972.26698322516
Модель 3: доход и возраст жилья,7242,302200.0,259605.02765706842
Модель 3: доход и возраст жилья,16759,262500.0,191092.033596746
Модель 3: доход и возраст жилья,380,211900.0,174925.9938519648
Модель 3: доход и возраст жилья,200,73300.0,100595.96880814235
Модель 3: доход и возраст жилья,4799,272600.0,310744.4846463658
Модель 3: доход и возраст жилья,7902,328100.0,310835.54338146024
Модель 3: доход и возраст жилья,8379,500001.0,288738.34729974525
Модель 3: доход и возраст жилья,11229,113800.0,142701.89215715794
Модель 3: доход и возраст жилья,4528,476700.0,177832.5738522238
Модель 3: доход и возраст жилья,7353,172600.0,224724.2281594763
Модель 3: доход и возраст жилья,13207,237500.0,198706.07111190035
Модель 3: доход и возраст жилья,1544,289600.0,209108.72768635408
Модель 3: доход и возраст жилья,4743,123400.0,169282.90129147738
Модель 3: доход и возраст жилья,4252,202800.0,165526.66625947572
Модель 3: доход и возраст жилья,3657,220000.0,198023.9441595658
Модель 3: доход и возраст жилья,13323,243200.0,256274.6447340511
Модель 3: доход и возраст жилья,5327,238900.0,285974.1264811447
Модель 3: доход и возраст жилья,3524,166400.0,219168.63922921184
Модель 3: доход и возраст жилья,13362,292500.0,236209.74799068354
Модель 3: доход и возраст жилья,3611,335700.0,254603.042928938
Модель 3: доход и возраст жилья,7893,319400.0,170476.57988399133
Модель 3: доход и возраст жилья,12300,77700.0,149484.7881075166
Модель 3: доход и возраст жилья,8840,302000.0,305733.51481855224
Модель 3: доход и возраст жилья,13218,296600.0,298158.41184169316
Модель 3: доход и возраст жилья,16827,60300.0,85245.71058032535
Модель 3: доход и возраст жилья,8567,229200.0,280299.49007475935
Модель 3: доход и возраст жилья,16423,362500.0,253643.85109061014
Модель 3: доход и возраст жилья,9354,83300.0,155182.50882996942
Модель 3: доход и возраст жилья,12510,134000.0,102355.05654575034
Модель 3: доход и возраст жилья,1883,152700.0,156247.9097594811
Модель 3: доход и возраст жилья,9126,80900.0,170777.51744083094
Модель 3: доход и возраст жилья,1453,417500.0,236842.88646760638
Модель 3: доход и возраст жилья,11920,88200.0,185673.67203371075
Модель 3: доход и возраст жилья,16264,318500.0,195056.29025828073
Модель 3: доход и возраст жилья,14979,127000.0,177515.71528224397
Модель 3: доход и возраст жилья,2387,131500.0,187207.78368666838
Модель 3: доход и возраст жилья,14760,378100.0,389789.9365605178
Модель 3: доход и возраст жилья,8734,154600.0,181860.75965351763
Модель 3: доход и возраст жилья,15196,287500.0,232989.63713584605
Модель 3: доход и возраст жилья,7459,328900.0,214425.24131558393
Модель 3: доход и возраст жилья,4669,344700.0,289793.7473853248
Модель 3: доход и возраст жилья,10561,66000.0,149888.57164468252
Модель 3: доход и возраст жилья,12906,165300.0,129678.986050776
Модель 3: доход и возраст жилья,7716,500001.0,179885.90832041256
Модель 3: доход и возраст жилья,10618,138000.0,164625.71078116904
Модель 3: доход и возраст жилья,4951,500001.0,582719.569626731
Модель 3: доход и возраст жилья,1848,122400.0,141172.17705703492
Модель 3: доход и возраст жилья,9693,84800.0,121049.2890408444
Модель 3: доход и возраст жилья,12146,180400.0,175121.23018974505
Модель 3: доход и возраст жилья,3782,195400.0,238569.88709173573
Модель 3: доход и возраст жилья,11701,102800.0,148116.68091759365
Модель 3: доход и возраст жилья,9733,67500.0,92781.54544305046
Модель 3: доход и возраст жилья,3377,237400.0,179397.9665661531
Модель 3: доход и возраст жилья,5676,425500.0,200439.25469016406
Модель 3: доход и возраст жилья,7612,500001.0,168316.7735396925
Модель 3: доход и возраст жилья,4155,151100.0,214398.04092933628
Модель 3: доход и возраст жилья,15363,132500.0,145443.78161901375
Модель 3: доход и возраст жилья,10314,88200.0,155905.44521053944
Модель 3: доход и возраст жилья,9947,70400.0,160387.4187686599
Модель 3: доход и возраст жилья,12354,55100.0,103605.16739925757
Модель 3: доход и возраст жилья,16710,204600.0,201174.25879862037
Модель 3: доход и возраст жилья,13598,98500.0,188897.07520849345
Модель 3: доход и возраст жилья,2306,91100.0,87288.29124525927
Модель 3: доход и возраст жилья,5918,472700.0,384622.49063693336
Модель 3: доход и возраст жилья,15576,350000.0,128281.08602079868
Модель 3: доход и возраст жилья,15745,238000.0,190590.99067262321
Модель 3: доход и возраст жилья,1137,147500.0,150242.08817726147
Модель 3: доход и возраст жилья,12460,70300.0,87600.99834960268
Модель 3: доход и возраст жилья,2753,162500.0,236482.6968064966
Модель 3: доход и возраст жилья,1442,152400.0,254899.3388457448
Модель 3: доход и возраст жилья,9361,234300.0,214058.65900859778
Модель 3: доход и возраст жилья,13192,122200.0,102534.63465531667
Модель 3: доход и возраст жилья,503,195800.0,278036.82005240605
Модель 3: доход и возраст жилья,8798,253000.0,305462.8425784353
Модель 3: доход и возраст жилья,13439,253600.0,293973.5225551584
Модель 3: доход и возраст жилья,3776,366700.0,201425.40182754133
Модель 3: доход и возраст жилья,7162,450000.0,197856.1532952314
Модель 3: доход и возраст жилья,1497,161400.0,173206.90949008535
Модель 3: доход и возраст жилья,13537,294400.0,259521.39500982754
Модель 3: доход и возраст жилья,16516,112500.0,220258.9285738188
Модель 3: доход и возраст жилья,8158,500001.0,224722.94963030104
Модель 3: доход и возраст жилья,8725,224900.0,218419.02803224674
Модель 3: доход и возраст жилья,9508,186800.0,184270.92067195856
Модель 3: доход и возраст жилья,4092,324900.0,288979.4894847341
Модель 3: доход и возраст жилья,9271,58400.0,72854.13885183839
Модель 3: доход и возраст жилья,4115,180200.0,168812.15907953348
Модель 3: доход и возраст жилья,12247,70500.0,148814.9385748104
Модель 3: доход и возраст жилья,8555,243800.0,283087.0402966255
Модель 3: доход и возраст жилья,14601,405900.0,234708.7214977255
Модель 3: доход и возраст жилья,10863,165800.0,210059.47769257944
Модель 3: доход и возраст жилья,16466,368700.0,320814.659818082
Модель 3: доход и возраст жилья,16197,334600.0,232147.96915726564
Модель 3: доход и возраст жилья,6948,190600.0,138568.28561945914
Модель 3: доход и возраст жилья,524,150300.0,244705.26486613287
Модель 3: доход и возраст жилья,15475,352800.0,200048.79971233162
Модель 3: доход и возраст жилья,9346,175800.0,182507.97964909667
Модель 3: доход и возраст жилья,5062,211800.0,125300.12125790819
Модель 3: доход и возраст жилья,11792,88800.0,189856.00426189497
Модель 3: доход и возраст жилья,14691,79700.0,156719.1598435495
Модель 3: доход и возраст жилья,11817,130600.0,235758.2368095531
Модель 3: доход и возраст жилья,10280,113100.0,136377.72378404115
Модель 3: доход и возраст жилья,9728,133300.0,195648.3919174979
Модель 3: доход и возраст жилья,13523,286800.0,282618.34727090766
Модель 3: доход и возраст жилья,3070,334600.0,357809.061632382
Модель 3: доход и возраст жилья,13625,288300.0,300802.06156779936
Модель 3: доход и возраст жилья,13213,200000.0,223927.94045825186
Модель 3: доход и возраст жилья,613,174400.0,229591.0347066036
Модель 3: доход и возраст жилья,11420,150000.0,72074.50742534881
Модель 3: доход и возраст жилья,2612,113600.0,156813.8621721558
Модель 3: доход и возраст жилья,1787,154600.0,98007.24542438409
Модель 3: доход и возраст жилья,13549,356000.0,363070.6843147201
Модель 3: доход и возраст жилья,7724,334100.0,271254.4319741719
Модель 3: доход и возраст жилья,7782,223800.0,212520.16850053365
Модель 3: доход и возраст жилья,9003,299400.0,292145.952526399
Модель 3: доход и возраст жилья,23,71300.0,154316.70539561645
Модель 3: доход и возраст жилья,410,94500.0,165921.4823946866
Модель 3: доход и возраст жилья,14405,196400.0,248729.5796844447
Модель 3: доход и возраст жилья,12106,119800.0,213137.64874924254
Модель 3: доход и возраст жилья,5740,134200.0,147178.48881365097
Модель 3: доход и возраст жилья,1724,137300.0,130058.91461482372
Модель 3: доход и возраст жилья,15624,175400.0,232115.37417166252
Модель 3: доход и возраст жилья,1398,81900.0,132291.5644076525
Модель 3: доход и возраст жилья,11886,189900.0,282032.9364379493
Модель 3: доход и возраст жилья,10615,128100.0,149306.48852712556
Модель 3: доход и возраст жилья,4374,205200.0,293255.71798901766
Модель 3: доход и возраст жилья,15096,281100.0,274282.63420663046
Модель 3: доход и возраст жилья,8385,325200.0,224511.07471551403
Модель 3: доход и возраст жилья,16398,211700.0,217005.76795443794
Модель 3: доход и возраст жилья,2891,112500.0,152554.25454715092
Модель 3: доход и возраст жилья,15115,357300.0,422468.84175640024
Модель 3: доход и возраст жилья,13804,500001.0,425828.2468624211
Модель 3: доход и возраст жилья,15458,177800.0,245829.9178999147
Модель 3: доход и возраст жилья,5703,483700.0,383000.12239443004
Модель 3: доход и возраст жилья,5629,137500.0,164918.13571499384
Модель 3: доход и возраст жилья,7059,434400.0,239259.9657017763
Модель 3: доход и возраст жилья,12862,231400.0,142384.07093611336
Модель 3: доход и возраст жилья,1344,200000.0,163996.12740911767
Модель 3: доход и возраст жилья,15304,137500.0,113746.87209487219
Модель 3: доход и возраст жилья,1977,89400.0,135593.97628737136
Модель 3: доход и возраст жилья,4068,281500.0,281787.94096770656
Модель 3: доход и возраст жилья,16320,270200.0,257661.7378675894
Модель 3: доход и возраст жилья,4026,198100.0,229243.42064550464
Модель 3: доход и возраст жилья,8908,399400.0,247193.9621128417
Модель 3: доход и возраст жилья,4334,500001.0,495917.9661029644
Модель 3: доход и возраст жилья,5476,127100.0,165680.585296896
Модель 3: доход и возраст жилья,10247,107200.0,168662.33841456537
Модель 3: доход и возраст жилья,3698,156800.0,188761.89702749028
Модель 3: доход и возраст жилья,4429,179800.0,242399.49114211983
Модель 3: доход и возраст жилья,4208,216400.0,248342.48781746978
Модель 3: доход и возраст жилья,8487,319400.0,334745.9828860803
Модель 3: доход и возраст жилья,627,103000.0,187722.38255959476
Модель 3: доход и возраст жилья,2756,252200.0,266258.6478979039
Модель 3: доход и возраст жилья,6929,240600.0,127584.33428222728
Модель 3: доход и возраст жилья,15013,108500.0,173139.46064091098
Модель 3: доход и возраст жилья,12331,158300.0,203553.9094131404
Модель 3: доход и возраст жилья,5763,160800.0,213186.65492238232
Модель 3: доход и возраст жилья,13403,112500.0,221259.70049743293
Модель 3: доход и возраст жилья,12612,283100.0,240040.89335516928
Модель 3: доход и возраст жилья,6555,257400.0,201940.50857259223
Модель 3: доход и возраст жилья,4413,162100.0,144330.9158304639
Модель 3: доход и возраст жилья,9579,123800.0,141518.7576761568
Модель 3: доход и возраст жилья,8589,418500.0,133595.060289406
Модель 3: доход и возраст жилья,8206,234900.0,170157.68982551352
Модель 3: доход и возраст жилья,16332,246300.0,160903.08647901955
Модель 3: доход и возраст жилья,7048,118800.0,204940.98484895058
Модель 3: доход и возраст жилья,445,112100.0,115203.79683964951
Модель 3: доход и возраст жилья,11618,187500.0,271224.20205290534
Модель 3: доход и возраст жилья,1192,162500.0,130620.47047466385
Модель 3: доход и возраст жилья,12485,65300.0,112713.82106376546
Модель 3: доход и возраст жилья,6986,136100.0,206424.54901466682
Модель 3: доход и возраст жилья,15161,311800.0,265674.25280919456
Модель 3: доход и возраст жилья,13538,89600.0,171917.56591790039
Модель 3: доход и возраст жилья,11495,182400.0,174800.02816011492
Модель 3: доход и возраст жилья,10016,53500.0,103708.80173436274
Модель 3: доход и возраст жилья,5976,151200.0,203259.38219990532
Модель 3: доход и возраст жилья,7258,450000.0,194412.41567583114
Модель 3: доход и возраст жилья,4911,156400.0,209507.6421940171
Модель 3: доход и возраст жилья,5262,341100.0,180480.304253054
Модель 3: доход и возраст жилья,10670,102000.0,106862.95196094316
Модель 3: доход и возраст жилья,13703,118800.0,166194.9390826242
Модель 3: доход и возраст жилья,3912,159400.0,243436.9387260612
Модель 3: доход и возраст жилья,5213,500001.0,239819.49007311842
Модель 3: доход и возраст жилья,12593,221000.0,216979.86379509364
Модель 3: доход и возраст жилья,15854,162500.0,168143.58807600258
Модель 3: доход и возраст жилья,13568,287100.0,220211.46371478058
Модель 3: доход и возраст жилья,2356,154700.0,222227.6323482457
Модель 3: доход и возраст жилья,16888,150000.0,84039.73687045503
Модель 3: доход и возраст жилья,4187,169000.0,242965.16307214016
Модель 3: доход и возраст жилья,13688,442500.0,375722.4018695392
Модель 3: доход и возраст жилья,15995,475000.0,190703.85519460973
Модель 3: доход и возраст жилья,6604,95000.0,148158.71578182015
Модель 3: доход и возраст жилья,13944,440500.0,267481.5406674354
Модель 3: доход и возраст жилья,6087,431800.0,313176.7142366252
Модель 3: доход и возраст жилья,1368,157600.0,174369.81489375213
Модель 3: доход и возраст жилья,9402,305800.0,203728.6184932038
Модель 3: доход и возраст жилья,1424,408500.0,313684.13210889633
Модель 3: доход и возраст жилья,15266,346800.0,292589.21386944083
Модель 3: доход и возраст жилья,1319,149900.0,292943.01088467415
Модель 3: доход и возраст жилья,9792,54400.0,149553.02531146986
Модель 3: доход и возраст жилья,467,316700.0,315812.9378748778
Модель 3: доход и возраст жилья,2812,128800.0,188955.81944063905
Модель 3: доход и возраст жилья,8700,419900.0,404486.2839664968
Модель 3: доход и возраст жилья,15727,112500.0,148854.18899121624
Модель 3: доход и возраст жилья,10550,275100.0,299151.00471813115
Модель 3: доход и возраст жилья,1197,130600.0,154928.02038791904
Модель 3: доход и возраст жилья,13557,196200.0,244231.44002598582
Модель 3: доход и возраст жилья,12266,103900.0,165586.16345094406
Модель 3: доход и возраст жилья,10996,58000.0,110889.05318055474
Модель 3: доход и возраст жилья,12176,98700.0,184345.06034739185
Модель 3: доход и возраст жилья,7090,121500.0,208239.56114114358
Модель 3: доход и возраст жилья,76,107200.0,191242.36213383861
Модель 3: доход и возраст жилья,12719,293800.0,198482.63634135152
Модель 3: доход и возраст жилья,8712,500001.0,504828.05571429076
Модель 3: доход и возраст жилья,11100,162500.0,134697.66244909746
Модель 3: доход и возраст жилья,12341,32500.0,101561.57099007469
Модель 3: доход и возраст жилья,62,60300.0,113664.79845946093
Модель 3: доход и возраст жилья,33,113800.0,165988.4410694646
Модель 3: доход и возраст жилья,14395,364500.0,324122.97416928085
Модель 3: доход и возраст жилья,7786,265200.0,172668.70073123896
Модель 3: доход и возраст жилья,9666,297400.0,175150.98763434327
Модель 3: доход и возраст жилья,10854,101000.0,163149.5727033063
Модель 3: доход и возраст жилья,1317,135800.0,200615.01490993262
Модель 3: доход и возраст жилья,3641,198200.0,248881.2044484407
Модель 3: доход и возраст жилья,1295,168300.0,210644.64343833955
Модель 3: доход и возраст жилья,10796,172100.0,158302.295367375
Модель 3: доход и возраст жилья,4309,185700.0,168583.06692470287
Модель 3: доход и возраст жилья,12242,123500.0,109511.71580375043
Модель 3: доход и возраст жилья,1159,131600.0,165202.3992993705
Модель 3: доход и возраст жилья,14777,121600.0,191900.10854320234
Модель 3: доход и возраст жилья,2,85700.0,89804.9241398103
Модель 3: доход и возраст жилья,3587,177900.0,221591.13076046534
Модель 3: доход и возраст жилья,5181,191600.0,262106.79067818445
Модель 3: доход и возраст жилья,1080,126300.0,123326.05827958194
Модель 3: доход и возраст жилья,10572,150000.0,127717.23588753428
Модель 3: доход и возраст жилья,14116,498800.0,398334.4773068349
Модель 3: доход и возраст жилья,2075,100500.0,150636.92201020042
Модель 3: доход и возраст жилья,9787,88400.0,183913.32346465558
Модель 3: доход и возраст жилья,7951,237900.0,268635.95114581543
Модель 3: доход и возраст жилья,16368,470500.0,416824.7511493919
Модель 3: доход и возраст жилья,5916,500001.0,327251.71041091345
Модель 3: доход и возраст жилья,6434,195800.0,249502.27519747723
Модель 3: доход и возраст жилья,474,151700.0,200813.31617818796
Модель 3: доход и возраст жилья,7825,314900.0,286739.11542366934
Модель 3: доход и возраст жилья,7154,315100.0,224718.85125784893
Модель 3: доход и возраст жилья,3003,500001.0,620694.7593745089
Модель 3: доход и возраст жилья,6244,372900.0,302004.9526494666
Модель 3: доход и возраст жилья,12252,137500.0,115477.23582985904
Модель 3: доход и возраст жилья,12282,137500.0,118635.72951608976
Модель 3: доход и возраст жилья,5157,227300.0,207044.35893225615
Модель 3: доход и возраст жилья,3229,209500.0,170577.6394630179
Модель 3: доход и возраст жилья,11471,134500.0,216509.6294552742
Модель 3: доход и возраст жилья,10182,81100.0,152909.837963684
Модель 3: доход и возраст жилья,7626,500001.0,253923.19255229965
Модель 3: доход и возраст жилья,16025,261900.0,297565.294438227
Модель 3: доход и возраст жилья,6966,127100.0,85726.97920605402
Модель 3: доход и возраст жилья,9528,65200.0,106811.38872945281
Модель 3: доход и возраст жилья,14484,204200.0,255863.90758570004
Модель 3: доход и возраст жилья,4153,145900.0,157676.82806550383
Модель 3: доход и возраст жилья,924,149100.0,181316.10515561057
Модель 3: доход и возраст жилья,13808,500001.0,488290.5292375643
Модель 3: доход и возраст жилья,13765,144900.0,201921.8031116313
Модель 3: доход и возраст жилья,12327,191900.0,232650.25521510755
Модель 3: доход и возраст жилья,12888,146400.0,226336.85834297372
Модель 3: доход и возраст жилья,13890,166600.0,252683.10024045268
Модель 3: доход и возраст жилья,5852,154700.0,188501.4884162318
Модель 3: доход и возраст жилья,3074,216900.0,174074.5347211943
Модель 3: доход и возраст жилья,12793,184400.0,144924.82158870893
Модель 3: доход и возраст жилья,15016,54100.0,148692.3182960899
Модель 3: доход и возраст жилья,4672,220100.0,195371.34472923272
Модель 3: доход и возраст жилья,8352,387500.0,226218.84430882987
Модель 3: доход и возраст жилья,12816,343000.0,313537.95503744006
Модель 3: доход и возраст жилья,8839,335000.0,308593.1555296256
Модель 3: доход и возраст жилья,1432,255200.0,243488.5196552796
Модель 3: доход и возраст жилья,14098,350000.0,178011.38130473936
Модель 3: доход и возраст жилья,16375,327200.0,234033.75784831817
Модель 3: доход и возраст жилья,10009,128300.0,185670.0992311112
Модель 3: доход и возраст жилья,10512,146700.0,181102.14565914133
Модель 3: доход и возраст жилья,12877,169100.0,195740.76457722377
Модель 3: доход и возраст жилья,9671,55900.0,194706.9074936101
Модель 3: доход и возраст жилья,7147,382100.0,224759.13511623183
Модель 3: доход и возраст жилья,14391,500001.0,482436.0696344144
Модель 3: доход и возраст жилья,12383,60600.0,78901.26003668994
Модель 3: доход и возраст жилья,13672,270300.0,259659.6735167619
Модель 3: доход и возраст жилья,14079,107200.0,193827.23223234294
Модель 3: доход и возраст жилья,10929,127100.0,155786.6782170729
Модель 3: доход и возраст жилья,13842,301100.0,168623.8763529384
Модель 3: доход и возраст жилья,14047,310600.0,238400.30982610153
Модель 3: доход и возраст жилья,13857,365700.0,387015.2247235886
Модель 3: доход и возраст жилья,7133,188000.0,208763.4255964075
Модель 3: доход и возраст жилья,7467,194900.0,176302.56057171835
Модель 3: доход и возраст жилья,7615,393600.0,329401.7433007502
Модель 3: доход и возраст жилья,2267,96600.0,175363.63320618108
Модель 3: доход и возраст жилья,3523,164100.0,205835.03980925638
Модель 3: доход и возраст жилья,2245,102000.0,175073.74763297878
Модель 3: доход и возраст жилья,14129,197100.0,266109.0546224059
Модель 3: доход и возраст жилья,13528,430900.0,271902.47571998596
Модель 3: доход и возраст жилья,605,113500.0,166013.57457175807
Модель 3: доход и возраст жилья,1447,187500.0,150272.12610451406
Модель 3: доход и возраст жилья,6129,151600.0,174191.49761563295
Модель 3: доход и возраст жилья,16984,70000.0,132062.2094678956
Модель 3: доход и возраст жилья,8903,321800.0,295190.0403765416
Модель 3: доход и возраст жилья,14037,182000.0,174006.80538936553
Модель 3: доход и возраст жилья,5721,166300.0,186126.7068312147
Модель 3: доход и возраст жилья,1797,278300.0,296584.06942353694
Модель 3: доход и возраст жилья,7441,225000.0,193419.59540992312
Модель 3: доход и возраст жилья,4571,410400.0,370071.60273854394
Модель 3: доход и возраст жилья,10612,183800.0,269743.19494553964
Модель 3: доход и возраст жилья,2335,127300.0,121742.95815121265
Модель 3: доход и возраст жилья,2856,500001.0,446599.93158374843
Модель 3: доход и возраст жилья,9615,107600.0,189778.29178386214
Модель 3: доход и возраст жилья,3603,213400.0,200210.44301798783
Модель 3: доход и возраст жилья,9060,49400.0,74567.28534678167
Модель 3: доход и возраст жилья,11975,145900.0,194138.1883308428
Модель 3: доход и возраст жилья,8435,270100.0,269482.05107268656
Модель 3: доход и возраст жилья,4920,242000.0,266458.2099976064
Модель 3: доход и возраст жилья,13435,142100.0,188508.44202741695
Модель 3: доход и возраст жилья,14900,145800.0,257837.4626919018
Модель 3: доход и возраст жилья,4603,178000.0,241777.89482323074
Модель 3: доход и возраст жилья,8302,421900.0,210267.76210703884
Модель 3: доход и возраст жилья,1629,316700.0,310604.15695320535
Модель 3: доход и возраст жилья,9115,60700.0,127495.30703563087
Модель 3: доход и возраст жилья,11556,54400.0,104563.57088280651
Модель 3: доход и возраст жилья,6384,114800.0,158409.7475922779
Модель 3: доход и возраст жилья,16527,171200.0,208675.71227444257
Модель 3: доход и возраст жилья,5028,104000.0,143230.88842685107
Модель 3: доход и возраст жилья,11326,274500.0,277512.4831204738
Модель 3: доход и возраст жилья,4722,161200.0,251101.54142618494
Модель 3: доход и возраст жилья,9676,57100.0,120240.67082680741
Модель 3: доход и возраст жилья,7930,380800.0,244913.0768039239
Модель 3: доход и возраст жилья,14323,180900.0,189271.10130106116
Модель 3: доход и возраст жилья,2785,129200.0,211636.1497796162
Модель 3: доход и возраст жилья,5523,156500.0,162080.82636066515
Модель 3: доход и возраст жилья,1488,92400.0,129726.69599701242
Модель 3: доход и возраст жилья,8763,120800.0,177119.9187982403
Модель 3: доход и возраст жилья,3325,102500.0,51478.565226062005
Модель 3: доход и возраст жилья,10242,91500.0,109248.48734921508
Модель 3: доход и возраст жилья,12061,87600.0,124122.10089360818
Модель 3: доход и возраст жилья,12513,73500.0,117359.73220096638
Модель 3: доход и возраст жилья,7163,300000.0,226399.92833704158
Модель 3: доход и возраст жилья,3908,500001.0,302546.01664704597
Модель 3: доход и возраст жилья,7636,333300.0,129812.37783047941
Модель 3: доход и возраст жилья,2960,445600.0,269900.4416983613
Модель 3: доход и возраст жилья,8828,500001.0,445570.9612273657
Модель 3: доход и возраст жилья,8812,350000.0,286828.16036799387
Модель 3: доход и возраст жилья,10985,196300.0,244274.56142537371
Модель 3: доход и возраст жилья,10762,174200.0,119160.62741333079
Модель 3: доход и возраст жилья,12745,82100.0,203945.62522242006
Модель 3: доход и возраст жилья,9191,50000.0,75345.37545916966
Модель 3: доход и возраст жилья,1523,196000.0,126380.6725435093
Модель 3: доход и возраст жилья,750,278000.0,268058.50966829126
Модель 3: доход и возраст жилья,6564,219200.0,180945.89695284062
Модель 3: доход и возраст жилья,8993,104600.0,196703.56461360736
Модель 3: доход и возраст жилья,10505,91900.0,138793.0343146394
Модель 3: доход и возраст жилья,1971,151900.0,222848.19522515775
Модель 3: доход и возраст жилья,3124,500001.0,449503.6917407306
Модель 3: доход и возраст жилья,9348,186200.0,199744.04426569425
Модель 3: доход и возраст жилья,1800,393500.0,250738.28683460015
Модель 3: доход и возраст жилья,9093,55500.0,156315.88417850807
Модель 3: доход и возраст жилья,14805,155700.0,236203.81012374736
Модель 3: доход и возраст жилья,15296,126900.0,196268.69200948367
Модель 3: доход и возраст жилья,14082,189600.0,239673.76778060241
Модель 3: доход и возраст жилья,7853,154300.0,196381.6096246545
Модель 3: доход и возраст жилья,12138,109300.0,189843.44635961228
Модель 3: доход и возраст жилья,1832,85700.0,111324.92383119932
Модель 3: доход и возраст жилья,14515,334000.0,246762.2075323773
Модель 3: доход и возраст жилья,2929,374000.0,355714.70804421563
Модель 3: доход и возраст жилья,13745,373400.0,261678.13642365133
Модель 3: доход и возраст жилья,3001,487200.0,513794.8403715366
Модель 3: доход и возраст жилья,5593,181300.0,149062.77158605808
Модель 3: доход и возраст жилья,5315,398100.0,228634.3822288982
Модель 3: доход и возраст жилья,2541,293200.0,277505.03933489224
Модель 3: доход и возраст жилья,4233,401000.0,346070.1044988295
Модель 3: доход и возраст жилья,3562,204200.0,244408.70616439977
Модель 3: доход и возраст жилья,15400,149700.0,196225.09813342747
Модель 3: доход и возраст жилья,10993,189200.0,175396.24588951233
Модель 3: доход и возраст жилья,14017,238600.0,300664.0281480631
Модель 3: доход и возраст жилья,6717,128600.0,199452.336895736
Модель 3: доход и возраст жилья,8168,324000.0,237791.2891072232
Модель 3: доход и возраст жилья,11891,116100.0,173759.51564569853
Модель 3: доход и возраст жилья,10030,100800.0,237992.16513155715
Модель 3: доход и возраст жилья,10295,52500.0,103152.35999122376
Модель 3: доход и возраст жилья,14433,150800.0,156692.7478120807
Модель 3: доход и возраст жилья,16261,500001.0,346336.1174011855
Модель 3: доход и возраст жилья,15983,500001.0,358556.0803755403
Модель 3: доход и возраст жилья,13202,441000.0,381930.1329180699
Модель 3: доход и возраст жилья,12373,74300.0,97828.15748921417
Модель 3: доход и возраст жилья,12972,78100.0,134891.0592923937
Модель 3: доход и возраст жилья,7261,500001.0,118038.53143789954
Модель 3: доход и возраст жилья,11102,217500.0,241773.30627638218
Модель 3: доход и возраст жилья,15650,81300.0,118914.86128603724
Модель 3: доход и возраст жилья,10741,49500.0,108380.87981583425
Модель 3: доход и возраст жилья,6635,110000.0,186810.63788257708
Модель 3: доход и возраст жилья,4516,294900.0,343823.0927046901
Модель 3: доход и возраст жилья,14424,500001.0,383311.0784929299
Модель 3: доход и возраст жилья,5003,218900.0,263377.4287894085
Модель 3: доход и возраст жилья,16009,488900.0,219129.8789872024
Модель 3: доход и возраст жилья,5427,149200.0,158548.02609921232
Модель 3: доход и возраст жилья,15761,500001.0,117780.94266991793
Модель 3: доход и возраст жилья,7131,210300.0,231078.69724477196
Модель 3: доход и возраст жилья,5035,148500.0,171154.1182894773
Модель 3: доход и возраст жилья,6277,100800.0,141324.02921050103
Модель 3: доход и возраст жилья,12575,213500.0,217282.06218338045
Модель 3: доход и возраст жилья,817,281600.0,180601.1558282028
Модель 3: доход и возраст жилья,14658,161300.0,229517.94617087545
Модель 3: доход и возраст жилья,11814,109400.0,162204.4977790908
Модель 3: доход и возраст жилья,15637,104200.0,139277.08738818872
Модель 3: доход и возраст жилья,6773,332800.0,243060.07509248852
Модель 3: доход и возраст жилья,1079,122700.0,123237.8016900363
Модель 3: доход и возраст жилья,16752,62000.0,131013.23742364864
Модель 3: доход и возраст жилья,11883,94400.0,171259.80181080857
Модель 3: доход и возраст жилья,11282,241100.0,312364.54091771675
Модель 3: доход и возраст жилья,11801,114300.0,144899.93317361368
Модель 3: доход и возраст жилья,9216,69900.0,135311.28941255243
Модель 3: доход и возраст жилья,4192,160900.0,166780.89318316316
Модель 3: доход и возраст жилья,2697,314000.0,395687.27247585735
Модель 3: доход и возраст жилья,9394,281100.0,286363.30292980187
Модель 3: доход и возраст жилья,4842,247300.0,305859.46281267406
Модель 3: доход и возраст жилья,9486,37500.0,148116.40043493925
Модель 3: доход и возраст жилья,9331,195100.0,184351.73347592267
Модель 3: доход и возраст жилья,905,86200.0,99792.99028065904
Модель 3: доход и возраст жилья,11931,139300.0,251868.33446773747
Модель 3: доход и возраст жилья,11115,80900.0,142668.01864237952
Модель 3: доход и возраст жилья,12090,101300.0,168543.79881056893
Модель 3: доход и возраст жилья,16544,202700.0,160909.23403769775
Модель 3: доход и возраст жилья,3527,180700.0,237016.5444079646
Модель 3: доход и возраст жилья,6712,123200.0,165595.65642275172
Модель 3: доход и возраст жилья,13231,295200.0,218752.54287696144
Модель 3: доход и возраст жилья,11198,154900.0,89793.88985390113
Модель 3: доход и возраст жилья,9317,234800.0,294503.53456910054
Модель 3: доход и возраст жилья,808,142300.0,148876.80083061534
Модель 3: доход и возраст жилья,16718,174000.0,168671.3058165204
Модель 3: доход и возраст жилья,1887,98600.0,114854.13359232452
Модель 3: доход и возраст жилья,9381,199500.0,193359.327561404
Модель 3: доход и возраст жилья,4269,279700.0,196250.51211837537
Модель 3: доход и возраст жилья,3786,161200.0,193002.9734878201
Модель 3: доход и возраст жилья,13121,247000.0,249800.88308543636
Модель 3: доход и возраст жилья,15080,289400.0,277387.2526902185
Модель 3: доход и возраст жилья,6829,147900.0,163930.2021763168
Модель 3: доход и возраст жилья,7858,186300.0,221845.09363266316
Модель 3: доход и возраст жилья,14235,340000.0,204744.5230751793
Модель 3: доход и возраст жилья,3816,199200.0,255463.46946166357
Модель 3: доход и возраст жилья,16280,297800.0,275878.2922372825
Модель 3: доход и возраст жилья,10202,74500.0,172684.3412617248
Модель 3: доход и возраст жилья,5018,231600.0,287163.9517884048
Модель 3: доход и возраст жилья,11266,187500.0,171355.72957540592
Модель 3: доход и возраст жилья,16868,77100.0,106493.26932802577
Модель 3: доход и возраст жилья,4925,226200.0,280002.9313730262
Модель 3: доход и возраст жилья,10714,102100.0,175242.57193929027
Модель 3: доход и возраст жилья,97,64400.0,85149.52003080175
Модель 3: доход и возраст жилья,8304,440100.0,308357.6353334624
Модель 3: доход и возраст жилья,10593,72300.0,143258.33390029694
Модель 3: доход и возраст жилья,13878,166700.0,107883.20000256898
Модель 3: доход и возраст жилья,4517,338800.0,325186.0808253683
Модель 3: доход и возраст жилья,14951,80600.0,192061.99693605676
Модель 3: доход и возраст жилья,7476,366100.0,205183.68604576905
Модель 3: доход и возраст жилья,12993,188100.0,218435.71970243778
Модель 3: доход и возраст жилья,5691,162500.0,131803.0970835405
Модель 3: доход и возраст жилья,11929,86000.0,107914.25367407055
Модель 3: доход и возраст жилья,12983,367900.0,320948.8399525643
Модель 3: доход и возраст жилья,11275,102200.0,153372.36573299556
Модель 3: доход и возраст жилья,484,162300.0,238918.0267226872
Модель 3: доход и возраст жилья,3725,241700.0,244373.29133551978
Модель 3: доход и возраст жилья,6854,120000.0,211765.42548913934
Модель 3: доход и возраст жилья,7300,296800.0,247771.91146249036
Модель 3: доход и возраст жилья,13820,216400.0,281086.057414706
Модель 3: доход и возраст жилья,3496,267600.0,293236.4869582041
Модель 3: доход и возраст жилья,8418,480100.0,330742.4227149554
Модель 3: доход и возраст жилья,3161,187600.0,238843.0986924751
Модель 3: доход и возраст жилья,15848,500001.0,246717.28203396162
Модель 3: доход и возраст жилья,2241,73400.0,75645.2795740322
Модель 3: доход и возраст жилья,1640,263800.0,246973.31179011354
Модель 3: доход и возраст жилья,15077,430300.0,267228.34845228837
Модель 3: доход и возраст жилья,4728,158000.0,209706.7141193232
Модель 3: доход и возраст жилья,3977,196300.0,147721.60199745648
Модель 3: доход и возраст жилья,4107,218100.0,289284.2449313715
Модель 3: доход и возраст жилья,1315,73800.0,135153.00921775374
Модель 3: доход и возраст жилья,10595,223100.0,248814.2634713908
Модель 3: доход и возраст жилья,13827,178200.0,239139.92017913447
Модель 3: доход и возраст жилья,15969,342300.0,264190.1453758977
Модель 3: доход и возраст жилья,5947,155000.0,174140.17947134082
Модель 3: доход и возраст жилья,14723,164400.0,266605.4382087678
Модель 3: доход и возраст жилья,8128,341800.0,286762.72530958935
Модель 3: доход и возраст жилья,3742,189900.0,169086.14133732364
Модель 3: доход и возраст жилья,16541,194300.0,123888.13970927463
Модель 3: доход и возраст жилья,5796,142600.0,137676.2975431075
Модель 3: доход и возраст жилья,8880,404700.0,350099.32374210045
Модель 3: доход и возраст жилья,11199,117100.0,173471.1359911416
Модель 3: доход и возраст жилья,2116,122500.0,167037.67589863786
Модель 3: доход и возраст жилья,15199,210200.0,197904.1260263941
Модель 3: доход и возраст жилья,3308,297100.0,147896.31107751987
Модель 3: доход и возраст жилья,16304,349200.0,312617.9782200619
Модель 3: доход и возраст жилья,10204,72500.0,152160.7346388434
Модель 3: доход и возраст жилья,2923,263700.0,296341.3859244466
Модель 3: доход и возраст жилья,5998,160700.0,192392.14866991394
Модель 3: доход и возраст жилья,8581,500001.0,252999.95881043252
Модель 3: доход и возраст жилья,1740,296200.0,279536.8308011151
Модель 3: доход и возраст жилья,3114,223000.0,253920.6531916772
Модель 3: доход и возраст жилья,61,70700.0,153978.56660859703
Модель 3: доход и возраст жилья,6792,500001.0,381155.59791055333
Модель 3: доход и возраст жилья,9180,78000.0,130574.8097146535
Модель 3: доход и возраст жилья,13945,255400.0,146502.00154787017
Модель 3: доход и возраст жилья,13225,263600.0,275049.6900331093
Модель 3: доход и возраст жилья,12864,219400.0,254832.66065362116
Модель 3: доход и возраст жилья,12028,105200.0,195763.84889329123
Модель 3: доход и возраст жилья,7794,500001.0,333100.7931124359
Модель 3: доход и возраст жилья,128,62800.0,148106.92516085968
Модель 3: доход и возраст жилья,6492,95800.0,146175.93048873704
Модель 3: доход и возраст жилья,3101,454300.0,473467.2180932144
Модель 3: доход и возраст жилья,11615,119400.0,164844.03143501675
Модель 3: доход и возраст жилья,1954,115700.0,149730.5719325382
Модель 3: доход и возраст жилья,13354,300000.0,152741.311837755
Модель 3: доход и возраст жилья,11379,92300.0,91946.25241261837
Модель 3: доход и возраст жилья,16163,366700.0,246744.72750740743
Модель 3: доход и возраст жилья,2562,145600.0,237273.85269329185
Модель 3: доход и возраст жилья,10997,153800.0,183848.41397610368
Модель 3: доход и возраст жилья,2577,251900.0,308902.2898313695
Модель 3: доход и возраст жилья,6030,112500.0,524519.9244116115
Модель 3: доход и возраст жилья,2423,245200.0,166389.68524600807
Модель 3: доход и возраст жилья,8695,500001.0,348451.05134025286
Модель 3: доход и возраст жилья,12209,107900.0,126636.43951473497
Модель 3: доход и возраст жилья,14492,194100.0,223917.67682939346
Модель 3: доход и возраст жилья,6395,95000.0,149411.9092635305
Модель 3: доход и возраст жилья,8198,178200.0,211489.14895792492
Модель 3: доход и возраст жилья,1995,129300.0,246927.93151275758
Модель 3: доход и возраст жилья,5793,160400.0,140801.1981972142
Модель 3: доход и возраст жилья,1292,158900.0,114913.64848152096
Модель 3: доход и возраст жилья,12731,174600.0,193914.45537991152
Модель 3: доход и возраст жилья,5099,188000.0,195516.78653909432
Модель 3: доход и возраст жилья,1955,133800.0,210133.35458308642
Модель 3: доход и возраст жилья,6963,105800.0,128812.11377898978
Модель 3: доход и возраст жилья,9698,97400.0,137491.86810176636
Модель 3: доход и возраст жилья,15305,112500.0,144855.0076751979
Модель 3: доход и возраст жилья,12471,154400.0,201331.50555144198
Модель 3: доход и возраст жилья,13247,225800.0,241858.46253999657
Модель 3: доход и возраст жилья,15689,81300.0,87517.10291743546
Модель 3: доход и возраст жилья,8263,152000.0,209995.32116335025
Модель 3: доход и возраст жилья,8556,301700.0,317352.1459468085
Модель 3: доход и возраст жилья,10841,68900.0,136704.79288969518
Модель 3: доход и возраст жилья,13681,339600.0,285640.1214620336
Модель 3: доход и возраст жилья,12949,182200.0,140300.45345347386
Модель 3: доход и возраст жилья,5246,225000.0,191301.10636598425
Модель 3: доход и возраст жилья,10416,87500.0,194795.42686808202
Модель 3: доход и возраст жилья,2525,108300.0,195902.35478969573
Модель 3: доход и возраст жилья,229,90900.0,107292.14948305696
Модель 3: доход и возраст жилья,2913,109800.0,177782.51653937885
Модель 3: доход и возраст жилья,382,119000.0,125057.7005437441
Модель 3: доход и возраст жилья,10748,258900.0,220117.32235148305
Модель 3: доход и возраст жилья,3931,158100.0,254705.3987348679
Модель 3: доход и возраст жилья,9042,46800.0,114699.93407224989
Модель 3: доход и возраст жилья,9073,90400.0,238269.2123198224
Модель 3: доход и возраст жилья,13127,225900.0,180672.72074755744
Модель 3: доход и возраст жилья,9426,500001.0,297462.2033707025
Модель 3: доход и возраст жилья,14876,114800.0,179888.7104659613
Модель 3: доход и возраст жилья,16430,320100.0,283021.8680231472
Модель 3: доход и возраст жилья,12599,225000.0,131877.51724162814
Модель 3: доход и возраст жилья,11725,135700.0,214684.09091501273
Модель 3: доход и возраст жилья,6327,113100.0,162072.10404590832
Модель 3: доход и возраст жилья,11595,110700.0,170447.06752659133
Модель 3: доход и возраст жилья,13171,331600.0,289065.6614925974
Модель 3: доход и возраст жилья,4084,160300.0,243636.78130841802
Модель 3: доход и возраст жилья,14435,426100.0,471850.26214779477
Модель 3: доход и возраст жилья,3159,115100.0,171520.45550926524
Модель 3: доход и возраст жилья,7530,170800.0,223577.2437689498
Модель 3: доход и возраст жилья,4053,183900.0,211818.03986033486
Модель 3: доход и возраст жилья,13715,179000.0,205193.9496746275
Модель 3: доход и возраст жилья,2788,222100.0,224715.01567032305
Модель 3: доход и возраст жилья,7374,288900.0,119167.80841398604
Модель 3: доход и возраст жилья,16349,336700.0,261642.458809845
Модель 3: доход и возраст жилья,2329,125000.0,165820.6502051302
Модель 3: доход и возраст жилья,6011,274600.0,319663.27887472085
Модель 3: доход и возраст жилья,6926,218200.0,127448.61283364346
Модель 3: доход и возраст жилья,5516,354700.0,239791.51902982002
Модель 3: доход и возраст жилья,7891,500001.0,462077.3986371344
Модель 3: доход и возраст жилья,5252,231000.0,170701.04809651722
Модель 3: доход и возраст жилья,8580,228100.0,184473.84588251862
Модель 3: доход и возраст жилья,6744,145200.0,208314.99704348022
Модель 3: доход и возраст жилья,4464,445200.0,283842.02839521796
Модель 3: доход и возраст жилья,16196,319200.0,170968.6200107029
Модель 3: доход и возраст жилья,8618,230400.0,176475.2204655557
Модель 3: доход и возраст жилья,14513,500001.0,488189.714745736
Модель 3: доход и возраст жилья,16841,76900.0,195392.36216134595
Модель 3: доход и возраст жилья,10450,200000.0,203658.05162037007
Модель 3: доход и возраст жилья,11743,105300.0,110467.8250138751
Модель 3: доход и возраст жилья,8775,210100.0,235375.97857662494
Модель 3: доход и возраст жилья,308,147800.0,249064.39075606276
Модель 3: доход и возраст жилья,2168,216600.0,361832.86857856927
Модель 3: доход и возраст жилья,4093,333500.0,306494.40538862476
Модель 3: доход и возраст жилья,15765,375000.0,201641.63789970678
Модель 3: доход и возраст жилья,4349,226000.0,136633.47305753877
Модель 3: доход и возраст жилья,2312,121400.0,201441.30514295347
Модель 3: доход и возраст жилья,14090,186500.0,176714.06837712022
Модель 3: доход и возраст жилья,10391,137900.0,146052.57494842197
Модель 3: доход и возраст жилья,11002,290500.0,317217.4756379298
Модель 3: доход и возраст жилья,1974,122200.0,145600.55589516705
Модель 3: доход и возраст жилья,10002,69100.0,126942.4911882757
Модель 3: доход и возраст жилья,10124,66900.0,142181.37311502348
Модель 3: доход и возраст жилья,13763,131300.0,220082.1880052574
Модель 3: доход и возраст жилья,15433,391000.0,285942.82772244496
Модель 3: доход и возраст жилья,12970,362500.0,136811.5275507316
Модель 3: доход и возраст жилья,11220,169400.0,146961.21929950843
Модель 3: доход и возраст жилья,2696,500001.0,652043.5469654271
Модель 3: доход и возраст жилья,10718,328800.0,312272.16825799085
Модель 3: доход и возраст жилья,15565,133400.0,190034.04105735972
Модель 3: доход и возраст жилья,10099,57100.0,184833.7373632459
Модель 3: доход и возраст жилья,1764,385300.0,224847.37400804937
Модель 3: доход и возраст жилья,14295,359000.0,292313.70799527725
Модель 3: доход и возраст жилья,9503,101900.0,238928.29035154567
Модель 3: доход и возраст жилья,6657,287500.0,164784.5165458203
Модель 3: доход и возраст жилья,11157,68000.0,158925.66038983577
Модель 3: доход и возраст жилья,6495,101500.0,138479.52115778901
Модель 3: доход и возраст жилья,1560,113700.0,144564.9124102536
Модель 3: доход и возраст жилья,10334,117300.0,202820.98988636635
Модель 3: доход и возраст жилья,5659,131900.0,148312.40742977028
Модель 3: доход и возраст жилья,5363,204300.0,189749.8128684392
Модель 3: доход и возраст жилья,4235,203700.0,276408.5670361509
Модель 3: доход и возраст жилья,12899,183800.0,211010.71787320124
Модель 3: доход и возраст жилья,10511,149800.0,209141.58545688353
Модель 3: доход и возраст жилья,5631,145800.0,183177.79378634668
Модель 3: доход и возраст жилья,12360,178900.0,160854.58817800425
Модель 3: доход и возраст жилья,1242,171200.0,196245.64308887243
Модель 3: доход и возраст жилья,35,107800.0,187071.29158103376
Модель 3: доход и возраст жилья,7931,430000.0,282925.16960149916
Модель 3: доход и возраст жилья,6259,217800.0,187937.09501538673
Модель 3: доход и возраст жилья,4341,307400.0,221652.43205096154
Модель 3: доход и возраст жилья,736,136900.0,207547.9589147295
Модель 3: доход и возраст жилья,1202,185300.0,239247.89797388998
Модель 3: доход и возраст жилья,2673,142500.0,246193.47067188198
Модель 3: доход и возраст жилья,7108,118600.0,147757.4893030048
Модель 3: доход и возраст жилья,6770,254300.0,198760.20909946936
Модель 3: доход и возраст жилья,3894,201200.0,178140.93749691691
Модель 3: доход и возраст жилья,14702,73600.0,194331.84795906532
Модель 3: доход и возраст жилья,8742,178800.0,164142.63805641254
Модель 3: доход и возраст жилья,5542,125500.0,147492.24705769957
Модель 3: доход и возраст жилья,2752,150000.0,132206.6532312363
Модель 3: доход и возраст жилья,9294,156300.0,152115.84453588387
Модель 3: доход и возраст жилья,3331,155500.0,230413.76983475292
Модель 3: доход и возраст жилья,6718,105800.0,157778.92108650747
Модель 3: доход и возраст жилья,3219,225000.0,215594.55706285516
Модель 3: доход и возраст жилья,11249,78100.0,99733.47539146263
Модель 3: доход и возраст жилья,4465,500001.0,288580.8200642693
Модель 3: доход и возраст жилья,11730,326700.0,306680.9194116482
Модель 3: доход и возраст жилья,14527,245400.0,190046.35387244425
Модель 3: доход и возраст жилья,1697,298600.0,240265.85174209153
Модель 3: доход и возраст жилья,10563,129300.0,164125.96408394963
Модель 3: доход и возраст жилья,11759,162500.0,127821.65857741835
Модель 3: доход и возраст жилья,4892,156700.0,195942.39356088045
Модель 3: доход и возраст жилья,950,169700.0,147875.78381980304
Модель 3: доход и возраст жилья,5387,184200.0,241571.64189726932
Модель 3: доход и возраст жилья,4871,238300.0,237795.89535179982
Модель 3: доход и возраст жилья,11192,92700.0,107950.92933439776
Модель 3: доход и возраст жилья,14164,244300.0,300052.7308534886
Модель 3: доход и возраст жилья,5279,302000.0,279351.57760953886
Модель 3: доход и возраст жилья,9714,69700.0,172634.56443153424
Модель 3: доход и возраст жилья,10166,274300.0,221821.76422939755
Модель 3: доход и возраст жилья,2371,182900.0,242691.96916912892
Модель 3: доход и возраст жилья,15656,350000.0,253572.53125845376
Модель 3: доход и возраст жилья,3047,223400.0,190517.9021368951
Модель 3: доход и возраст жилья,9160,67900.0,168040.98718287447
Модель 3: доход и возраст жилья,16716,78800.0,118993.11703165075
Модель 3: доход и возраст жилья,970,108300.0,161840.20974552896
Модель 3: доход и возраст жилья,4749,236500.0,175939.56876505984
Модель 3: доход и возраст жилья,15125,257400.0,205195.98116312543
Модель 3: доход и возраст жилья,7899,344300.0,268260.12095421983
Модель 3: доход и возраст жилья,10001,92500.0,186725.23653176447
Модель 3: доход и возраст жилья,6506,86400.0,98759.64106916987
Модель 3: доход и возраст жилья,12532,222500.0,201384.3650098357
Модель 3: доход и возраст жилья,16086,251500.0,281086.79267630057
Модель 3: доход и возраст жилья,9713,55200.0,105344.74362339768
Модель 3: доход и возраст жилья,558,178100.0,205883.27532534537
Модель 3: доход и возраст жилья,5558,165500.0,220116.30660723403
Модель 3: доход и возраст жилья,4035,161700.0,204328.8991995972
Модель 3: доход и возраст жилья,12646,156000.0,174092.4872228325
Модель 3: доход и возраст жилья,8870,222100.0,269089.5292109
Модель 3: доход и возраст жилья,7866,312700.0,199572.417813834
Модель 3: доход и возраст жилья,15835,500001.0,273526.5949683328
Модель 3: доход и возраст жилья,11537,149000.0,125968.4117787847
Модель 3: доход и возраст жилья,4785,210400.0,217747.91766809335
Модель 3: доход и возраст жилья,1281,64800.0,134770.75098482557
Модель 3: доход и возраст жилья,6480,225000.0,109777.99149103272
Модель 3: доход и возраст жилья,3334,275000.0,157373.63163069615
Модель 3: доход и возраст жилья,12876,420000.0,112526.55408141934
Модель 3: доход и возраст жилья,7779,192000.0,192421.90611451215
Модель 3: доход и возраст жилья,12312,209800.0,324508.5247221542
Модель 3: доход и возраст жилья,11719,82100.0,134184.83227974275
Модель 3: доход и возраст жилья,10179,81300.0,93095.04090217277
Модель 3: доход и возраст жилья,14860,270100.0,256116.85471364885
Модель 3: доход и возраст жилья,3721,137500.0,174618.3831665944
Модель 3: доход и возраст жилья,1591,345700.0,401382.64583170164
Модель 3: доход и возраст жилья,16980,67000.0,141532.59410761477
Модель 3: доход и возраст жилья,891,222800.0,226449.98564988654
Модель 3: доход и возраст жилья,8762,137200.0,150974.2724424409
Модель 3: доход и возраст жилья,15706,181300.0,172225.63138221102
Модель 3: доход и возраст жилья,8766,285200.0,213968.3709305542
Модель 3: доход и возраст жилья,7,48500.0,133947.50798455172
Модель 3: доход и возраст жилья,16442,285600.0,280035.26357370307
Модель 3: доход и возраст жилья,16069,500001.0,322045.24146039324
Модель 3: доход и возраст жилья,5749,147800.0,157689.14088058833
Модель 3: доход и возраст жилья,15486,174200.0,217535.79766610815
Модель 3: доход и возраст жилья,13053,278500.0,286005.68802477076
Модель 3: доход и возраст жилья,16314,295600.0,247169.3010872165
Модель 3: доход и возраст жилья,1562,109200.0,110449.6274250387
Модель 3: доход и возраст жилья,10262,103600.0,186061.81504039085
Модель 3: доход и возраст жилья,13922,252400.0,193662.8044788661
Модель 3: доход и возраст жилья,6179,257700.0,199197.8661514137
Модель 3: доход и возраст жилья,9144,76000.0,151961.399928611
Модель 3: доход и возраст жилья,4051,162200.0,151290.570047112
Модель 3: доход и возраст жилья,12215,106300.0,165222.40098723478
Модель 3: доход и возраст жилья,7107,119800.0,169872.91836901236
Модель 3: доход и возраст жилья,12093,72100.0,175861.05023452005
Модель 3: доход и возраст жилья,7538,226800.0,247028.46552193153
Модель 3: доход и возраст жилья,7489,383300.0,150874.4559971335
Модель 3: доход и возраст жилья,4513,241000.0,281726.8847644085
Модель 3: доход и возраст жилья,14939,306300.0,329297.07552366797
Модель 3: доход и возраст жилья,15343,288200.0,308219.6196114543
Модель 3: доход и возраст жилья,16886,110400.0,179721.95304360398
Модель 3: доход и возраст жилья,11576,143200.0,179245.08097070994
Модель 3: доход и возраст жилья,3038,325500.0,313585.40219875023
Модель 3: доход и возраст жилья,3834,273800.0,291050.53136736277
Модель 3: доход и возраст жилья,5725,137500.0,130016.31878528844
Модель 3: доход и возраст жилья,707,180400.0,179897.71326337254
Модель 3: доход и возраст жилья,7478,500001.0,404712.8013652488
Модель 3: доход и возраст жилья,3063,233500.0,285523.4036547931
Модель 3: доход и возраст жилья,11698,175000.0,132345.9474824197
Модель 3: доход и возраст жилья,328,166700.0,133115.84084990344
Модель 3: доход и возраст жилья,4393,331900.0,263221.72335068847
Модель 3: доход и возраст жилья,7935,203400.0,250626.19296966438
Модель 3: доход и возраст жилья,5084,323800.0,277931.381618273
Модель 3: доход и возраст жилья,15334,162500.0,122560.77115667485
Модель 3: доход и возраст жилья,15585,464600.0,353874.0191478647
Модель 3: доход и возраст жилья,6114,136100.0,185173.3997666388
Модель 3: доход и возраст жилья,5820,171300.0,255702.5447626982
Модель 3: доход и возраст жилья,16757,79600.0,141765.8023326256
Модель 3: доход и возраст жилья,15224,97500.0,107889.59264844538
Модель 3: доход и возраст жилья,16289,433300.0,223546.2077951763
Модель 3: доход и возраст жилья,3289,173300.0,183331.4854342968
Модель 3: доход и возраст жилья,11153,81800.0,117244.53801009938
Модель 3: доход и возраст жилья,7719,500001.0,346952.5819056454
Модель 3: доход и возраст жилья,6551,358000.0,310478.68143575185
Модель 3: доход и возраст жилья,13065,194500.0,202667.29823841617
Модель 3: доход и возраст жилья,12614,57600.0,124237.54017167336
Модель 3: доход и возраст жилья,8313,420800.0,298021.44725939026
Модель 3: доход и возраст жилья,16096,344600.0,326517.2495700377
Модель 3: доход и возраст жилья,14613,438000.0,355902.20241603185
Модель 3: доход и возраст жилья,8892,53900.0,127958.62315972129
Модель 3: доход и возраст жилья,6159,254200.0,325021.3548915089
Модель 3: доход и возраст жилья,11184,201700.0,153218.7271782297
Модель 3: доход и возраст жилья,671,225600.0,172732.85726046818
Модель 3: доход и возраст жилья,8566,262500.0,230234.9446845093
Модель 3: доход и возраст жилья,2412,158900.0,200770.73804638072
Модель 3: доход и возраст жилья,3954,189200.0,228933.77847163624
Модель 3: доход и возраст жилья,14117,380800.0,311546.67481907026
Модель 3: доход и возраст жилья,3844,150800.0,134328.9955604291
Модель 3: доход и возраст жилья,9437,139200.0,179565.23186063493
Модель 3: доход и возраст жилья,5842,143800.0,144128.49849202833
Модель 3: доход и возраст жилья,447,73200.0,100729.09780291947
Модель 3: доход и возраст жилья,5221,439300.0,249999.95501074247
Модель 3: доход и возраст жилья,1037,110600.0,114633.50096732448
Модель 3: доход и возраст жилья,11418,89200.0,165251.38777478223
Модель 3: доход и возраст жилья,6476,275000.0,120236.27427397281
Модель 3: доход и возраст жилья,201,74400.0,133042.97970364545
Модель 3: доход и возраст жилья,5737,146900.0,171777.2205270118
Модель 3: доход и возраст жилья,11183,144300.0,174193.31941238893
Модель 3: доход и возраст жилья,16282,317700.0,270024.58559345524
Модель 3: доход и возраст жилья,10720,69100.0,150460.91670323364
Модель 3: доход и возраст жилья,16688,293900.0,249675.46066116713
Модель 3: доход и возраст жилья,3632,195500.0,178715.31404396603
Модель 3: доход и возраст жилья,1631,406300.0,383415.9913572104
Модель 3: доход и возраст жилья,16283,315200.0,278027.3093828703
Модель 3: доход и возраст жилья,13926,500001.0,172467.0717475823
Модель 3: доход и возраст жилья,2634,189600.0,194716.15537821956
Модель 3: доход и возраст жилья,13183,459200.0,380081.51006174093
Модель 3: доход и возраст жилья,15639,374200.0,299885.4301635506
Модель 3: доход и возраст жилья,16546,220300.0,167596.184525731
Модель 3: доход и возраст жилья,14144,295200.0,272561.01048412855
Модель 3: доход и возраст жилья,15023,103100.0,187295.74209583158
Модель 3: доход и возраст жилья,224,104200.0,171022.5129110737
Модель 3: доход и возраст жилья,10641,87500.0,221901.0534169881
Модель 3: доход и возраст жилья,2941,353100.0,332201.13386103255
Модель 3: доход и возраст жилья,10912,193800.0,187508.9486329781
Модель 3: доход и возраст жилья,1123,238300.0,276769.2822671132
Модель 3: доход и возраст жилья,973,100000.0,135448.27169258345
Модель 3: доход и возраст жилья,27,80900.0,97099.09124769403
Модель 3: доход и возраст жилья,14339,276000.0,191758.5200185947
Модель 3: доход и возраст жилья,7244,223100.0,208557.15497271804
Модель 3: доход и возраст жилья,5674,371700.0,251346.7819836259
Модель 3: доход и возраст жилья,13911,164900.0,213276.45282602953
Модель 3: доход и возраст жилья,7436,264500.0,202198.09734057385
Модель 3: доход и возраст жилья,13710,192300.0,275040.96771835245
Модель 3: доход и возраст жилья,4022,441900.0,356422.9842430927
Модель 3: доход и возраст жилья,8448,197400.0,179372.57027893333
Модель 3: доход и возраст жилья,11768,158500.0,180559.067870792
Модель 3: доход и возраст жилья,6035,155000.0,185349.14228867923
Модель 3: доход и возраст жилья,403,95300.0,98045.72518373915
Модель 3: доход и возраст жилья,15627,107800.0,121757.82802464771
Модель 3: доход и возраст жилья,11215,187200.0,174939.34010902638
Модель 3: доход и возраст жилья,8881,399200.0,353416.8859779087
Модель 3: доход и возраст жилья,1258,129200.0,173972.9318745871
Модель 3: доход и возраст жилья,7367,225000.0,141810.95522051147
Модель 3: доход и возраст жилья,16513,57500.0,95161.96671462127
Модель 3: доход и возраст жилья,9759,124100.0,126958.65728861414
Модель 3: доход и возраст жилья,3876,217800.0,257511.16424329858
Модель 3: доход и возраст жилья,12139,95900.0,197482.67047024437
Модель 3: доход и возраст жилья,3505,187100.0,230716.21331023797
Модель 3: доход и возраст жилья,2250,88600.0,97613.18224849593
Модель 3: доход и возраст жилья,360,159500.0,221417.21003518082
Модель 3: доход и возраст жилья,7733,222100.0,178744.80870363794
Модель 3: доход и возраст жилья,13814,229400.0,183045.15496596598
Модель 3: доход и возраст жилья,15290,93800.0,180597.0043625664
Модель 3: доход и возраст жилья,10027,45300.0,108291.08191218704
Модель 3: доход и возраст жилья,15318,438000.0,223877.1655815404
Модель 3: доход и возраст жилья,13194,136000.0,219423.65324111478
Модель 3: доход и возраст жилья,8923,139700.0,155551.420805836
Модель 3: доход и возраст жилья,11430,158300.0,233345.74612223174
Модель 3: доход и возраст жилья,4636,251200.0,179118.08183688295
Модель 3: доход и возраст жилья,13045,147000.0,170542.01494239585
Модель 3: доход и возраст жилья,10055,44100.0,116345.87680521695
Модель 3: доход и возраст жилья,15785,325000.0,194829.51007460247
Модель 3: доход и возраст жилья,327,140000.0,92711.50414006932
Модель 3: доход и возраст жилья,704,228600.0,263784.575437432
Модель 3: доход и возраст жилья,8079,365900.0,309660.5879476353
Модель 3: доход и возраст жилья,1937,500001.0,352367.6157532793
Модель 3: доход и возраст жилья,13819,388500.0,157833.07677180457
Модель 3: доход и возраст жилья,16083,228900.0,193378.2781095631
Модель 3: доход и возраст жилья,2698,500001.0,432790.98370727233
Модель 3: доход и возраст жилья,16020,316200.0,225432.80253873576
Модель 3: доход и возраст жилья,10738,104000.0,117996.72396314311
Модель 3: доход и возраст жилья,3710,202800.0,187769.847418633
Модель 3: доход и возраст жилья,8819,204600.0,223484.15354535743
Модель 3: доход и возраст жилья,15256,83100.0,140264.79353739566
Модель 3: доход и возраст жилья,15456,212200.0,244283.24834467436
Модель 3: доход и возраст жилья,2800,144300.0,211415.5525500723
Модель 3: доход и возраст жилья,79,69400.0,74878.2237475534
Модель 3: доход и возраст жилья,5490,211000.0,209722.10956261083
Модель 3: доход и возраст жилья,16949,103100.0,117537.52390923293
Модель 3: доход и возраст жилья,14153,210800.0,178266.88549103873
Модель 3: доход и возраст жилья,14762,311500.0,304935.1602333737
Модель 3: доход и возраст жилья,7766,410300.0,395851.1923572097
Модель 3: доход и возраст жилья,12805,105100.0,167375.51650527478
Модель 3: доход и возраст жилья,14120,258300.0,274782.60829332
Модель 3: доход и возраст жилья,3185,230400.0,196871.86335006627
Модель 3: доход и возраст жилья,3690,471300.0,281100.4017182884
Модель 3: доход и возраст жилья,15921,287500.0,148520.97232688405
Модель 3: доход и возраст жилья,7768,500001.0,379823.4134216349
Модель 3: доход и возраст жилья,4678,228200.0,287950.76421554957
Модель 3: доход и возраст жилья,5544,143800.0,148650.5108213335
Модель 3: доход и возраст жилья,14529,198300.0,217044.73788818938
Модель 3: доход и возраст жилья,9286,194100.0,197462.38829972572
Модель 3: доход и возраст жилья,2430,190300.0,246929.99839671174
Модель 3: доход и возраст жилья,15620,64800.0,111359.81309022674
Модель 3: доход и возраст жилья,3537,192600.0,284697.62129389675
Модель 3: доход и возраст жилья,4105,220700.0,242892.56471080845
Модель 3: доход и возраст жилья,7066,450000.0,112365.43634561572
Модель 3: доход и возраст жилья,5010,232800.0,240921.0587908328
Модель 3: доход и возраст жилья,13659,282500.0,312806.2786443851
Модель 3: доход и возраст жилья,13630,272600.0,286571.86782691564
Модель 3: доход и возраст жилья,10050,45000.0,122142.10004834576
Модель 3: доход и возраст жилья,958,118800.0,71986.26853353126
Модель 3: доход и возраст жилья,10199,80200.0,161470.03693821517
Модель 3: доход и возраст жилья,12380,57600.0,144755.99728239744
Модель 3: доход и возраст жилья,6886,268300.0,266759.9005137687
Модель 3: доход и возраст жилья,5510,140300.0,196113.02196621982
Модель 3: доход и возраст жилья,3087,383900.0,455488.7409780351
Модель 3: доход и возраст жилья,12940,126100.0,157510.61391072717
Модель 3: доход и возраст жилья,7356,230400.0,212283.12468799698
Модель 3: доход и возраст жилья,6529,200500.0,226601.59271615444
Модель 3: доход и возраст жилья,8660,445400.0,382492.19665003446
Модель 3: доход и возраст жилья,856,67500.0,103567.96616907777
Модель 3: доход и возраст жилья,13028,177300.0,151785.16723217414
Модель 3: доход и возраст жилья,14145,254900.0,288917.6449266572
Модель 3: доход и возраст жилья,5411,207800.0,154797.9740213451
Модель 3: доход и возраст жилья,5645,169400.0,136838.71023925117
Модель 3: доход и возраст жилья,11953,243000.0,163151.13171513597
Модель 3: доход и возраст жилья,13588,234600.0,146845.51723651696
Модель 3: доход и возраст жилья,8040,359700.0,309692.4122761877
Модель 3: доход и возраст жилья,10840,138500.0,112564.5259686499
Модель 3: доход и возраст жилья,13702,173400.0,280811.30449986504
Модель 3: доход и возраст жилья,6088,361000.0,249142.61110622008
Модель 3: доход и возраст жилья,262,321900.0,164523.07449258477
Модель 3: доход и возраст жилья,5024,346400.0,249887.108186484
Модель 3: доход и возраст жилья,9328,185600.0,231067.15508673826
Модель 3: доход и возраст жилья,16753,166300.0,204397.66197340304
Модель 3: доход и возраст жилья,9943,109400.0,229306.80651768306
Модель 3: доход и возраст жилья,9535,47800.0,93064.49510279568
Модель 3: доход и возраст жилья,14713,335200.0,394719.8484971691
Модель 3: доход и возраст жилья,13024,174100.0,177010.08381127263
Модель 3: доход и возраст жилья,8398,392500.0,240974.426121351
Модель 3: доход и возраст жилья,1394,90300.0,176906.20438896926
Модель 3: доход и возраст жилья,14456,166700.0,257677.6588807296
Модель 3: доход и возраст жилья,10355,61700.0,141259.3825068754
Модель 3: доход и возраст жилья,12629,137500.0,65913.73336373185
Модель 3: доход и возраст жилья,814,294100.0,223758.39858807385
Модель 3: доход и возраст жилья,6307,95500.0,114116.29194286324
Модель 3: доход и возраст жилья,2489,176000.0,225028.51112944537
Модель 3: доход и возраст жилья,13768,165500.0,185107.49223156594
Модель 3: доход и возраст жилья,6912,349600.0,272601.2766447834
Модель 3: доход и возраст жилья,16601,167200.0,183542.08181990855
Модель 3: доход и возраст жилья,14490,181700.0,148986.84550932504
Модель 3: доход и возраст жилья,13387,120100.0,141475.91675942333
Модель 3: доход и возраст жилья,3076,252800.0,177052.69733853603
Модель 3: доход и возраст жилья,11060,110900.0,144500.24800889986
Модель 3: доход и возраст жилья,6116,181300.0,148744.91496955737
Модель 3: доход и возраст жилья,11766,114500.0,218361.05445715188
Модель 3: доход и возраст жилья,758,222000.0,257670.2327928761
Модель 3: доход и возраст жилья,1579,190200.0,280237.15534228605
Модель 3: доход и возраст жилья,11371,172100.0,228666.7498250312
Модель 3: доход и возраст жилья,6983,111700.0,287662.91013084527
Модель 3: доход и возраст жилья,10889,106500.0,102629.0388035405
Модель 3: доход и возраст жилья,5860,166200.0,156997.52095644618
Модель 3: доход и возраст жилья,16103,500001.0,309275.00199930574
Модель 3: доход и возраст жилья,7523,195800.0,194768.48926676068
Модель 3: доход и возраст жилья,7676,339000.0,336486.59255219746
Модель 3: доход и возраст жилья,11598,107400.0,178637.6015659332
Модель 3: доход и возраст жилья,14119,131300.0,120461.81132393192
Модель 3: доход и возраст жилья,11465,151800.0,96601.41143442875
Модель 3: доход и возраст жилья,3584,170800.0,155079.89023911324
Модель 3: доход и возраст жилья,2258,118500.0,133046.3074190468
Модель 3: доход и возраст жилья,13419,214100.0,201653.21545319664
Модель 3: доход и возраст жилья,15156,500001.0,222977.2258474827
Модель 3: доход и возраст жилья,16861,140700.0,157469.55939529347
Модель 3: доход и возраст жилья,9014,228800.0,233835.47427779093
Модель 3: доход и возраст жилья,9205,181300.0,192772.5851060861
Модель 3: доход и возраст жилья,6557,360500.0,278188.67220587214
Модель 3: доход и возраст жилья,15646,76900.0,125616.94443243183
Модель 3: доход и возраст жилья,3036,247200.0,271493.805455589
Модель 3: доход и возраст жилья,11795,88100.0,157079.59459185743
Модель 3: доход и возраст жилья,9901,138800.0,235417.82144683757
Модель 3: доход и возраст жилья,2378,116400.0,147698.51768138906
Модель 3: доход и возраст жилья,13041,156300.0,151590.71924917275
Модель 3: доход и возраст жилья,9248,106300.0,220302.04997320665
Модель 3: доход и возраст жилья,4168,160500.0,221142.45712033988
Модель 3: доход и возраст жилья,5138,173100.0,142938.7085802245
Модель 3: доход и возраст жилья,4387,195800.0,189948.37692162083
Модель 3: доход и возраст жилья,12484,74000.0,185801.16134193417
Модель 3: доход и возраст жилья,15393,154600.0,145197.26253239752
Модель 3: доход и возраст жилья,16312,324700.0,252776.20816177313
Модель 3: доход и возраст жилья,16378,400000.0,371803.7705725586
Модель 3: доход и возраст жилья,4922,209100.0,215679.45054154328
Модель 3: доход и возраст жилья,5726,122900.0,176158.88746542844
Модель 3: доход и возраст жилья,10886,124800.0,177717.9052312094
Модель 3: доход и возраст жилья,15990,500000.0,239073.45167875287
Модель 3: доход и возраст жилья,9424,229300.0,211311.63773231275
Модель 3: доход и возраст жилья,2560,136400.0,178278.18256187424
Модель 3: доход и возраст жилья,7927,500001.0,282412.3394321444
Модель 3: доход и возраст жилья,2588,239300.0,253764.17709590637
Модель 3: доход и возраст жилья,14832,225000.0,129150.25256600916
Модель 3: доход и возраст жилья,10361,309800.0,116196.09153570503
Модель 3: доход и возраст жилья,1410,165100.0,195644.55632997208
Модель 3: доход и возраст жилья,1298,166700.0,162273.22515744052
Модель 3: доход и возраст жилья,2066,187800.0,216433.96616346747
Модель 3: доход и возраст жилья,6757,162900.0,160447.21414051068
Модель 3: доход и возраст жилья,14563,196100.0,281285.61951440846
Модель 3: доход и возраст жилья,14626,100400.0,207611.55447864998
Модель 3: доход и возраст жилья,14240,353600.0,194028.61612880143
Модель 3: доход и возраст жилья,5000,216300.0,261820.49560530976
Модель 3: доход и возраст жилья,6105,185800.0,246893.79521305286
Модель 3: доход и возраст жилья,13766,161000.0,223958.46855990088
Модель 3: доход и возраст жилья,15616,75800.0,105548.70227593479
Модель 3: доход и возраст жилья,16628,146000.0,118280.70706486543
Модель 3: доход и возраст жилья,204,78000.0,132684.59414156358
Модель 3: доход и возраст жилья,646,342300.0,406372.8610123282
Модель 3: доход и возраст жилья,5626,126500.0,177639.89457279412
Модель 3: доход и возраст жилья,3528,260500.0,286315.085111441
Модель 3: доход и возраст жилья,11788,101500.0,112366.46978759278
Модель 3: доход и возраст жилья,4260,211700.0,190137.9558751193
Модель 3: доход и возраст жилья,7924,500001.0,397994.0442463913
Модель 3: доход и возраст жилья,10980,123100.0,173159.21724157705
Модель 3: доход и возраст жилья,16874,113300.0,225966.12457035118
Модель 3: доход и возраст жилья,8238,386000.0,325440.28878476424
Модель 3: доход и возраст жилья,2608,139600.0,181046.72914239703
Модель 3: доход и возраст жилья,12495,260700.0,223925.62848709952
Модель 3: доход и возраст жилья,7985,363500.0,308618.271334191
Модель 3: доход и возраст жилья,12923,288400.0,155392.87782611104
Модель 3: доход и возраст жилья,16313,307700.0,240255.32532830682
Модель 3: доход и возраст жилья,6399,98200.0,142788.08186274942
Модель 3: доход и возраст жилья,8386,190000.0,206787.8390017078
Модель 3: доход и возраст жилья,16554,202900.0,223404.61927056863
Модель 3: доход и возраст жилья,2457,233900.0,267667.3017311361
Модель 3: доход и возраст жилья,1068,67500.0,127521.75446255582
Модель 3: доход и возраст жилья,12451,270000.0,273156.6849459453
Модель 3: доход и возраст жилья,12254,141700.0,132224.58803514641
Модель 3: доход и возраст жилья,16582,240500.0,237984.4585610493
Модель 3: доход и возраст жилья,10393,227900.0,206756.03237088353
Модель 3: доход и возраст жилья,11022,97400.0,179090.11079358452
Модель 3: доход и возраст жилья,13836,351200.0,359256.4580098955
Модель 3: доход и возраст жилья,10296,65200.0,117785.33922275252
Модель 3: доход и возраст жилья,14277,135400.0,209138.99300307682
Модель 3: доход и возраст жилья,1902,40400.0,197947.75529790646
Модель 3: доход и возраст жилья,15090,177500.0,134465.22488113743
Модель 3: доход и возраст жилья,4013,155700.0,170865.7386349204
Модель 3: доход и возраст жилья,15193,371100.0,395412.22138063394
Модель 3: доход и возраст жилья,2207,119800.0,185490.52112154488
Модель 3: доход и возраст жилья,16800,120800.0,163118.2739446065
Модель 3: доход и возраст жилья,7456,354200.0,265358.9355533163
Модель 3: доход и возраст жилья,6982,106600.0,154651.7084612484
Модель 3: доход и возраст жилья,9441,56500.0,122242.42436577767
Модель 3: доход и возраст жилья,13635,500001.0,421587.9056636859
Модель 3: доход и возраст жилья,16964,85400.0,185908.1233924407
Модель 3: доход и возраст жилья,7979,285300.0,171154.34567894743
Модель 3: доход и возраст жилья,13158,204200.0,135782.01392676827
Модель 3: доход и возраст жилья,2754,163000.0,167667.74944508562
Модель 3: доход и возраст жилья,10189,67900.0,131165.3700597691
Модель 3: доход и возраст жилья,10954,155100.0,172265.68785112383
Модель 3: доход и возраст жилья,7054,366700.0,346102.92687390273
Модель 3: доход и возраст жилья,8380,500001.0,497150.3518443036
Модель 3: доход и возраст жилья,2534,137000.0,217957.79648983857
Модель 3: доход и возраст жилья,14926,106300.0,173326.9550127272
Модель 3: доход и возраст жилья,13112,194400.0,170173.33035599935
Модель 3: доход и возраст жилья,9776,118800.0,221242.51865284552
Модель 3: доход и возраст жилья,6640,179700.0,137361.8040374643
Модель 3: доход и возраст жилья,10070,78400.0,182988.9677921709
Модель 3: доход и возраст жилья,7425,146900.0,124675.95018294042
Модель 3: доход и возраст жилья,2863,135700.0,193297.7280905253
Модель 3: доход и возраст жилья,85,140300.0,209808.0718787322
Модель 3: доход и возраст жилья,13587,228600.0,134647.8856189069
Модель 3: доход и возраст жилья,7338,331900.0,280560.3888604142
Модель 3: доход и возраст жилья,16543,196400.0,228715.98338764114
Модель 3: доход и возраст жилья,9080,49300.0,95441.83374616335
Модель 3: доход и возраст жилья,15351,232200.0,298991.3929009729
Модель 3: доход и возраст жилья,13296,285400.0,329928.97086687165
Модель 3: доход и возраст жилья,16237,314200.0,279044.75527894736
Модель 3: доход и возраст жилья,5692,193800.0,171640.9912063035
Модель 3: доход и возраст жилья,1897,193800.0,177771.51764892583
Модель 3: доход и возраст жилья,801,160600.0,222903.85682910023
Модель 3: доход и возраст жилья,620,129700.0,155208.41298931369
Модель 3: доход и возраст жилья,5348,204500.0,226888.3779634255
Модель 3: доход и возраст жилья,749,262500.0,183953.85241023672
Модель 3: доход и возраст жилья,9432,229100.0,251502.50512007403
Модель 3: доход и возраст жилья,12893,152400.0,242641.4216818875
Модель 3: доход и возраст жилья,8092,194600.0,180316.90994155422
Модель 3: доход и возраст жилья,4154,145800.0,155651.20185568728
Модель 3: доход и возраст жилья,6096,446600.0,420215.1568337301
Модель 3: доход и возраст жилья,11201,185100.0,199188.14579013595
Модель 3: доход и возраст жилья,4367,179500.0,235213.07443952153
Модель 3: доход и возраст жилья,14639,86500.0,157060.10077611764
Модель 3: доход и возраст жилья,7069,250000.0,132541.42890739816
Модель 3: доход и возраст жилья,16567,168300.0,203948.70785062318
Модель 3: доход и возраст жилья,10704,146300.0,204890.7355420917
Модель 3: доход и возраст жилья,1448,296100.0,194364.44294466844
Модель 3: доход и возраст жилья,11657,61800.0,151318.01552055785
Модель 3: доход и возраст жилья,528,189100.0,328384.3328001293
Модель 3: доход и возраст жилья,7440,232400.0,254702.57889159105
Модель 3: доход и возраст жилья,12256,114300.0,131869.547886194
Модель 3: доход и возраст жилья,9770,111300.0,186960.49394300138
Модель 3: доход и возраст жилья,11924,87000.0,173093.78218317253
Модель 3: доход и возраст жилья,576,134700.0,129744.15832425425
Модель 3: доход и возраст жилья,746,174800.0,189223.16396535464
Модель 3: доход и возраст жилья,4999,219500.0,230668.74845119973
Модель 3: доход и возраст жилья,4928,225700.0,262121.41546442127
Модель 3: доход и возраст жилья,6902,253400.0,187237.7862184648
Модель 3: доход и возраст жилья,7342,446800.0,253294.18784328515
Модель 3: доход и возраст жилья,2153,118500.0,186801.4253934238
Модель 3: доход и возраст жилья,8836,196100.0,237022.7096643709
Модель 3: доход и возраст жилья,584,177200.0,214670.23678582668
Модель 3: доход и возраст жилья,6777,185900.0,240722.49473765117
Модель 3: доход и возраст жилья,6190,350000.0,97808.40088854812
Модель 3: доход и возраст жилья,11967,126900.0,166366.05766235996
Модель 3: доход и возраст жилья,16246,273000.0,274089.4647528044
Модель 3: доход и возраст жилья,15279,182300.0,177912.5806036809
Модель 3: доход и возраст жилья,3240,299200.0,347774.3012895458
Модель 3: доход и возраст жилья,3778,219400.0,281548.3223990912
Модель 3: доход и возраст жилья,8591,203300.0,289811.17431711045
Модель 3: доход и возраст жилья,6856,94000.0,118369.71661373375
Модель 3: доход и возраст жилья,15532,129400.0,238720.46071602652
Модель 3: доход и возраст жилья,9079,57400.0,115198.38454256595
Модель 3: доход и возраст жилья,3330,174000.0,220066.00420719088
Модель 3: доход и возраст жилья,12325,164800.0,220840.24103432498
Модель 3: доход и возраст жилья,15149,228100.0,208924.77072168124
Модель 3: доход и возраст жилья,14933,112500.0,147251.85783203345
Модель 3: доход и возраст жилья,1015,94800.0,89413.69850492707
Модель 3: доход и возраст жилья,14958,126900.0,231043.03732869375
Модель 3: доход и возраст жилья,15980,500001.0,252348.8147386872
Модель 3: доход и возраст жилья,6409,99600.0,138297.63107707034
Модель 3: доход и возраст жилья,14024,202000.0,226842.73490114324
Модель 3: доход и возраст жилья,16589,257800.0,235725.65952167806
Модель 3: доход и возраст жилья,15889,212800.0,115202.48291501809
Модель 3: доход и возраст жилья,12847,113400.0,162770.92266843386
Модель 3: доход и возраст жилья,3221,170800.0,129331.87986180154
Модель 3: доход и возраст жилья,12858,167600.0,221691.43738016917
Модель 3: доход и возраст жилья,6768,231700.0,158718.63680682363
Модель 3: доход и возраст жилья,16956,79600.0,147289.82971926403
Модель 3: доход и возраст жилья,10144,55600.0,106312.65777648237
Модель 3: доход и возраст жилья,2314,116100.0,44589.47788224758
Модель 3: доход и возраст жилья,6147,84700.0,138030.58473273725
Модель 3: доход и возраст жилья,9451,118800.0,156413.63373986134
Модель 3: доход и возраст жилья,14016,253100.0,245384.04640533795
Модель 3: доход и возраст жилья,6038,139600.0,145431.71389112747
Модель 3: доход и возраст жилья,15170,500001.0,379822.1348924596
Модель 3: доход и возраст жилья,9808,83600.0,175269.24675568534
Модель 3: доход и возраст жилья,9573,68400.0,76249.15078075323
Модель 3: доход и возраст жилья,6582,162500.0,113422.88561742131
Модель 3: доход и возраст жилья,3494,213200.0,264394.87468548556
Модель 3: доход и возраст жилья,15075,252900.0,234093.0099525883
Модель 3: доход и возраст жилья,2873,87500.0,199077.31275664736
Модель 3: доход и возраст жилья,7359,267900.0,319120.44617356977
Модель 3: доход и возраст жилья,16080,225000.0,236331.05434477256
Модель 3: доход и возраст жилья,345,127900.0,116013.43079793554
Модель 3: доход и возраст жилья,11520,63600.0,171944.73090869185
Модель 3: доход и возраст жилья,1950,71500.0,124552.80433436735
Модель 3: доход и возраст жилья,10885,208300.0,180526.73567011513
Модель 3: доход и возраст жилья,16529,109400.0,92156.35862383367
Модель 3: доход и возраст жилья,15356,229200.0,207070.00030667416
Модель 3: доход и возраст жилья,14910,347600.0,300421.3446489728
Модель 3: доход и возраст жилья,12776,87500.0,155133.25756963142
Модель 3: доход и возраст жилья,10324,112500.0,111793.10898479268
Модель 3: доход и возраст жилья,5561,145800.0,226904.8068486902
Модель 3: доход и возраст жилья,5889,160200.0,150574.30679507277
Модель 3: доход и возраст жилья,10348,52600.0,159226.58024894728
Модель 3: доход и возраст жилья,4347,219000.0,257679.4452820294
Модель 3: доход и возраст жилья,13272,322300.0,240574.2330845127
Модель 3: доход и возраст жилья,10298,163500.0,156017.293988277
Модель 3: доход и возраст жилья,8050,500001.0,725768.614267367
Модель 3: доход и возраст жилья,8882,500001.0,334758.29570116475
Модель 3: доход и возраст жилья,11964,115300.0,214812.08809536064
Модель 3: доход и возраст жилья,16671,192000.0,136905.16104190465
Модель 3: доход и возраст жилья,16894,70700.0,73595.27282124483
Модель 3: доход и возраст жилья,15535,144600.0,225631.3488941893
Модель 3: доход и возраст жилья,15554,65800.0,127625.63388485921
Модель 3: доход и возраст жилья,6333,104100.0,164232.41826233166
Модель 3: доход и возраст жилья,13095,151900.0,258050.16135692384
Модель 3: доход и возраст жилья,4558,159600.0,255108.42931271115
Модель 3: доход и возраст жилья,3796,165500.0,247479.73161586377
Модель 3: доход и возраст жилья,16338,263800.0,216741.2609707273
Модель 3: доход и возраст жилья,13867,500001.0,485155.119867401
Модель 3: доход и возраст жилья,16645,161700.0,150020.19472081424
Модель 3: доход и возраст жилья,12686,500001.0,220417.22646634557
Модель 3: доход и возраст жилья,13344,366700.0,331171.9007197236
Модель 3: доход и возраст жилья,10815,72900.0,153372.89130284815
Модель 3: доход и возраст жилья,8651,315900.0,274622.3143077514
Модель 3: доход и возраст жилья,2685,121300.0,219912.8558268214
Модель 3: доход и возраст жилья,14759,367500.0,371720.8908846404
Модель 3: доход и возраст жилья,1259,159400.0,165993.55518616573
Модель 3: доход и возраст жилья,15001,350700.0,328914.62529672583
Модель 3: доход и возраст жилья,7210,122500.0,186223.1601656646
Модель 3: доход и возраст жилья,6243,296200.0,251630.01212602548
Модель 3: доход и возраст жилья,886,327900.0,333647.7595814953
Модель 3: доход и возраст жилья,15427,337800.0,259673.77273314618
Модель 3: доход и возраст жилья,4462,276200.0,229057.18710513558
Модель 3: доход и возраст жилья,10053,39600.0,94884.88413089985
Модель 3: доход и возраст жилья,9445,303200.0,278689.4523450687
Модель 3: доход и возраст жилья,9569,83800.0,183777.09414394727
Модель 3: доход и возраст жилья,1836,228900.0,234371.14367601485
Модель 3: доход и возраст жилья,14420,500001.0,348445.6567408974
Модель 3: доход и возраст жилья,7759,384800.0,217584.52335659353
Модель 3: доход и возраст жилья,2607,157200.0,216641.21713594973
Модель 3: доход и возраст жилья,11129,151400.0,247023.08862030413
Модель 3: доход и возраст жилья,2407,191700.0,118196.82933042629
Модель 3: доход и возраст жилья,11353,125000.0,212415.50072345138
Модель 3: доход и возраст жилья,11546,98200.0,152657.6437950579
Модель 3: доход и возраст жилья,14858,500001.0,573222.2650834186
Модель 3: доход и возраст жилья,11424,155300.0,227480.25223317262
Модель 3: доход и возраст жилья,15434,78800.0,118029.5640359445
Модель 3: доход и возраст жилья,14578,107900.0,140593.92952700378
Модель 3: доход и возраст жилья,9467,53300.0,96175.8044126426
Модель 3: доход и возраст жилья,11781,92800.0,236613.2687429232
Модель 3: доход и возраст жилья,14593,341700.0,300022.43014130974
Модель 3: доход и возраст жилья,11905,144400.0,201619.8675082708
Модель 3: доход и возраст жилья,12583,141700.0,198448.53543710298
Модель 3: доход и возраст жилья,8615,308400.0,376109.7742191685
Модель 3: доход и возраст жилья,8310,363200.0,261092.935282435
Модель 3: доход и возраст жилья,5649,152200.0,182859.42929772148
Модель 3: доход и возраст жилья,3129,212900.0,234613.56439017894
Модель 3: доход и возраст жилья,13181,361600.0,380190.2762112753
Модель 3: доход и возраст жилья,1885,114600.0,101889.95402036014
Модель 3: доход и возраст жилья,3949,167500.0,172140.23003139842
Модель 3: доход и возраст жилья,13596,134800.0,187650.57255304197
Модель 3: доход и возраст жилья,781,169800.0,222684.50273327544
Модель 3: доход и возраст жилья,13411,225800.0,279719.70123062655
Модель 3: доход и возраст жилья,14475,150600.0,178599.10410885004
Модель 3: доход и возраст жилья,6107,183800.0,136513.16474997063
Модель 3: доход и возраст жилья,12608,385700.0,217130.45511711255
Модель 3: доход и возраст жилья,10486,121200.0,137701.97431298165
Модель 3: доход и возраст жилья,7191,500001.0,231533.01057145116
Модель 3: доход и возраст жилья,12552,123200.0,121432.28253536718
Модель 3: доход и возраст жилья,81,58300.0,77863.30458062411
Модель 3: доход и возраст жилья,10705,67500.0,125108.47542045555
Модель 3: доход и возраст жилья,277,161100.0,181233.50595034676
Модель 3: доход и возраст жилья,9861,458600.0,225160.08111239283
Модель 3: доход и возраст жилья,13006,218000.0,135397.7419030702
Модель 3: доход и возраст жилья,5640,206300.0,172191.2676930362
Модель 3: доход и возраст жилья,7104,115200.0,166990.96399892235
Модель 3: доход и возраст жилья,1669,111300.0,154658.92485735987
Модель 3: доход и возраст жилья,15116,371300.0,394141.6009671379
Модель 3: доход и возраст жилья,9179,77400.0,146383.7601242562
Модель 3: доход и возраст жилья,12118,71000.0,125515.34158582463
Модель 3: доход и возраст жилья,1041,87500.0,115170.69398192188
Модель 3: доход и возраст жилья,1810,326500.0,179851.7720207078
Модель 3: доход и возраст жилья,11750,92600.0,224481.01909053334
Модель 3: доход и возраст жилья,13415,332500.0,329200.6398869461
Модель 3: доход и возраст жилья,8606,500001.0,659705.2944268179
Модель 3: доход и возраст жилья,10345,158300.0,219260.74910401143
Модель 3: доход и возраст жилья,9938,353000.0,157268.68337095948
Модель 3: доход и возраст жилья,4042,187500.0,158009.83503809402
Модель 3: доход и возраст жилья,6354,247500.0,142037.73540418973
Модель 3: доход и возраст жилья,7199,161500.0,158637.82400285953
Модель 3: доход и возраст жилья,13226,283300.0,319953.9705004301
Модель 3: доход и возраст жилья,16041,281300.0,256736.1567591137
Модель 3: доход и возраст жилья,2275,134100.0,140258.13810659296
Модель 3: доход и возраст жилья,13566,258300.0,326356.9024912849
Модель 3: доход и возраст жилья,4982,255400.0,263014.17419782374
Модель 3: доход и возраст жилья,5137,169500.0,153796.93931280464
Модель 3: доход и возраст жилья,11288,163200.0,144983.05794873007
Модель 3: доход и возраст жилья,6045,190600.0,132284.13831979898
Модель 3: доход и возраст жилья,16218,348500.0,248175.18712753177
Модель 3: доход и возраст жилья,12643,500001.0,275507.34877291793
Модель 3: доход и возраст жилья,12558,253500.0,254845.74412575646
Модель 3: доход и возраст жилья,16070,500000.0,197981.36602775863
Модель 3: доход и возраст жилья,13214,166700.0,191699.26791432456
Модель 3: доход и возраст жилья,2616,159900.0,189065.89951480494
Модель 3: доход и возраст жилья,16138,235900.0,228649.26980006136
Модель 3: доход и возраст жилья,14796,500001.0,478574.6412554779
Модель 3: доход и возраст жилья,6853,136300.0,171625.08789089136
Модель 3: доход и возраст жилья,13474,500001.0,459942.7611905852
Модель 3: доход и возраст жилья,12092,82700.0,186874.0060570274
Модель 3: доход и возраст жилья,15685,456300.0,384746.38944482914
Модель 3: доход и возраст жилья,52,60800.0,136200.17716297283
Модель 3: доход и возраст жилья,13840,443800.0,383424.1881021147
Модель 3: доход и возраст жилья,3649,232500.0,242073.92795511123
Модель 3: доход и возраст жилья,16815,149300.0,117790.47103718173
Модель 3: доход и возраст жилья,6877,200000.0,158655.77650449777
Модель 3: доход и возраст жилья,13595,129500.0,132661.24704056987
Модель 3: доход и возраст жилья,3807,215400.0,216636.08532152054
Модель 3: доход и возраст жилья,11991,160900.0,145654.1329174273
Модель 3: доход и возраст жилья,15151,275000.0,262833.0370764277
Модель 3: доход и возраст жилья,12744,116300.0,135752.2918776262
Модель 3: доход и возраст жилья,2545,348000.0,351170.38205589383
Модель 3: доход и возраст жилья,7807,500001.0,288920.4647699341
Модель 3: доход и возраст жилья,6610,92300.0,107105.86284950365
Модель 3: доход и возраст жилья,2706,106300.0,139740.94677985983
Модель 3: доход и возраст жилья,15570,140300.0,184107.22818007632
Модель 3: доход и возраст жилья,1173,249500.0,287811.22487716796
Модель 3: доход и возраст жилья,2297,112500.0,585432.4899987675
Модель 3: доход и возраст жилья,4874,208100.0,163410.20870403489
Модель 3: доход и возраст жилья,5412,198600.0,165313.49511778538
Модель 3: доход и возраст жилья,7645,331800.0,245415.87073389033
Модель 3: доход и возраст жилья,227,85200.0,161619.3320333307
Модель 3: доход и возраст жилья,16631,94200.0,131862.3845832668
Модель 3: доход и возраст жилья,2769,298500.0,294197.7633782142
Модель 3: доход и возраст жилья,1252,188600.0,257556.05434625814
Модель 3: доход и возраст жилья,8002,500001.0,262321.5208317045
Модель 3: доход и возраст жилья,9871,326800.0,235173.82402311568
Модель 3: доход и возраст жилья,1824,83800.0,191690.00233198702
Модель 3: доход и возраст жилья,9238,113700.0,162245.02672467194
Модель 3: доход и возраст жилья,2798,74800.0,133680.72442514487
Модель 3: доход и возраст жилья,4185,180800.0,176830.0155273099
Модель 3: доход и возраст жилья,16226,318400.0,268686.4809353287
Модель 3: доход и возраст жилья,1911,90000.0,161733.98295661702
Модель 3: доход и возраст жилья,7364,385900.0,244957.94920915543
Модель 3: доход и возраст жилья,7850,151600.0,192934.24610947043
Модель 3: доход и возраст жилья,6813,175000.0,118574.70870824796
Модель 3: доход и возраст жилья,2157,91300.0,79701.15593597009
Модель 3: доход и возраст жилья,11331,112500.0,100957.17421350107
Модель 3: доход и возраст жилья,8686,215600.0,230062.5475755983
Модель 3: доход и возраст жилья,6996,131000.0,205560.5319816136
Модель 3: доход и возраст жилья,14833,247200.0,180190.40098212362
Модель 3: доход и возраст жилья,7909,411200.0,293997.8854004012
Модель 3: доход и возраст жилья,2648,167500.0,138549.3350713
Модель 3: доход и возраст жилья,7305,179400.0,232718.73750625903
Модель 3: доход и возраст жилья,1371,145200.0,160475.65766047742
Модель 3: доход и возраст жилья,1513,224700.0,286992.6058191988
Модель 3: доход и возраст жилья,15593,243100.0,265092.15199390956
Модель 3: доход и возраст жилья,3368,225000.0,132747.43674616134
Модель 3: доход и возраст жилья,16842,71500.0,92889.54093553407
Модель 3: доход и возраст жилья,5992,162500.0,252294.69444884628
Модель 3: доход и возраст жилья,14074,101000.0,171271.34396884227
Модель 3: доход и возраст жилья,10362,259800.0,213233.36682209786
Модель 3: доход и возраст жилья,948,170000.0,217947.25237832573
Модель 3: доход и возраст жилья,3477,138200.0,222319.4440426628
Модель 3: доход и возраст жилья,4487,165600.0,122753.71322103082
Модель 3: доход и возраст жилья,6593,156300.0,161370.97345223042
Модель 3: доход и возраст жилья,15707,192300.0,226034.62455923072
Модель 3: доход и возраст жилья,16785,171900.0,163260.66852172112
Модель 3: доход и возраст жилья,16533,172600.0,192270.053961046
Модель 3: доход и возраст жилья,15230,187500.0,150090.2183260673
Модель 3: доход и возраст жилья,3142,196000.0,210790.08524820118
Модель 3: доход и возраст жилья,5375,170500.0,150543.51590849747
Модель 3: доход и возраст жилья,10277,97600.0,152852.63504563997
Модель 3: доход и возраст жилья,9934,61800.0,113337.7293538069
Модель 3: доход и возраст жилья,2817,161800.0,262157.8637352784
Модель 3: доход и возраст жилья,16219,336100.0,270831.3997084644
Модель 3: доход и возраст жилья,7849,116100.0,133311.8124492783
Модель 3: доход и возраст жилья,13237,289300.0,181552.88618322098
Модель 3: доход и возраст жилья,8160,500001.0,247109.8038957482
Модель 3: доход и возраст жилья,14173,352500.0,193197.9470406741
Модель 3: доход и возраст жилья,1182,196300.0,171822.39111262574
Модель 3: доход и возраст жилья,95,96300.0,192148.7299092289
Модель 3: доход и возраст жилья,2894,93300.0,121627.50117541935
Модель 3: доход и возраст жилья,13487,130600.0,185575.4322979611
Модель 3: доход и возраст жилья,1117,232800.0,222728.90266183863
Модель 3: доход и возраст жилья,13498,425100.0,425385.4756937756
Модель 3: доход и возраст жилья,6644,205100.0,215456.01577099448
Модель 3: доход и возраст жилья,3056,150400.0,182624.71515406523
Модель 3: доход и возраст жилья,2459,414000.0,249080.03128654862
Модель 3: доход и возраст жилья,9199,63200.0,150432.9456599352
Модель 3: доход и возраст жилья,15600,114600.0,218592.44088540677
Модель 3: доход и возраст жилья,13132,321100.0,282436.47488791705
Модель 3: доход и возраст жилья,8952,195700.0,293888.3485938159
Модель 3: доход и возраст жилья,6097,429100.0,267646.4939907649
Модель 3: доход и возраст жилья,15574,88300.0,106732.09954186222
Модель 3: доход и возраст жилья,9765,500001.0,319648.4266990139
Модель 3: доход и возраст жилья,6050,170900.0,157072.93916105476
Модель 3: доход и возраст жилья,11277,76200.0,108122.555786258
Модель 3: доход и возраст жилья,14239,373400.0,272300.3567856719
Модель 3: доход и возраст жилья,7660,227800.0,231079.20511689648
Модель 3: доход и возраст жилья,2440,203400.0,239762.30485280242
Модель 3: доход и возраст жилья,1240,241500.0,287029.0363923278
Модель 3: доход и возраст жилья,1630,422200.0,288825.3076623875
Модель 3: доход и возраст жилья,11949,242000.0,450836.1567123034
Модель 3: доход и возраст жилья,14843,500001.0,558773.5056014889
Модель 3: доход и возраст жилья,14859,390100.0,434243.96667815535
Модель 3: доход и возраст жилья,9373,185400.0,181605.2200717621
Модель 3: доход и возраст жилья,15583,500001.0,367895.1224217821
Модель 3: доход и возраст жилья,9794,60600.0,139687.33436214342
Модель 3: доход и возраст жилья,14698,460200.0,257807.19737517906
Модель 3: доход и возраст жилья,11541,173300.0,276485.01868273655
Модель 3: доход и возраст жилья,1595,170600.0,240305.90821100434
Модель 3: доход и возраст жилья,16951,67500.0,151380.84042742752
Модель 3: доход и возраст жилья,10647,71900.0,131219.75313453632
Модель 3: доход и возраст жилья,7537,204500.0,173213.07474649165
Модель 3: доход и возраст жилья,15313,375700.0,284831.52094572474
Модель 3: доход и возраст жилья,11358,135300.0,200635.26168499512
Модель 3: доход и возраст жилья,5601,500001.0,725768.614267367
Модель 3: доход и возраст жилья,16707,178500.0,188648.22645299678
Модель 3: доход и возраст жилья,9600,93200.0,173419.34537018117
Модель 3: доход и возраст жилья,5118,461500.0,227824.24039848772
Модель 3: доход и возраст жилья,8060,427300.0,288220.36761823326
Модель 3: доход и возраст жилья,7565,334400.0,264057.76934044325
Модель 3: доход и возраст жилья,4660,147100.0,158073.1855148163
Модель 3: доход и возраст жилья,14368,331600.0,171575.85432828145
Модель 3: доход и возраст жилья,2715,140200.0,155732.78531670212
Модель 3: доход и возраст жилья,3525,178500.0,206380.44726648612
Модель 3: доход и возраст жилья,440,120800.0,74035.74971646605
Модель 3: доход и возраст жилья,8061,344200.0,210932.7072147859
Модель 3: доход и возраст жилья,16000,237500.0,120808.88211745018
Модель 3: доход и возраст жилья,1393,71300.0,127337.79749788297
Модель 3: доход и возраст жилья,8834,229800.0,301354.1421535599
Модель 3: доход и возраст жилья,1900,247700.0,165563.34191980294
Модель 3: доход и возраст жилья,14752,71000.0,129256.46165719301
Модель 3: доход и возраст жилья,16465,193800.0,149813.67900992653
Модель 3: доход и возраст жилья,14768,203300.0,235968.57041023855
Модель 3: доход и возраст жилья,13108,193000.0,229372.18848290332
Модель 3: доход и возраст жилья,432,87000.0,156855.40686198595
Модель 3: доход и возраст жилья,7017,216700.0,112518.35733651505
Модель 3: доход и возраст жилья,450,76900.0,119659.09558137492
Модель 3: доход и возраст жилья,3414,176700.0,202760.93172958924
Модель 3: доход и возраст жилья,1564,493300.0,298499.91373957007
Модель 3: доход и возраст жилья,8913,500001.0,220888.96672481037
Модель 3: доход и возраст жилья,9338,112500.0,161057.5133885643
Модель 3: доход и возраст жилья,7032,396400.0,321487.0310136826
Модель 3: доход и возраст жилья,9612,48000.0,95602.95148196699
Модель 3: доход и возраст жилья,5646,154500.0,134491.1290404817
Модель 3: доход и возраст жилья,4629,239900.0,224846.11317660217
Модель 3: доход и возраст жилья,2778,349100.0,362634.5685768773
Модель 3: доход и возраст жилья,10506,98700.0,129965.2811236507
Модель 3: доход и возраст жилья,8125,271100.0,141458.9800020341
Модель 3: доход и возраст жилья,15550,500001.0,485409.8356989216
Модель 3: доход и возраст жилья,12730,168400.0,238890.300766587
Модель 3: доход и возраст жилья,9170,73700.0,164507.17117717263
Модель 3: доход и возраст жилья,3475,151400.0,194358.52277546035
Модель 3: доход и возраст жилья,12813,374100.0,353643.91124878515
Модель 3: доход и возраст жилья,10429,104600.0,137702.23709790796
Модель 3: доход и возраст жилья,16389,435200.0,248220.09492821945
Модель 3: доход и возраст жилья,16059,333300.0,204093.64178836028
Модель 3: доход и возраст жилья,16826,122100.0,207502.28045699108
Модель 3: доход и возраст жилья,9053,73100.0,180825.08077314802
Модель 3: доход и возраст жилья,8113,173700.0,225273.22611703372
Модель 3: доход и возраст жилья,1383,262500.0,134032.4191609679
Модель 3: доход и возраст жилья,15950,324300.0,297443.182031631
Модель 3: доход и возраст жилья,13816,232800.0,206940.44411449658
Модель 3: доход и возраст жилья,13612,215400.0,250293.956654125
Модель 3: доход и возраст жилья,11639,91100.0,114947.76708349757
Модель 3: доход и возраст жилья,7022,361700.0,272957.87580556545
Модель 3: доход и возраст жилья,11378,162500.0,178135.7879847596
Модель 3: доход и возраст жилья,13139,94600.0,196307.1894665668
Модель 3: доход и возраст жилья,1735,131300.0,127604.10858062145
Модель 3: доход и возраст жилья,1532,254400.0,189810.11611241454
Модель 3: доход и возраст жилья,9815,88300.0,144810.64314209094
Модель 3: доход и возраст жилья,998,96000.0,139730.4203660751
Модель 3: доход и возраст жилья,15471,272900.0,180469.2522694167
Модель 3: доход и возраст жилья,1499,200000.0,215388.79431129017
Модель 3: доход и возраст жилья,1508,90900.0,204552.85953999858
Модель 3: доход и возраст жилья,279,66300.0,140873.56916907578
Модель 3: доход и возраст жилья,14303,500001.0,477606.46431746695
Модель 3: доход и возраст жилья,8151,500001.0,255682.05290043753
Модель 3: доход и возраст жилья,16972,70500.0,148778.2629144832
Модель 3: доход и возраст жилья,12055,102800.0,146952.7420719498
Модель 3: доход и возраст жилья,15429,376800.0,286520.5496826235
Модель 3: доход и возраст жилья,1661,180900.0,210558.96160487263
Модель 3: доход и возраст жилья,10417,107100.0,161772.23532650198
Модель 3: доход и возраст жилья,4630,326100.0,292457.62618876534
Модель 3: доход и возраст жилья,7754,384600.0,285636.2681767797
Модель 3: доход и возраст жилья,2420,231700.0,234555.08294295962
Модель 3: доход и возраст жилья,4831,176300.0,182685.24578751062
Модель 3: доход и возраст жилья,15287,119400.0,205082.59107128633
Модель 3: доход и возраст жилья,12330,180200.0,251362.19512464158
Модель 3: доход и возраст жилья,4263,176000.0,160985.1601144308
Модель 3: доход и возраст жилья,15145,130000.0,138412.8252679373
Модель 3: доход и возраст жилья,16181,500001.0,539981.7686322398
Модель 3: доход и возраст жилья,2361,143400.0,248895.05857762674
Модель 3: доход и возраст жилья,2344,141100.0,210552.7963484663
Модель 3: доход и возраст жилья,12778,122200.0,165634.94223461373
Модель 3: доход и возраст жилья,11984,162700.0,199482.12973579037
Модель 3: доход и возраст жилья,14879,272800.0,175855.16546076816
Модель 3: доход и возраст жилья,12578,222500.0,200991.5980608509
Модель 3: доход и возраст жилья,14275,153500.0,191673.3283595241
Модель 3: доход и возраст жилья,15246,438800.0,260182.78501270316
Модель 3: доход и возраст жилья,1058,190500.0,155925.46459613182
Модель 3: доход и возраст жилья,14653,85400.0,174315.1690340586
Модель 3: доход и возраст жилья,1815,93300.0,143819.66237066692
Модель 3: доход и возраст жилья,9231,86200.0,135155.5662761043
Модель 3: доход и возраст жилья,6576,225000.0,149111.49727654346
Модель 3: доход и возраст жилья,5623,148600.0,148908.34467651334
Модель 3: доход и возраст жилья,4924,219600.0,248841.6912471085
Модель 3: доход и возраст жилья,10861,201300.0,140326.62039774444
Модель 3: доход и возраст жилья,13449,264100.0,266448.20915367425
Модель 3: доход и возраст жилья,14014,312300.0,187254.9857607803
Модель 3: доход и возраст жилья,2499,500001.0,203944.87226309732
Модель 3: доход и возраст жилья,16912,150000.0,68198.97983002802
Модель 3: доход и возраст жилья,14636,97700.0,164235.74597773305
Модель 3: доход и возраст жилья,8944,302700.0,267099.82570208795
Модель 3: доход и возраст жилья,16303,187500.0,150628.18199771547
Модель 3: доход и возраст жилья,14370,197600.0,270237.02147355105
Модель 3: доход и возраст жилья,6090,234800.0,203165.74870873225
Модель 3: доход и возраст жилья,15907,500000.0,225566.94727776188
Модель 3: доход и возраст жилья,333,146300.0,124435.35126553228
Модель 3: доход и возраст жилья,8374,500001.0,224162.6722996362
Модель 3: доход и возраст жилья,4783,414800.0,350201.13628044963
Модель 3: доход и возраст жилья,7819,322900.0,234339.3016497344
Модель 3: доход и возраст жилья,4137,247200.0,265167.8329834444
Модель 3: доход и возраст жилья,15726,300000.0,161667.26936903724
Модель 3: доход и возраст жилья,3606,307600.0,178765.07317642853
Модель 3: доход и возраст жилья,675,139800.0,207231.13574020585
Модель 3: доход и возраст жилья,5952,145000.0,168662.057931911
Модель 3: доход и возраст жилья,3375,232000.0,297218.9943017595
Модель 3: доход и возраст жилья,437,152500.0,129088.44340338848
Модель 3: доход и возраст жилья,491,195900.0,233008.39568999122
Модель 3: доход и возраст жилья,13838,287300.0,337628.4628260229
Модель 3: доход и возраст жилья,2189,112600.0,168214.43543149068
Модель 3: доход и возраст жилья,4802,250200.0,235437.29756484923
Модель 3: доход и возраст жилья,5668,213800.0,231066.89230181198
Модель 3: доход и возраст жилья,9864,237500.0,143298.0744910992
